{"type": "FeatureCollection", "name": "Natural_Earth_10m_India_Coastline", "features": [{"type": "Feature", "properties": {"source": "Natural Earth 10m Physical Coastline (Indian Subcontinent & EEZ)"}, "geometry": {"type": "LineString", "coordinates": [[81.875987, 7.091946], [81.880707, 7.327094], [81.855724, 7.412177], [81.840343, 7.436469], [81.838064, 7.457668], [81.834972, 7.465562], [81.82602, 7.474189], [81.820486, 7.476508], [81.818696, 7.473375], [81.820893, 7.467108], [81.821462, 7.465562], [81.821462, 7.465522], [81.821462, 7.458726], [81.815278, 7.450344], [81.811046, 7.438544], [81.808604, 7.424709], [81.807791, 7.410712], [81.807791, 7.410346], [81.800955, 7.410346], [81.800792, 7.410346], [81.801036, 7.425198], [81.793386, 7.465522], [81.793305, 7.465562], [81.78712, 7.465562], [81.779063, 7.455308], [81.771007, 7.456977], [81.77003, 7.460842], [81.769054, 7.464626], [81.769054, 7.464667], [81.779796, 7.472357], [81.772472, 7.478827], [81.769542, 7.484524], [81.769298, 7.485175], [81.767589, 7.49018], [81.762706, 7.496568], [81.757579, 7.505439], [81.761892, 7.511542], [81.769054, 7.517035], [81.77296, 7.523912], [81.77296, 7.523912], [81.771821, 7.527818], [81.7671, 7.537502], [81.766938, 7.537909], [81.766124, 7.540676], [81.771821, 7.565985], [81.77296, 7.567979], [81.77296, 7.56802], [81.754568, 7.614569], [81.749034, 7.622545], [81.725841, 7.639594], [81.714041, 7.643744], [81.714041, 7.643663], [81.717784, 7.630072], [81.717784, 7.630072], [81.711599, 7.622545], [81.706798, 7.631985], [81.705089, 7.638861], [81.706391, 7.644599], [81.711518, 7.650499], [81.711599, 7.650539], [81.700694, 7.668606], [81.690278, 7.680487], [81.677013, 7.692816], [81.663748, 7.705146], [81.665294, 7.715847], [81.665294, 7.715888], [81.662771, 7.71894], [81.659028, 7.723334], [81.659028, 7.723334], [81.648204, 7.728705], [81.636404, 7.7331], [81.628917, 7.722886], [81.618988, 7.719224], [81.607432, 7.720852], [81.59547, 7.726264], [81.59547, 7.726264], [81.60255, 7.74844], [81.612966, 7.759019], [81.624766, 7.760037], [81.626475, 7.760199], [81.626638, 7.760199], [81.64324, 7.754136], [81.656098, 7.743109], [81.680675, 7.712063], [81.690929, 7.705146], [81.69101, 7.705186], [81.713145, 7.711819], [81.710704, 7.731147], [81.696788, 7.752997], [81.653656, 7.797756], [81.651215, 7.801744], [81.643321, 7.814643], [81.636404, 7.835517], [81.629568, 7.835517], [81.608409, 7.831692], [81.608246, 7.831692], [81.593923, 7.848049], [81.587576, 7.855292], [81.575857, 7.88939], [81.578787, 7.900295], [81.581716, 7.9112], [81.583588, 7.91234], [81.58546, 7.91352], [81.588471, 7.915554], [81.590831, 7.917141], [81.59547, 7.917426], [81.588145, 7.929429], [81.580089, 7.935574], [81.567719, 7.944973], [81.56072, 7.958401], [81.560476, 7.964423], [81.560313, 7.970649], [81.563813, 7.978705], [81.565929, 7.986802], [81.56308, 7.993638], [81.56072, 7.999254], [81.56072, 7.999335], [81.555512, 7.995347], [81.545258, 7.990465], [81.540294, 7.986396], [81.540212, 7.986314], [81.539561, 7.99079], [81.538422, 7.992784], [81.538097, 7.993394], [81.536143, 7.995754], [81.533946, 7.999335], [81.538341, 8.004299], [81.533946, 8.013617], [81.531016, 8.009019], [81.524587, 8.004218], [81.519705, 7.999335], [81.507335, 8.027574], [81.500173, 8.039374], [81.489024, 8.0515], [81.480642, 8.065375], [81.472423, 8.101467], [81.470714, 8.10456], [81.464366, 8.116034], [81.458263, 8.116034], [81.452403, 8.09455], [81.435639, 8.093166], [81.435557, 8.093166], [81.417979, 8.105943], [81.409841, 8.126899], [81.408132, 8.130032], [81.408051, 8.130072], [81.399587, 8.132636], [81.396251, 8.136542], [81.394786, 8.142564], [81.394786, 8.147528], [81.394786, 8.14761], [81.395518, 8.150458], [81.396251, 8.150133], [81.39503, 8.160102], [81.396251, 8.191799], [81.403575, 8.191799], [81.418793, 8.150051], [81.420258, 8.144232], [81.430349, 8.103013], [81.430349, 8.103135], [81.448497, 8.127997], [81.440603, 8.173529], [81.41977, 8.243394], [81.416677, 8.25377], [81.416677, 8.253852], [81.414561, 8.270087], [81.413259, 8.274482], [81.40561, 8.301011], [81.399262, 8.33926], [81.38852, 8.344062], [81.375011, 8.344062], [81.374848, 8.344062], [81.368744, 8.34691], [81.362071, 8.350043], [81.356619, 8.362494], [81.356212, 8.364976], [81.35141, 8.397447], [81.351817, 8.40469], [81.363455, 8.399075], [81.37672, 8.372545], [81.389415, 8.363715], [81.389415, 8.363715], [81.388927, 8.377183], [81.388438, 8.390611], [81.372813, 8.442125], [81.365733, 8.482164], [81.357432, 8.495836], [81.346365, 8.507554], [81.334239, 8.514472], [81.334158, 8.514553], [81.32309, 8.515326], [81.312673, 8.512152], [81.286388, 8.50023], [81.296641, 8.476793], [81.281098, 8.467027], [81.235118, 8.466132], [81.213145, 8.472398], [81.19752, 8.487494], [81.184581, 8.505601], [81.170258, 8.520697], [81.149425, 8.503648], [81.133962, 8.501288], [81.129405, 8.510321], [81.142345, 8.527574], [81.159028, 8.534573], [81.176524, 8.530585], [81.193858, 8.519965], [81.204763, 8.511542], [81.210623, 8.507066], [81.210623, 8.507107], [81.218028, 8.522528], [81.214122, 8.53266], [81.207042, 8.542141], [81.204356, 8.555487], [81.21225, 8.572699], [81.223318, 8.570868], [81.223318, 8.570828], [81.229991, 8.557929], [81.224864, 8.541815], [81.224946, 8.541815], [81.249766, 8.545803], [81.249766, 8.545803], [81.246593, 8.570136], [81.224946, 8.616848], [81.224864, 8.616929], [81.221121, 8.614936], [81.219249, 8.613918], [81.211762, 8.612006], [81.204519, 8.610175], [81.204356, 8.610093], [81.213878, 8.621039], [81.224294, 8.6258], [81.231619, 8.633043], [81.2317, 8.651068], [81.222423, 8.666002], [81.194591, 8.696112], [81.194591, 8.696112], [81.19752, 8.705715], [81.187836, 8.710964], [81.187755, 8.711005], [81.182302, 8.712226], [81.179047, 8.708482], [81.176524, 8.698879], [81.162446, 8.751166], [81.150157, 8.777167], [81.12558, 8.788235], [81.125499, 8.788275], [81.119721, 8.794338], [81.114268, 8.799994], [81.092784, 8.85163], [81.078136, 8.863349], [81.059825, 8.868638], [81.046723, 8.882148], [81.014659, 8.936713], [80.978526, 8.979967], [80.978363, 8.980048], [80.97169, 8.963568], [80.961436, 8.945746], [80.947602, 8.932929], [80.930675, 8.931627], [80.914968, 8.943874], [80.914887, 8.943915], [80.924327, 8.955024], [80.934988, 8.96483], [80.935069, 8.964911], [80.923188, 8.973212], [80.922862, 8.992255], [80.886729, 9.025784], [80.88266, 9.031399], [80.875336, 9.04149], [80.891287, 9.034247], [80.918712, 9.027248], [80.930675, 9.020982], [80.941661, 9.003485], [80.944347, 9.000556], [80.953624, 9.003852], [80.958263, 9.010891], [80.958344, 9.01789], [80.956065, 9.019802], [80.9546, 9.020982], [80.935313, 9.033433], [80.916352, 9.062161], [80.902192, 9.094184], [80.901622, 9.096666], [80.896495, 9.116523], [80.896495, 9.116604], [80.891938, 9.11343], [80.88852, 9.111802], [80.885509, 9.10932], [80.882172, 9.103583], [80.875499, 9.103583], [80.875336, 9.103583], [80.87322, 9.12523], [80.873057, 9.126451], [80.858572, 9.135484], [80.842296, 9.138129], [80.834483, 9.14175], [80.840099, 9.155992], [80.853363, 9.155748], [80.874522, 9.147976], [80.882172, 9.145168], [80.882172, 9.145209], [80.844168, 9.220404], [80.834483, 9.239488], [80.823904, 9.270494], [80.817393, 9.274848], [80.803559, 9.271633], [80.801036, 9.263251], [80.801036, 9.26321], [80.805919, 9.251899], [80.813975, 9.239488], [80.813894, 9.239529], [80.79363, 9.250556], [80.74171, 9.298489], [80.740408, 9.301011], [80.736501, 9.308987], [80.744395, 9.311347], [80.762462, 9.308417], [80.762543, 9.308336], [80.768321, 9.305406], [80.778819, 9.291978], [80.778982, 9.291938], [80.779796, 9.291571], [80.786632, 9.28852], [80.786713, 9.28856], [80.798839, 9.294867], [80.785167, 9.312405], [80.763682, 9.332424], [80.752452, 9.346259], [80.745453, 9.357896], [80.744395, 9.359687], [80.468272, 9.581366], [80.42921, 9.603461], [80.409923, 9.617499], [80.278982, 9.769843], [80.269786, 9.783515], [80.26059, 9.81623], [80.246755, 9.825873], [80.226817, 9.829576], [80.185395, 9.827541], [80.164561, 9.824083], [80.157725, 9.822943], [80.136729, 9.81391], [80.138682, 9.798733], [80.153819, 9.787991], [80.211192, 9.774563], [80.211192, 9.774522], [80.247813, 9.755072], [80.319835, 9.672756], [80.407725, 9.601508], [80.444021, 9.583319], [80.444021, 9.575914], [80.444021, 9.575873], [80.441742, 9.57689], [80.36964, 9.609849], [80.338552, 9.629218], [80.250336, 9.72427], [80.222341, 9.754462], [80.219005, 9.756374], [80.211274, 9.76085], [80.211192, 9.760891], [80.207774, 9.760403], [80.202891, 9.759711], [80.199636, 9.758734], [80.191173, 9.756171], [80.180431, 9.755805], [80.175955, 9.764594], [80.170909, 9.767279], [80.146983, 9.773383], [80.138682, 9.774563], [80.130138, 9.77733], [80.127208, 9.784613], [80.127208, 9.784613], [80.128184, 9.805569], [80.122325, 9.818915], [80.107432, 9.820624], [80.066661, 9.816107], [79.988536, 9.822943], [79.988455, 9.822943], [79.970714, 9.815131], [79.931326, 9.779039], [79.909679, 9.768297], [79.91627, 9.756781], [79.926524, 9.743516], [79.930431, 9.738471], [79.937022, 9.727362], [79.940929, 9.714342], [79.942882, 9.702826], [79.947032, 9.693183], [79.958018, 9.685736], [79.959239, 9.692816], [79.967296, 9.689602], [79.975922, 9.684068], [79.978201, 9.682685], [79.978201, 9.682685], [80.000987, 9.674709], [80.039317, 9.644843], [80.087413, 9.618354], [80.111339, 9.608466], [80.13559, 9.603827], [80.124685, 9.616034], [80.104991, 9.63288], [80.094086, 9.644761], [80.094005, 9.644843], [80.115489, 9.635728], [80.152843, 9.603461], [80.172048, 9.593573], [80.178722, 9.588039], [80.186046, 9.584133], [80.193614, 9.586412], [80.199962, 9.599189], [80.193614, 9.609076], [80.182872, 9.617174], [80.175955, 9.624335], [80.173595, 9.648668], [80.186046, 9.648505], [80.2046, 9.637885], [80.256033, 9.615587], [80.266938, 9.610826], [80.267019, 9.610826], [80.297537, 9.591254], [80.368663, 9.530219], [80.37794, 9.527533], [80.410411, 9.528388], [80.415701, 9.527493], [80.428966, 9.517768], [80.432872, 9.519761], [80.435069, 9.523383], [80.436209, 9.525092], [80.444021, 9.528062], [80.456391, 9.528713], [80.46461, 9.52912], [80.471446, 9.528062], [80.478282, 9.524075], [80.496349, 9.510484], [80.49936, 9.50906], [80.502452, 9.507636], [80.523285, 9.50316], [80.546723, 9.492418], [80.614757, 9.446194], [80.614594, 9.446194], [80.567149, 9.455227], [80.504242, 9.483303], [80.450938, 9.49787], [80.426606, 9.50019], [80.336274, 9.464667], [80.286876, 9.452704], [80.265961, 9.466661], [80.26588, 9.466702], [80.272146, 9.473456], [80.268565, 9.480292], [80.26588, 9.487128], [80.278087, 9.493272], [80.278087, 9.493313], [80.272227, 9.504136], [80.248546, 9.524644], [80.233409, 9.534247], [80.175955, 9.54857], [80.115733, 9.583238], [80.085216, 9.595364], [80.052989, 9.596381], [80.067882, 9.57803], [80.141856, 9.53498], [80.161306, 9.520575], [80.176036, 9.506171], [80.181814, 9.498521], [80.187511, 9.490871], [80.197032, 9.473456], [80.185557, 9.471666], [80.176524, 9.468329], [80.1692, 9.464016], [80.165375, 9.461086], [80.162852, 9.459215], [80.14088, 9.430325], [80.131847, 9.425727], [80.111664, 9.422756], [80.087087, 9.414984], [80.064952, 9.404039], [80.052989, 9.391547], [80.053477, 9.378241], [80.058279, 9.354804], [80.059418, 9.351386], [80.066173, 9.332587], [80.076915, 9.322659], [80.104503, 9.308417], [80.104503, 9.308417], [80.116222, 9.30622], [80.116222, 9.306179], [80.118175, 9.300442], [80.115977, 9.291938], [80.115977, 9.233832], [80.109793, 9.209459], [80.106781, 9.197414], [80.105642, 9.192857], [80.073497, 9.110419], [80.066661, 9.075629], [80.054698, 9.050605], [80.048025, 9.026272], [80.035411, 9.015326], [80.005138, 9.000556], [79.947113, 8.948676], [79.938243, 8.94599], [79.924815, 8.943508], [79.915538, 8.938544], [79.919607, 8.928534], [79.924815, 8.919745], [79.927745, 8.908108], [79.930186, 8.884467], [79.930186, 8.884426], [79.930186, 8.88349], [79.928396, 8.81269], [79.926443, 8.801907], [79.950531, 8.739814], [79.941661, 8.642483], [79.932384, 8.622463], [79.930186, 8.613511], [79.929454, 8.61282], [79.928071, 8.611518], [79.918142, 8.580919], [79.916515, 8.575995], [79.903494, 8.562079], [79.88738, 8.551215], [79.87379, 8.538072], [79.868012, 8.517646], [79.868012, 8.47602], [79.865896, 8.461412], [79.86085, 8.454779], [79.854259, 8.449286], [79.848155, 8.438178], [79.838634, 8.340522], [79.829275, 8.298651], [79.827159, 8.277737], [79.824474, 8.266669], [79.811371, 8.249661], [79.806651, 8.24018], [79.804698, 8.22899], [79.804698, 8.22899], [79.806651, 8.224921], [79.808604, 8.22309], [79.810232, 8.221625], [79.812918, 8.214504], [79.813487, 8.212877], [79.813487, 8.212633], [79.813813, 8.204088], [79.812673, 8.183336], [79.813487, 8.171291], [79.81658, 8.163804], [79.821544, 8.156643], [79.825857, 8.148098], [79.827159, 8.136542], [79.827159, 8.136542], [79.793468, 8.072821], [79.796397, 8.061998], [79.806407, 8.05565], [79.815278, 8.044582], [79.818858, 8.040188], [79.821788, 8.034857], [79.829356, 8.020901], [79.833832, 8.003079], [79.810232, 7.986518], [79.763845, 7.990139], [79.731944, 8.013129], [79.731944, 8.013129], [79.751964, 8.054633], [79.747, 8.060492], [79.729503, 8.081122], [79.728201, 8.100979], [79.72755, 8.110907], [79.744477, 8.164496], [79.745372, 8.171861], [79.744477, 8.195502], [79.746104, 8.206122], [79.749766, 8.20893], [79.754405, 8.209418], [79.7588, 8.212877], [79.768891, 8.232815], [79.778575, 8.259996], [79.778575, 8.259996], [79.766775, 8.259914], [79.757091, 8.263739], [79.749685, 8.271064], [79.748627, 8.273057], [79.744477, 8.281155], [79.763357, 8.314399], [79.77825, 8.34927], [79.778575, 8.350043], [79.749034, 8.30386], [79.744477, 8.291409], [79.740001, 8.272366], [79.72877, 8.249701], [79.713227, 8.229804], [79.696788, 8.219062], [79.701915, 8.201158], [79.707205, 8.142076], [79.703624, 8.123481], [79.701427, 8.126899], [79.701427, 8.127916], [79.701101, 8.128201], [79.700857, 8.128485], [79.696788, 8.130316], [79.696788, 8.098293], [79.721934, 7.985541], [79.738292, 7.944729], [79.748383, 7.893012], [79.760265, 7.868394], [79.76295, 7.855455], [79.785981, 7.743354], [79.785899, 7.706488], [79.785899, 7.706488], [79.787364, 7.697333], [79.788829, 7.688178], [79.796397, 7.674384], [79.802013, 7.659329], [79.802013, 7.659329], [79.800792, 7.649685], [79.799571, 7.640082], [79.794607, 7.620022], [79.792979, 7.602729], [79.785818, 7.607571], [79.782725, 7.607123], [79.778575, 7.602729], [79.784679, 7.589789], [79.833832, 7.232815], [79.831798, 7.225735], [79.827973, 7.218329], [79.826345, 7.210395], [79.829926, 7.203192], [79.830577, 7.201809], [79.836436, 7.197903], [79.84962, 7.195054], [79.85434, 7.19184], [79.859386, 7.180813], [79.861583, 7.167426], [79.861583, 7.167222], [79.861827, 7.136664], [79.861827, 7.136623], [79.861257, 7.137193], [79.861176, 7.137193], [79.858653, 7.136542], [79.855805, 7.132514], [79.85434, 7.122952], [79.848155, 7.122952], [79.843435, 7.131008], [79.833832, 7.164496], [79.829112, 7.173245], [79.823741, 7.18065], [79.819998, 7.190253], [79.820323, 7.205512], [79.813731, 7.180732], [79.861583, 7.011868], [79.861583, 7.011664], [79.861827, 7.000067], [79.859223, 6.988674], [79.849294, 6.964952], [79.848155, 6.962144], [79.848155, 6.890204], [79.849457, 6.882717], [79.863048, 6.807196], [79.948741, 6.588568], [79.969574, 6.535346], [79.970225, 6.531155], [79.977875, 6.478705], [79.975434, 6.478583], [79.975352, 6.478583], [79.970225, 6.479153], [79.965343, 6.477729], [79.964203, 6.471869], [79.96697, 6.466376], [79.971446, 6.46247], [79.975759, 6.459866], [79.977875, 6.458197], [79.982107, 6.441026], [79.993663, 6.39411], [80.012055, 6.361314], [80.020518, 6.314643], [80.028819, 6.297431], [80.030528, 6.292385], [80.030528, 6.292304], [80.030284, 6.284003], [80.03004, 6.275702], [80.03004, 6.275621], [80.031993, 6.266343], [80.078136, 6.169338], [80.087169, 6.157579], [80.090587, 6.153144], [80.09311, 6.148749], [80.092784, 6.140286], [80.092784, 6.140245], [80.094005, 6.136054], [80.096283, 6.133328], [80.097016, 6.132392], [80.097097, 6.132351], [80.10377, 6.127143], [80.185232, 6.041164], [80.203868, 6.02619], [80.211192, 6.033637], [80.211355, 6.033555], [80.220958, 6.028917], [80.225841, 6.026557], [80.247569, 6.009182], [80.26002, 6.006578], [80.277517, 6.002997], [80.320242, 5.987738], [80.327322, 5.985256], [80.327322, 5.985175], [80.328136, 5.984687], [80.331228, 5.982815], [80.337576, 5.973822], [80.339203, 5.972398], [80.340994, 5.970933], [80.346202, 5.970771], [80.350108, 5.973538], [80.35377, 5.976793], [80.358409, 5.97842], [80.366222, 5.976264], [80.370453, 5.971584], [80.37379, 5.966864], [80.378591, 5.964748], [80.38502, 5.963813], [80.411957, 5.959947], [80.427094, 5.961086], [80.444021, 5.970933], [80.444021, 5.970893], [80.447195, 5.966132], [80.451427, 5.959784], [80.456798, 5.94892], [80.46518, 5.94066], [80.4817, 5.937445], [80.539561, 5.944281], [80.54656, 5.942206], [80.556651, 5.939154], [80.574229, 5.930121], [80.590831, 5.923733], [80.59783, 5.925279], [80.604828, 5.926907], [80.629161, 5.945054], [80.642914, 5.952867], [80.656261, 5.957913], [80.67335, 5.960354], [80.673432, 5.960313], [80.714366, 5.957913], [80.732107, 5.97842], [80.7706, 6.006741], [80.809093, 6.035102], [80.818533, 6.038764], [80.835216, 6.045152], [80.862315, 6.039862], [80.877452, 6.061103], [80.90268, 6.070787], [80.958018, 6.080797], [81.008474, 6.098049], [81.112559, 6.120307], [81.134288, 6.129828], [81.156016, 6.14289], [81.167654, 6.148017], [81.176443, 6.150377], [81.181895, 6.156724], [81.183849, 6.17357], [81.187673, 6.181586], [81.193696, 6.183214], [81.195323, 6.183621], [81.195486, 6.183661], [81.202647, 6.178046], [81.202729, 6.177191], [81.204356, 6.162746], [81.204438, 6.162746], [81.324962, 6.20539], [81.362071, 6.225409], [81.547699, 6.370673], [81.57309, 6.384223], [81.592052, 6.389879], [81.650076, 6.430854], [81.681488, 6.462144], [81.775645, 6.610419], [81.786632, 6.639268], [81.786632, 6.639309], [81.779796, 6.663601], [81.779796, 6.663642], [81.78891, 6.677802], [81.808279, 6.707953], [81.813975, 6.725043], [81.817149, 6.737494], [81.831554, 6.765367], [81.834972, 6.783433], [81.835948, 6.80508], [81.838552, 6.821438], [81.884613, 6.98017], [81.89031, 7.019924], [81.888682, 7.040758], [81.878429, 7.076117], [81.875987, 7.091946]]}}, {"type": "Feature", "properties": {"source": "Natural Earth 10m Physical Coastline (Indian Subcontinent & EEZ)"}, "geometry": {"type": "LineString", "coordinates": [[80.968272, 15.795233], [80.937266, 15.818915], [80.888357, 15.846747], [80.879161, 15.840074], [80.8685, 15.811957], [80.917979, 15.755113], [80.942556, 15.741075], [80.942638, 15.741034], [80.97169, 15.750474], [80.984874, 15.761786], [80.988536, 15.770738], [80.988536, 15.770738], [80.983165, 15.780748], [80.968272, 15.795233]]}}, {"type": "Feature", "properties": {"source": "Natural Earth 10m Physical Coastline (Indian Subcontinent & EEZ)"}, "geometry": {"type": "LineString", "coordinates": [[87.404959, 21.586656], [87.468761, 21.611396], [87.477387, 21.613593], [87.621349, 21.650621], [87.6421, 21.652086], [87.683849, 21.650133], [87.703787, 21.655504], [87.755707, 21.691718], [87.833995, 21.729315], [87.867198, 21.7508], [87.892914, 21.774319], [87.894786, 21.778754], [87.895681, 21.789374], [87.899181, 21.794827], [87.902192, 21.79682], [87.909028, 21.798814], [87.948009, 21.825385], [87.957774, 21.828925], [87.97047, 21.836493], [87.983653, 21.854193], [88.0324, 21.95718], [88.046886, 21.97602], [88.050792, 21.985012], [88.049001, 21.995429], [88.045177, 22.006537], [88.043142, 22.017279], [88.048595, 22.020738], [88.084727, 22.020697], [88.111176, 22.034857], [88.140636, 22.060126], [88.164317, 22.089789], [88.173513, 22.116889], [88.160981, 22.156562], [88.132579, 22.179145], [88.09547, 22.19123], [88.057384, 22.198879], [88.025401, 22.200914], [88.008474, 22.204901], [87.991954, 22.215888], [87.965343, 22.244818], [87.95281, 22.262437], [87.94752, 22.277655], [87.935802, 22.35517], [87.922862, 22.397773], [87.906586, 22.418606], [87.906586, 22.42475], [87.927989, 22.424221], [87.94044, 22.413031], [87.946137, 22.394924], [87.94752, 22.373847], [87.950694, 22.356187], [87.964203, 22.319281], [87.967459, 22.298489], [87.972667, 22.283189], [87.985118, 22.265937], [88.009044, 22.240424], [88.027029, 22.227851], [88.043468, 22.224758], [88.059744, 22.229478], [88.077322, 22.240424], [88.081309, 22.217353], [88.118419, 22.200181], [88.165294, 22.185004], [88.198009, 22.167792], [88.20338, 22.15176], [88.212738, 22.100043], [88.222423, 22.077948], [88.206798, 22.053371], [88.164317, 22.003119], [88.156261, 21.990871], [88.149913, 21.976386], [88.146739, 21.959215], [88.159434, 21.906155], [88.156423, 21.897854], [88.154063, 21.888088], [88.203787, 21.805406], [88.209727, 21.78856], [88.201427, 21.774319], [88.21046, 21.74726], [88.203461, 21.724351], [88.19044, 21.704088], [88.180919, 21.684963], [88.181895, 21.665229], [88.189464, 21.641791], [88.208263, 21.602973], [88.224376, 21.613023], [88.237478, 21.601711], [88.245942, 21.579901], [88.249278, 21.558295], [88.254405, 21.554674], [88.266124, 21.55386], [88.278982, 21.555162], [88.28712, 21.558295], [88.297862, 21.566555], [88.303722, 21.568793], [88.305837, 21.571682], [88.304454, 21.581855], [88.300629, 21.589342], [88.287608, 21.600287], [88.283376, 21.609198], [88.28419, 21.621243], [88.294444, 21.642808], [88.297048, 21.653876], [88.295421, 21.676581], [88.264171, 21.775295], [88.261567, 21.798651], [88.273123, 21.797919], [88.289806, 21.780219], [88.298188, 21.764106], [88.302013, 21.745185], [88.304454, 21.63345], [88.309744, 21.610175], [88.321788, 21.605658], [88.33546, 21.61579], [88.34547, 21.636542], [88.348806, 21.650295], [88.349457, 21.660956], [88.345714, 21.6706], [88.327403, 21.691107], [88.324718, 21.701361], [88.326345, 21.711086], [88.331228, 21.719062], [88.336436, 21.708726], [88.340668, 21.697496], [88.346202, 21.688625], [88.355724, 21.684963], [88.364513, 21.686957], [88.380626, 21.696194], [88.392589, 21.698554], [88.382823, 21.671332], [88.383556, 21.631415], [88.393077, 21.600246], [88.409679, 21.59927], [88.426117, 21.611029], [88.441905, 21.616156], [88.456309, 21.62401], [88.468272, 21.643948], [88.472179, 21.663275], [88.468598, 21.677151], [88.454763, 21.70539], [88.452159, 21.722805], [88.45338, 21.741767], [88.457693, 21.758857], [88.468272, 21.777248], [88.474457, 21.800971], [88.481456, 21.805162], [88.488292, 21.803656], [88.4935, 21.805162], [88.495616, 21.818671], [88.492035, 21.837144], [88.477061, 21.871812], [88.474457, 21.890326], [88.481212, 21.909898], [88.492361, 21.922024], [88.499848, 21.933661], [88.495616, 21.951809], [88.514985, 21.937201], [88.514659, 21.916205], [88.495616, 21.876695], [88.51588, 21.850816], [88.531016, 21.824123], [88.532888, 21.795315], [88.512706, 21.763414], [88.504893, 21.741523], [88.509532, 21.712307], [88.529633, 21.65762], [88.52296, 21.649888], [88.518809, 21.639146], [88.516612, 21.62641], [88.516124, 21.612616], [88.514008, 21.600816], [88.5088, 21.594387], [88.502126, 21.589342], [88.495616, 21.581855], [88.487966, 21.556545], [88.493907, 21.534817], [88.51295, 21.524644], [88.543956, 21.534084], [88.534434, 21.542914], [88.529633, 21.553371], [88.530284, 21.564399], [88.536469, 21.5751], [88.54477, 21.561998], [88.55893, 21.555569], [88.572276, 21.557929], [88.578136, 21.571682], [88.578136, 21.62344], [88.595063, 21.612128], [88.59962, 21.637274], [88.591807, 21.70539], [88.598643, 21.70539], [88.612641, 21.697496], [88.623383, 21.710273], [88.630219, 21.731757], [88.632823, 21.750067], [88.624034, 21.778022], [88.604177, 21.778754], [88.581309, 21.769436], [88.564626, 21.766832], [88.56544, 21.771186], [88.564626, 21.832343], [88.567068, 21.850816], [88.598399, 21.929348], [88.600271, 21.947211], [88.598643, 21.990302], [88.60255, 22.006415], [88.620372, 22.029975], [88.625987, 22.048041], [88.625499, 22.059272], [88.619965, 22.078315], [88.618337, 22.102973], [88.619151, 22.109524], [88.622081, 22.116034], [88.63087, 22.1258], [88.634939, 22.144965], [88.644298, 22.162299], [88.646332, 22.167792], [88.649669, 22.169094], [88.656016, 22.183254], [88.661143, 22.198961], [88.660167, 22.205024], [88.679942, 22.204413], [88.683116, 22.184963], [88.674001, 22.162055], [88.656993, 22.151068], [88.639496, 22.109524], [88.639496, 22.097235], [88.64503, 22.075141], [88.648774, 22.046047], [88.652599, 22.031806], [88.653494, 22.018012], [88.646332, 22.00023], [88.631684, 21.979804], [88.627452, 21.970404], [88.625987, 21.955512], [88.63087, 21.945461], [88.642589, 21.940904], [88.656261, 21.941067], [88.667003, 21.945014], [88.678722, 21.936672], [88.689952, 21.94599], [88.698416, 21.962592], [88.701671, 21.97602], [88.723318, 22.013088], [88.730724, 22.037177], [88.718516, 22.048041], [88.699474, 22.053209], [88.692882, 22.065863], [88.694835, 22.081529], [88.701671, 22.095852], [88.712169, 22.109036], [88.726573, 22.121161], [88.743907, 22.12934], [88.763031, 22.130561], [88.730154, 22.103583], [88.714854, 22.086982], [88.708507, 22.072211], [88.717052, 22.058051], [88.754649, 22.037584], [88.763031, 22.017279], [88.758311, 21.999457], [88.746837, 21.987128], [88.733165, 21.9772], [88.722179, 21.966132], [88.71697, 21.951972], [88.714692, 21.897854], [88.694509, 21.83983], [88.698009, 21.825507], [88.703624, 21.810614], [88.684906, 21.697211], [88.687999, 21.678127], [88.722179, 21.609198], [88.70753, 21.578315], [88.727875, 21.559882], [88.762462, 21.555854], [88.790538, 21.568264], [88.796641, 21.584418], [88.791026, 21.598863], [88.781749, 21.614244], [88.776866, 21.63345], [88.77711, 21.643541], [88.779063, 21.65119], [88.784028, 21.655951], [88.7942, 21.65762], [88.800466, 21.661851], [88.804942, 21.671861], [88.810883, 21.691718], [88.816661, 21.675035], [88.818533, 21.665839], [88.81837, 21.65762], [88.814789, 21.653876], [88.797862, 21.640204], [88.805837, 21.62287], [88.823985, 21.617255], [88.844249, 21.622219], [88.858653, 21.636542], [88.859874, 21.652574], [88.842947, 21.684149], [88.838227, 21.701972], [88.841563, 21.716254], [88.855724, 21.748847], [88.858653, 21.766832], [88.866059, 21.766832], [88.872081, 21.74901], [88.881602, 21.672024], [88.886078, 21.661811], [88.891612, 21.65351], [88.896983, 21.650133], [88.933849, 21.643948], [88.975759, 21.615912], [89.000255, 21.60342], [89.019786, 21.606106], [89.021658, 21.611802], [89.027599, 21.624579], [89.033946, 21.633246], [89.036876, 21.626899], [89.038829, 21.619452], [89.044688, 21.613511], [89.053233, 21.609809], [89.06422, 21.609198], [89.082693, 21.617336], [89.088227, 21.633734], [89.085216, 21.674709], [89.082774, 21.678209], [89.067882, 21.709133], [89.047862, 21.728013], [89.043712, 21.733344], [89.030935, 21.770453], [89.01588, 21.853339], [88.99586, 21.884182], [88.968272, 21.904731], [88.951915, 21.913886], [88.937836, 21.91767], [88.924083, 21.926337], [88.910818, 21.946479], [88.90504, 21.969428], [88.91391, 21.986558], [88.928722, 21.986558], [88.934581, 21.969306], [88.937836, 21.948717], [88.944672, 21.938788], [88.96046, 21.934312], [88.993012, 21.912665], [89.009532, 21.904608], [89.008067, 21.920559], [89.013031, 21.929429], [89.023123, 21.931098], [89.036876, 21.925116], [89.060883, 21.938463], [89.065603, 21.967108], [89.057384, 22.031236], [89.054047, 22.043647], [89.04005, 22.069525], [89.036876, 22.085598], [89.039887, 22.100898], [89.045665, 22.112047], [89.048595, 22.122952], [89.043712, 22.137397], [89.060313, 22.130601], [89.060395, 22.129869], [89.063487, 22.111029], [89.057384, 22.06509], [89.062022, 22.049506], [89.084239, 22.021186], [89.091482, 22.00023], [89.091075, 21.976793], [89.080414, 21.934882], [89.07781, 21.914252], [89.079926, 21.897406], [89.104666, 21.815863], [89.10906, 21.809516], [89.119395, 21.800971], [89.141287, 21.790229], [89.154552, 21.786851], [89.160411, 21.791327], [89.164561, 21.800198], [89.174083, 21.810045], [89.18336, 21.815619], [89.187673, 21.81151], [89.188243, 21.799709], [89.189708, 21.791246], [89.220714, 21.709418], [89.218598, 21.698554], [89.208263, 21.690619], [89.204438, 21.672675], [89.21046, 21.65412], [89.229259, 21.643948], [89.248709, 21.645901], [89.268728, 21.653998], [89.285899, 21.665595], [89.297537, 21.678127], [89.276622, 21.687567], [89.273692, 21.698798], [89.290701, 21.733344], [89.294688, 21.757799], [89.284434, 21.79682], [89.283946, 21.822089], [89.290701, 21.822089], [89.296235, 21.809068], [89.30128, 21.809394], [89.306163, 21.817613], [89.322602, 21.854641], [89.328868, 21.864651], [89.339122, 21.876695], [89.355968, 21.892524], [89.35963, 21.901679], [89.35963, 21.91767], [89.355235, 21.931627], [89.348806, 21.944159], [89.345958, 21.957017], [89.352224, 21.972317], [89.35963, 21.972317], [89.364024, 21.955064], [89.38266, 21.921332], [89.386974, 21.90119], [89.384288, 21.877834], [89.371267, 21.847154], [89.365896, 21.828925], [89.362804, 21.78384], [89.364268, 21.758205], [89.36964, 21.743313], [89.395193, 21.716376], [89.406423, 21.717353], [89.442719, 21.746649], [89.456228, 21.762397], [89.465831, 21.781317], [89.469493, 21.804389], [89.467052, 21.828599], [89.463634, 21.845038], [89.46461, 21.859198], [89.475759, 21.876695], [89.489106, 21.888373], [89.502289, 21.897528], [89.512543, 21.909125], [89.521821, 21.962307], [89.52003, 21.969184], [89.512706, 21.978095], [89.500499, 22.00259], [89.496837, 22.013861], [89.492686, 22.019192], [89.490408, 22.023993], [89.489431, 22.031236], [89.491873, 22.034573], [89.504161, 22.036689], [89.509125, 22.041205], [89.517426, 22.066474], [89.518321, 22.081], [89.51295, 22.092434], [89.506847, 22.10102], [89.50172, 22.113105], [89.49822, 22.125312], [89.496837, 22.133979], [89.494151, 22.136868], [89.48878, 22.129584], [89.48406, 22.116685], [89.483165, 22.102607], [89.475759, 22.102607], [89.467459, 22.22899], [89.475759, 22.295071], [89.483165, 22.295071], [89.493012, 22.273505], [89.494151, 22.253567], [89.489431, 22.208808], [89.492035, 22.188381], [89.53712, 22.089016], [89.536469, 22.075832], [89.526134, 22.055121], [89.523448, 22.044623], [89.52475, 22.000149], [89.532888, 21.984687], [89.551443, 21.994045], [89.556488, 22.00845], [89.564464, 22.072211], [89.566742, 22.082099], [89.576996, 22.101264], [89.579356, 22.113227], [89.578787, 22.135891], [89.576345, 22.145494], [89.5713, 22.157904], [89.550304, 22.192125], [89.549164, 22.205268], [89.561046, 22.22309], [89.580333, 22.236762], [89.586192, 22.245429], [89.577159, 22.2685], [89.580821, 22.277248], [89.592459, 22.288235], [89.606212, 22.315619], [89.615489, 22.328274], [89.626475, 22.336005], [89.616954, 22.318427], [89.610606, 22.298896], [89.607107, 22.278266], [89.605968, 22.256903], [89.597911, 22.240302], [89.567231, 22.202826], [89.567882, 22.18891], [89.581391, 22.174058], [89.593761, 22.155422], [89.60255, 22.134508], [89.605968, 22.113227], [89.600597, 22.091254], [89.576671, 22.051703], [89.5713, 22.031236], [89.563487, 21.973131], [89.567638, 21.900702], [89.564464, 21.884182], [89.556895, 21.868801], [89.538341, 21.848619], [89.530284, 21.835761], [89.527354, 21.812812], [89.53891, 21.77147], [89.53712, 21.753811], [89.565684, 21.713365], [89.586925, 21.700832], [89.605968, 21.719062], [89.60377, 21.727688], [89.592784, 21.754381], [89.59547, 21.759996], [89.620372, 21.76435], [89.631521, 21.764065], [89.643565, 21.756903], [89.668224, 21.750881], [89.689952, 21.765204], [89.700694, 21.784857], [89.692068, 21.794827], [89.672048, 21.804267], [89.64975, 21.826361], [89.630382, 21.851467], [89.618988, 21.869859], [89.646983, 21.925116], [89.661306, 21.905829], [89.663341, 21.896308], [89.652599, 21.878852], [89.653168, 21.867743], [89.656912, 21.857123], [89.661306, 21.849351], [89.67335, 21.840074], [89.69044, 21.833726], [89.709158, 21.830064], [89.725841, 21.828925], [89.738455, 21.834418], [89.753429, 21.843899], [89.76588, 21.846747], [89.771169, 21.832343], [89.775727, 21.827582], [89.786388, 21.828925], [89.804698, 21.835761], [89.81422, 21.840806], [89.817638, 21.844916], [89.819591, 21.849555], [89.825206, 21.856269], [89.850922, 21.877509], [89.87322, 21.881578], [89.880382, 21.884182], [89.887218, 21.900092], [89.881602, 21.912991], [89.871837, 21.924262], [89.86378, 21.943305], [89.850271, 21.963121], [89.846202, 21.972317], [89.845958, 21.982896], [89.851085, 22.000881], [89.852387, 22.010443], [89.847911, 22.033881], [89.835948, 22.049465], [89.81837, 22.060045], [89.797211, 22.068508], [89.797211, 22.075995], [89.816173, 22.075995], [89.831554, 22.071967], [89.846202, 22.070624], [89.862966, 22.079047], [89.871349, 22.091864], [89.874278, 22.108832], [89.872895, 22.143622], [89.861339, 22.211005], [89.850841, 22.246527], [89.838715, 22.267768], [89.880382, 22.342231], [89.884125, 22.363511], [89.880544, 22.380601], [89.874848, 22.39765], [89.872895, 22.418606], [89.903087, 22.39643], [89.920421, 22.391832], [89.928233, 22.407701], [89.933604, 22.423529], [89.947439, 22.439683], [89.979503, 22.470079], [89.982758, 22.473212], [90.010102, 22.49022], [89.997895, 22.480862], [89.991954, 22.469875], [89.988292, 22.45775], [89.982758, 22.445258], [89.900157, 22.33393], [89.880382, 22.288235], [89.876801, 22.274726], [89.875336, 22.263983], [89.876638, 22.253485], [89.880382, 22.240424], [89.885509, 22.230618], [89.898285, 22.211656], [89.90089, 22.201972], [89.903087, 22.176907], [89.912364, 22.135565], [89.914561, 22.061672], [89.917491, 22.049872], [89.92628, 22.027167], [89.928233, 22.017279], [89.934418, 21.997707], [89.949718, 21.980902], [89.967784, 21.974555], [89.982758, 21.986558], [89.985199, 21.999416], [89.982758, 22.044623], [89.988536, 22.053046], [90.015391, 22.077867], [90.024425, 22.089016], [90.04005, 22.138088], [90.052582, 22.155463], [90.07838, 22.164049], [90.072602, 22.152045], [90.063243, 22.145738], [90.052094, 22.141099], [90.042735, 22.131252], [90.039073, 22.116278], [90.034679, 22.10517], [90.038097, 22.075344], [90.035411, 22.059801], [90.028982, 22.052965], [90.020193, 22.048814], [90.010753, 22.041205], [90.003184, 22.029364], [90.002126, 22.014106], [89.996349, 22.00023], [90.028168, 21.988105], [90.038097, 21.986558], [90.052419, 21.989], [90.057953, 21.99372], [90.061046, 22.0008], [90.073741, 22.019232], [90.081798, 22.041002], [90.088878, 22.051174], [90.148285, 22.110785], [90.164806, 22.119818], [90.191661, 22.123114], [90.205821, 22.132961], [90.218272, 22.155707], [90.236095, 22.198879], [90.239106, 22.172268], [90.2317, 22.145657], [90.216156, 22.123236], [90.195079, 22.109524], [90.189708, 22.110826], [90.181814, 22.114814], [90.172862, 22.117011], [90.164073, 22.113227], [90.158865, 22.10692], [90.151622, 22.094875], [90.146739, 22.089016], [90.105642, 22.054267], [90.095958, 22.040107], [90.09254, 22.027981], [90.090587, 22.015448], [90.085785, 22.00023], [90.077159, 21.987982], [90.065766, 21.979885], [90.05421, 21.973375], [90.044932, 21.966132], [90.033946, 21.943549], [90.031261, 21.889228], [90.024425, 21.862454], [90.036306, 21.861151], [90.049327, 21.85102], [90.057872, 21.849351], [90.066905, 21.85342], [90.079356, 21.866929], [90.088878, 21.869859], [90.098481, 21.878607], [90.116222, 21.919338], [90.126231, 21.931952], [90.121349, 21.921576], [90.121837, 21.915351], [90.124522, 21.909735], [90.126231, 21.90119], [90.12086, 21.889309], [90.11085, 21.880113], [90.104991, 21.870266], [90.112478, 21.856269], [90.095388, 21.859442], [90.088552, 21.846747], [90.092947, 21.830268], [90.10906, 21.822089], [90.126801, 21.818793], [90.164399, 21.804267], [90.184825, 21.800971], [90.203787, 21.804592], [90.217621, 21.813463], [90.272716, 21.857408], [90.282888, 21.870795], [90.290701, 21.890326], [90.299978, 21.92768], [90.304373, 21.965766], [90.308604, 21.984036], [90.327891, 22.020494], [90.332205, 22.038072], [90.334727, 22.041815], [90.347423, 22.055325], [90.365733, 22.081204], [90.369884, 22.08983], [90.37379, 22.102607], [90.377126, 22.133612], [90.380056, 22.143622], [90.3838, 22.145738], [90.388682, 22.143459], [90.392589, 22.143012], [90.395193, 22.157213], [90.397146, 22.160631], [90.399181, 22.16234], [90.400564, 22.164049], [90.408214, 22.17121], [90.412852, 22.178046], [90.414236, 22.185777], [90.410492, 22.195705], [90.405528, 22.19953], [90.399099, 22.202216], [90.39088, 22.208808], [90.388682, 22.223212], [90.398692, 22.267483], [90.394298, 22.288235], [90.410899, 22.284247], [90.414073, 22.271796], [90.40797, 22.240424], [90.410004, 22.227281], [90.421641, 22.198879], [90.417491, 22.175035], [90.39324, 22.127387], [90.387462, 22.102607], [90.393809, 22.094713], [90.408458, 22.085924], [90.425466, 22.078843], [90.43865, 22.075995], [90.450043, 22.080797], [90.459646, 22.091946], [90.488292, 22.138617], [90.494395, 22.154242], [90.496755, 22.167792], [90.50115, 22.176703], [90.511729, 22.185289], [90.538341, 22.198879], [90.557953, 22.203355], [90.581554, 22.238227], [90.613455, 22.314887], [90.619314, 22.355902], [90.618419, 22.376654], [90.613455, 22.396877], [90.593598, 22.432318], [90.586436, 22.450588], [90.586192, 22.473212], [90.591319, 22.470526], [90.606619, 22.465766], [90.589692, 22.500434], [90.57781, 22.533677], [90.559744, 22.562323], [90.524099, 22.583075], [90.505138, 22.586249], [90.487315, 22.583726], [90.472504, 22.575588], [90.462657, 22.561957], [90.46046, 22.551174], [90.463552, 22.53144], [90.462657, 22.520982], [90.458018, 22.514635], [90.451182, 22.510159], [90.444998, 22.504136], [90.442068, 22.493638], [90.442149, 22.508734], [90.453461, 22.564195], [90.459239, 22.579291], [90.468598, 22.584703], [90.491384, 22.587836], [90.500173, 22.592353], [90.51002, 22.604234], [90.512706, 22.611477], [90.508962, 22.64643], [90.496755, 22.678656], [90.492931, 22.709906], [90.489919, 22.720201], [90.479015, 22.735012], [90.461681, 22.748847], [90.444591, 22.751654], [90.435232, 22.733303], [90.415782, 22.742499], [90.387218, 22.751288], [90.372569, 22.76142], [90.394298, 22.774848], [90.406423, 22.763088], [90.419932, 22.768256], [90.424001, 22.781684], [90.40797, 22.794664], [90.436046, 22.800605], [90.44809, 22.828437], [90.457205, 22.861762], [90.476329, 22.884101], [90.490489, 22.885199], [90.505138, 22.881659], [90.52003, 22.880194], [90.534923, 22.887152], [90.54005, 22.896552], [90.535981, 22.903388], [90.524099, 22.912014], [90.521007, 22.915676], [90.516856, 22.916815], [90.51295, 22.91706], [90.510427, 22.918199], [90.507579, 22.92536], [90.509288, 22.936998], [90.507009, 22.942084], [90.48699, 22.966132], [90.468272, 22.99608], [90.454356, 23.027533], [90.450125, 23.049343], [90.448904, 23.055732], [90.453624, 23.072333], [90.466075, 23.07685], [90.503591, 23.075873], [90.522797, 23.080146], [90.536632, 23.086819], [90.547618, 23.096747], [90.558767, 23.110663], [90.565603, 23.110663], [90.565603, 23.103827], [90.555919, 23.096829], [90.55128, 23.0869], [90.553722, 23.078559], [90.565603, 23.075873], [90.571951, 23.081732], [90.599132, 23.117499], [90.602875, 23.141303], [90.598399, 23.200426], [90.593516, 23.219875], [90.602712, 23.211005], [90.610362, 23.201158], [90.614513, 23.195461], [90.61085, 23.23078], [90.606619, 23.247219], [90.577322, 23.288398], [90.569102, 23.294989], [90.503591, 23.301744], [90.487966, 23.30683], [90.460216, 23.319729], [90.428477, 23.326117], [90.419688, 23.335598], [90.413422, 23.347968], [90.404145, 23.360419], [90.38852, 23.372382], [90.2588, 23.444566], [90.24936, 23.45539], [90.250336, 23.466946], [90.284434, 23.446194], [90.322439, 23.433295], [90.518321, 23.398261], [90.551931, 23.384955], [90.553722, 23.400702], [90.559906, 23.418402], [90.568126, 23.432929], [90.575938, 23.438951], [90.578949, 23.449856], [90.576834, 23.539496], [90.568696, 23.547512], [90.531505, 23.548814], [90.514985, 23.551418], [90.498383, 23.557278], [90.484386, 23.56745], [90.476329, 23.582953], [90.50172, 23.567939], [90.514659, 23.563788], [90.531505, 23.562486], [90.547211, 23.563788], [90.559418, 23.567939], [90.564464, 23.576402], [90.558767, 23.590399], [90.59547, 23.604397], [90.61199, 23.606106], [90.61964, 23.596625], [90.624034, 23.59809], [90.625255, 23.598334], [90.625336, 23.599351], [90.627126, 23.603461], [90.633311, 23.596625], [90.608165, 23.585761], [90.592052, 23.562486], [90.588145, 23.534166], [90.603363, 23.494696], [90.607758, 23.491116], [90.622081, 23.500067], [90.647472, 23.50788], [90.666759, 23.518215], [90.677745, 23.517279], [90.695323, 23.50788], [90.702159, 23.528388], [90.684337, 23.541734], [90.675466, 23.55093], [90.678233, 23.55508], [90.695811, 23.555487], [90.705577, 23.554511], [90.711192, 23.548814], [90.715831, 23.535142], [90.715017, 23.498358], [90.69158, 23.486477], [90.633311, 23.486762], [90.608735, 23.472724], [90.600271, 23.449937], [90.599132, 23.391181], [90.601736, 23.372463], [90.611339, 23.342475], [90.628429, 23.321519], [90.653656, 23.329739], [90.653168, 23.324652], [90.654796, 23.32331], [90.657725, 23.323228], [90.661143, 23.322252], [90.650157, 23.313544], [90.65089, 23.300238], [90.667328, 23.267646], [90.661143, 23.267646], [90.665212, 23.248765], [90.657074, 23.230373], [90.645844, 23.210924], [90.640147, 23.18887], [90.638682, 23.147895], [90.627208, 23.086656], [90.627126, 23.075873], [90.629405, 23.064399], [90.640147, 23.038031], [90.717459, 22.940619], [90.722667, 22.928453], [90.725597, 22.905707], [90.732921, 22.889065], [90.741954, 22.874213], [90.750011, 22.856757], [90.757335, 22.822659], [90.769542, 22.795356], [90.771007, 22.784817], [90.774181, 22.778062], [90.788341, 22.759223], [90.794932, 22.74136], [90.802582, 22.736396], [90.811778, 22.732367], [90.819509, 22.726467], [90.831309, 22.690579], [90.835948, 22.684882], [90.865489, 22.687161], [90.876475, 22.682807], [90.884125, 22.654486], [90.898774, 22.636176], [90.902029, 22.627102], [90.908214, 22.617865], [90.935557, 22.599677], [90.941742, 22.585883], [90.954926, 22.575832], [90.985118, 22.574368], [91.017589, 22.579291], [91.037934, 22.588609], [91.040212, 22.607733], [91.032237, 22.636868], [91.018728, 22.664455], [91.003754, 22.678656], [91.018321, 22.683092], [91.026703, 22.674262], [91.037934, 22.643866], [91.048676, 22.626166], [91.058604, 22.614325], [91.06958, 22.571557], [91.089201, 22.54443], [91.127343, 22.527026], [91.176566, 22.536419], [91.202743, 22.54322], [91.221365, 22.557193], [91.241569, 22.575396], [91.253103, 22.613837], [91.261078, 22.627875], [91.264496, 22.640815], [91.253429, 22.660712], [91.226899, 22.671088], [91.168956, 22.684882], [91.168956, 22.692288], [91.192149, 22.691636], [91.199229, 22.698798], [91.194591, 22.709662], [91.181895, 22.720201], [91.181895, 22.726467], [91.216075, 22.72606], [91.231212, 22.724311], [91.243419, 22.720201], [91.243907, 22.717434], [91.243419, 22.702216], [91.244802, 22.698391], [91.248383, 22.698228], [91.252778, 22.699286], [91.283458, 22.693345], [91.284434, 22.692288], [91.300548, 22.693264], [91.317393, 22.697211], [91.329926, 22.705715], [91.332774, 22.720201], [91.325043, 22.726142], [91.308849, 22.7331], [91.290782, 22.73843], [91.342621, 22.739447], [91.360118, 22.743394], [91.370128, 22.752183], [91.367442, 22.761664], [91.346446, 22.767401], [91.346446, 22.774848], [91.368337, 22.773993], [91.38502, 22.770697], [91.399669, 22.764309], [91.414724, 22.75373], [91.411632, 22.777818], [91.416759, 22.799994], [91.430431, 22.816311], [91.452485, 22.822659], [91.462413, 22.833441], [91.479666, 22.885891], [91.483084, 22.904527], [91.490489, 22.904527], [91.490001, 22.880561], [91.473969, 22.838324], [91.467784, 22.809312], [91.458344, 22.797065], [91.456309, 22.784817], [91.458018, 22.772284], [91.462413, 22.761908], [91.469005, 22.757066], [91.476817, 22.761176], [91.48463, 22.74551], [91.498709, 22.727281], [91.516368, 22.712226], [91.548106, 22.700344], [91.676036, 22.534613], [91.743663, 22.411078], [91.754405, 22.374661], [91.771658, 22.260321], [91.78712, 22.237942], [91.80893, 22.236274], [91.825938, 22.248481], [91.826345, 22.267768], [91.817231, 22.274075], [91.804535, 22.278469], [91.793956, 22.286038], [91.791352, 22.301907], [91.798595, 22.311916], [91.823253, 22.324164], [91.826345, 22.329169], [91.844005, 22.334947], [91.859141, 22.346625], [91.870453, 22.3581], [91.877452, 22.363349], [91.875743, 22.37108], [91.885509, 22.409654], [91.887706, 22.42475], [91.901866, 22.424058], [91.908051, 22.42475], [91.884939, 22.353827], [91.874034, 22.336005], [91.852387, 22.325344], [91.826508, 22.318264], [91.808849, 22.306342], [91.812022, 22.281399], [91.819184, 22.275824], [91.829845, 22.271308], [91.83839, 22.263088], [91.839854, 22.246649], [91.834727, 22.237616], [91.825857, 22.230048], [91.816905, 22.220282], [91.812022, 22.205024], [91.812999, 22.180325], [91.819347, 22.155951], [91.829112, 22.134101], [91.839854, 22.116889], [91.846039, 22.116889], [91.846039, 22.135972], [91.853282, 22.148749], [91.862071, 22.150621], [91.867198, 22.137397], [91.863943, 22.139594], [91.853526, 22.143622], [91.855235, 22.109198], [91.88087, 22.007025], [91.88087, 21.969184], [91.884044, 21.96015], [91.898204, 21.944892], [91.901215, 21.93537], [91.90561, 21.895575], [91.91033, 21.874905], [91.915701, 21.862454], [91.92213, 21.871568], [91.929942, 21.878648], [91.93922, 21.883043], [91.949718, 21.884182], [91.949718, 21.876695], [91.93629, 21.870836], [91.925548, 21.86286], [91.921641, 21.85342], [91.929373, 21.843166], [91.911388, 21.834703], [91.90089, 21.8133], [91.899262, 21.789496], [91.908702, 21.781155], [91.924083, 21.785224], [91.943696, 21.791409], [91.990001, 21.794827], [91.990001, 21.787909], [91.966563, 21.778876], [91.960297, 21.763821], [91.967296, 21.755439], [91.983897, 21.766832], [91.990001, 21.759996], [91.974783, 21.746487], [91.961925, 21.743842], [91.952973, 21.738349], [91.949718, 21.715969], [91.953624, 21.701402], [91.962657, 21.689521], [91.971934, 21.688218], [91.977061, 21.70539], [91.983897, 21.70539], [91.984223, 21.693508], [91.978852, 21.67772], [91.976085, 21.662055], [91.983897, 21.650133], [92.000743, 21.649807], [92.01238, 21.664211], [92.025401, 21.698554], [92.017914, 21.698554], [92.022146, 21.701565], [92.023936, 21.704657], [92.025401, 21.712836], [92.029307, 21.704901], [92.029307, 21.696234], [92.025564, 21.687242], [92.022797, 21.676825], [92.028575, 21.674791], [92.035899, 21.668158], [92.037771, 21.659573], [92.031749, 21.650133], [92.035818, 21.640448], [92.03297, 21.633002], [92.017914, 21.616034], [92.022146, 21.599351], [92.012462, 21.585395], [91.998546, 21.573188], [91.990001, 21.561998], [91.989757, 21.543402], [91.995372, 21.52261], [92.005382, 21.504299], [92.017914, 21.493109], [91.999034, 21.499498], [91.982921, 21.488837], [91.970876, 21.470038], [91.96339, 21.452135], [91.960134, 21.45425], [91.958832, 21.454413], [91.958018, 21.455024], [91.955903, 21.458401], [91.949718, 21.458401], [91.952973, 21.44184], [91.959727, 21.423977], [91.969412, 21.409613], [91.980479, 21.403754], [91.989757, 21.394232], [92.045258, 21.299547], [92.050466, 21.280463], [92.052257, 21.256659], [92.043956, 21.192043], [92.045421, 21.170966], [92.052501, 21.154771], [92.096853, 21.105862], [92.108084, 21.089911], [92.12436, 21.060452], [92.134125, 21.047512], [92.18629, 21.005845], [92.192882, 20.995673], [92.209727, 20.930813], [92.278087, 20.814114], [92.301036, 20.762274], [92.309093, 20.753241], [92.31422, 20.749254], [92.319347, 20.742011], [92.325531, 20.738715], [92.333995, 20.746405], [92.336274, 20.757148], [92.333263, 20.767727], [92.325938, 20.780585], [92.307628, 20.833197], [92.305431, 20.851955], [92.300629, 20.862372], [92.271983, 20.90351], [92.261485, 20.940253], [92.257091, 20.981106], [92.258556, 21.022528], [92.265147, 21.061103], [92.270518, 21.049018], [92.281016, 20.959418], [92.288097, 20.94359], [92.305431, 20.917711], [92.360688, 20.766913], [92.37086, 20.72134], [92.381114, 20.700141], [92.398204, 20.691148], [92.408458, 20.687974], [92.428966, 20.673896], [92.43922, 20.670722], [92.453624, 20.668524], [92.459646, 20.662584], [92.463227, 20.653876], [92.470551, 20.643378], [92.507009, 20.60928], [92.52003, 20.589667], [92.529145, 20.543402], [92.539887, 20.527533], [92.632579, 20.446601], [92.653168, 20.41828], [92.697113, 20.308254], [92.706309, 20.292914], [92.723888, 20.27143], [92.731212, 20.259182], [92.739268, 20.27969], [92.731212, 20.382717], [92.738455, 20.428371], [92.737478, 20.44477], [92.71697, 20.499986], [92.708263, 20.578681], [92.704438, 20.589057], [92.659434, 20.652818], [92.63502, 20.697984], [92.662852, 20.679185], [92.699555, 20.619534], [92.720714, 20.592231], [92.736583, 20.563137], [92.74171, 20.529283], [92.750987, 20.498521], [92.778982, 20.478258], [92.773448, 20.477281], [92.758556, 20.472113], [92.769298, 20.455064], [92.78533, 20.462958], [92.79656, 20.483832], [92.792654, 20.506252], [92.815278, 20.504706], [92.826915, 20.495063], [92.831554, 20.478949], [92.840505, 20.390123], [92.846934, 20.377346], [92.856619, 20.367621], [92.880707, 20.349189], [92.887706, 20.340277], [92.889659, 20.333645], [92.893321, 20.329535], [92.905284, 20.32807], [92.925304, 20.327826], [92.93393, 20.325914], [92.942882, 20.321234], [92.901215, 20.308051], [92.864024, 20.300767], [92.79949, 20.259182], [92.786632, 20.245917], [92.778168, 20.231635], [92.773611, 20.216742], [92.772146, 20.201483], [92.78297, 20.189846], [92.84669, 20.143134], [92.855235, 20.130601], [92.860362, 20.124945], [92.867686, 20.122016], [92.880544, 20.123196], [92.889415, 20.127997], [92.89503, 20.133246], [92.898448, 20.135688], [92.936046, 20.211982], [92.994802, 20.286607], [93.016287, 20.324856], [93.024913, 20.368476], [93.02003, 20.424018], [93.022634, 20.452541], [93.035655, 20.475165], [93.049083, 20.491767], [93.060313, 20.513373], [93.068696, 20.535712], [93.073253, 20.554633], [93.085623, 20.532945], [93.070567, 20.496161], [93.032237, 20.431098], [93.031016, 20.409654], [93.03419, 20.384223], [93.043224, 20.364936], [93.059581, 20.36225], [93.07252, 20.376614], [93.081879, 20.416978], [93.100434, 20.431098], [93.091319, 20.381008], [93.080821, 20.358547], [93.056163, 20.349189], [93.04127, 20.332017], [93.018809, 20.256496], [93.001231, 20.239325], [92.987478, 20.186672], [92.990489, 20.154934], [93.018565, 20.14997], [93.047374, 20.167955], [93.089203, 20.210354], [93.120942, 20.218207], [93.120942, 20.211982], [93.115489, 20.202623], [93.094249, 20.14997], [93.086925, 20.14997], [93.086681, 20.156806], [93.084972, 20.161119], [93.082693, 20.165025], [93.080089, 20.170478], [93.064708, 20.147121], [93.054454, 20.134752], [93.042491, 20.129462], [92.988292, 20.124986], [92.970225, 20.129462], [92.974132, 20.117255], [92.975922, 20.087836], [92.980724, 20.077948], [92.991547, 20.067532], [93.011729, 20.040107], [93.038422, 20.012926], [93.048676, 19.994818], [93.052745, 19.968411], [93.059418, 19.951117], [93.112641, 19.874335], [93.125011, 19.846666], [93.134532, 19.834052], [93.139415, 19.831692], [93.149181, 19.828925], [93.168793, 19.807318], [93.168956, 19.809394], [93.158946, 19.823676], [93.155772, 19.827826], [93.151134, 19.830146], [93.147309, 19.833035], [93.134532, 19.848293], [93.129893, 19.862372], [93.12436, 19.893866], [93.10613, 19.93065], [93.102061, 19.964097], [93.109141, 19.993801], [93.131521, 20.006578], [93.148123, 19.99433], [93.160655, 19.966254], [93.17628, 19.916571], [93.201427, 19.862779], [93.217621, 19.837104], [93.238292, 19.82099], [93.23585, 19.847235], [93.17628, 19.957506], [93.155772, 20.026435], [93.136729, 20.059231], [93.129893, 20.0751], [93.128429, 20.094672], [93.136078, 20.081529], [93.147472, 20.070014], [93.161388, 20.060614], [93.17628, 20.053697], [93.190278, 20.064439], [93.21518, 20.059312], [93.24464, 20.049872], [93.272472, 20.047512], [93.293956, 20.054185], [93.312755, 20.065375], [93.326508, 20.081285], [93.333832, 20.1022], [93.340668, 20.1022], [93.355968, 20.038398], [93.361827, 20.026435], [93.372081, 20.030829], [93.374522, 20.050605], [93.374848, 20.088528], [93.382335, 20.088528], [93.383962, 20.064399], [93.40447, 20.012926], [93.409679, 19.988593], [93.413585, 19.977525], [93.423188, 19.965318], [93.435313, 19.95539], [93.446544, 19.951361], [93.457042, 19.95425], [93.463227, 19.961819], [93.47047, 19.984849], [93.475434, 19.97956], [93.487315, 19.970201], [93.492198, 19.964993], [93.49586, 19.977362], [93.503429, 19.986274], [93.513682, 19.993069], [93.525645, 19.999172], [93.529552, 19.992174], [93.531912, 19.984849], [93.516856, 19.981187], [93.511974, 19.970445], [93.5171, 19.958564], [93.531912, 19.951361], [93.518321, 19.939602], [93.529063, 19.93008], [93.565929, 19.916571], [93.559581, 19.912909], [93.551606, 19.905748], [93.546723, 19.902899], [93.554698, 19.893866], [93.566742, 19.885932], [93.58074, 19.881334], [93.594005, 19.882473], [93.600841, 19.888577], [93.608409, 19.906643], [93.611339, 19.910346], [93.629161, 19.909491], [93.638194, 19.910305], [93.645518, 19.913479], [93.656505, 19.916205], [93.70753, 19.916571], [93.711599, 19.919664], [93.711681, 19.933824], [93.71754, 19.93769], [93.726248, 19.936591], [93.733653, 19.932115], [93.740001, 19.925116], [93.745372, 19.916571], [93.730479, 19.914293], [93.725597, 19.905585], [93.72877, 19.893785], [93.738048, 19.882473], [93.703949, 19.885199], [93.679942, 19.883368], [93.660655, 19.870836], [93.606456, 19.796129], [93.60141, 19.783433], [93.60141, 19.718573], [93.615571, 19.723863], [93.623302, 19.733588], [93.635509, 19.759508], [93.636241, 19.735012], [93.648448, 19.725165], [93.693533, 19.724799], [93.702485, 19.734361], [93.708832, 19.753811], [93.721934, 19.768988], [93.751638, 19.765692], [93.741873, 19.754055], [93.718761, 19.743598], [93.711274, 19.731635], [93.709483, 19.713528], [93.713145, 19.697659], [93.720958, 19.685289], [93.731212, 19.677639], [93.761078, 19.674872], [93.783865, 19.691107], [93.799164, 19.717719], [93.806814, 19.745836], [93.813162, 19.739488], [93.827403, 19.718573], [93.816173, 19.703355], [93.802501, 19.68887], [93.794444, 19.67357], [93.800059, 19.65648], [93.778656, 19.662502], [93.756114, 19.661078], [93.738455, 19.651353], [93.731212, 19.632554], [93.739594, 19.617499], [93.777192, 19.603095], [93.785655, 19.591295], [93.794444, 19.571234], [93.814708, 19.553046], [93.855235, 19.526801], [93.882091, 19.501899], [93.892426, 19.498847], [93.916026, 19.498928], [93.926768, 19.497016], [93.937266, 19.492011], [93.9192, 19.48428], [93.914561, 19.472805], [93.923839, 19.462388], [93.947113, 19.457913], [93.978363, 19.463772], [93.984386, 19.464057], [93.991059, 19.45718], [93.990245, 19.449652], [93.984386, 19.437445], [93.988048, 19.404934], [93.987315, 19.386705], [93.980968, 19.37226], [93.963878, 19.348049], [93.961436, 19.346137], [93.953136, 19.343451], [93.950206, 19.341783], [93.949067, 19.337592], [93.950938, 19.325263], [93.950206, 19.320705], [93.929942, 19.29975], [93.865489, 19.254096], [93.834239, 19.238186], [93.796886, 19.235175], [93.754649, 19.247138], [93.722911, 19.268459], [93.71754, 19.293402], [93.687511, 19.296698], [93.665294, 19.305609], [93.621349, 19.334377], [93.636974, 19.349066], [93.631114, 19.372301], [93.611339, 19.403266], [93.577159, 19.403266], [93.568044, 19.406724], [93.563813, 19.41474], [93.560395, 19.423814], [93.552989, 19.430569], [93.530121, 19.432074], [93.507823, 19.422593], [93.490896, 19.40762], [93.484141, 19.392727], [93.483246, 19.350653], [93.487071, 19.333726], [93.497813, 19.31391], [93.556407, 19.238186], [93.567149, 19.231106], [93.594005, 19.176703], [93.607432, 19.162258], [93.642345, 19.134223], [93.649181, 19.118638], [93.65089, 19.108791], [93.65504, 19.097073], [93.660411, 19.085761], [93.66627, 19.077379], [93.670909, 19.066881], [93.667735, 19.043931], [93.669688, 19.032701], [93.678884, 19.019599], [93.686046, 19.018215], [93.693533, 19.020575], [93.703868, 19.018459], [93.714854, 19.010199], [93.721202, 19.001288], [93.726736, 18.991767], [93.73463, 18.981187], [93.750255, 18.970404], [93.793956, 18.953925], [93.813731, 18.943996], [93.865733, 18.895494], [93.9074, 18.881781], [93.920258, 18.867377], [93.930431, 18.858629], [93.944102, 18.868232], [93.941905, 18.869859], [93.939138, 18.876207], [93.937185, 18.883775], [93.937266, 18.88935], [93.939301, 18.89053], [93.947927, 18.894232], [93.950206, 18.895494], [93.973888, 18.922797], [93.97755, 18.933417], [93.978689, 18.941596], [93.983409, 18.956692], [93.984386, 18.967841], [93.981212, 18.980658], [93.964529, 19.001044], [93.957774, 19.012193], [93.952485, 19.03205], [93.950206, 19.098212], [93.952403, 19.109849], [93.955577, 19.118313], [93.955414, 19.126899], [93.947113, 19.139146], [93.914887, 19.169582], [93.909923, 19.176703], [93.910411, 19.190985], [93.916026, 19.203925], [93.925466, 19.210273], [93.937266, 19.204657], [93.941173, 19.194973], [93.942638, 19.169908], [93.947113, 19.159654], [93.973481, 19.146308], [93.994395, 19.159084], [94.010427, 19.179999], [94.022227, 19.190985], [94.033376, 19.204535], [94.033214, 19.235093], [94.025238, 19.286566], [94.03061, 19.315904], [94.056977, 19.363349], [94.066905, 19.388983], [94.073904, 19.373847], [94.069672, 19.350898], [94.059906, 19.329901], [94.049978, 19.320705], [94.045909, 19.304674], [94.053233, 19.221381], [94.050548, 19.208319], [94.037364, 19.181871], [94.032725, 19.169257], [94.031912, 19.153998], [94.037852, 19.13227], [94.039073, 19.122056], [94.034434, 19.105862], [94.029063, 19.095404], [94.030528, 19.087958], [94.04656, 19.081122], [94.056651, 19.080959], [94.080089, 19.087348], [94.094249, 19.087348], [94.086925, 19.080512], [94.060069, 19.063707], [94.061697, 19.057074], [94.064464, 19.049384], [94.066091, 19.042873], [94.063487, 19.040188], [94.053233, 19.022162], [94.051036, 19.014594], [94.041189, 18.997626], [94.039073, 18.984931], [94.040375, 18.971177], [94.053233, 18.93651], [94.036632, 18.918036], [94.032074, 18.888577], [94.038097, 18.859117], [94.053233, 18.840888], [94.05714, 18.843736], [94.066905, 18.848334], [94.078461, 18.833075], [94.098399, 18.821723], [94.11964, 18.816636], [94.135102, 18.820461], [94.133311, 18.831855], [94.133556, 18.846503], [94.138194, 18.860093], [94.148936, 18.868232], [94.147309, 18.83983], [94.153087, 18.821031], [94.182953, 18.785631], [94.212413, 18.741848], [94.228038, 18.735541], [94.252452, 18.752143], [94.263682, 18.74551], [94.279307, 18.738511], [94.211599, 18.725531], [94.174571, 18.725043], [94.156423, 18.738511], [94.148936, 18.738511], [94.148936, 18.731024], [94.24879, 18.638861], [94.25294, 18.627997], [94.262218, 18.545111], [94.258962, 18.535712], [94.244965, 18.539252], [94.258962, 18.509019], [94.279633, 18.480211], [94.331065, 18.425971], [94.339203, 18.410224], [94.344005, 18.391262], [94.350597, 18.37523], [94.365489, 18.368598], [94.389659, 18.362698], [94.399587, 18.348212], [94.405284, 18.330308], [94.417003, 18.313951], [94.409028, 18.308824], [94.396983, 18.291449], [94.389171, 18.286038], [94.378591, 18.287095], [94.365896, 18.29857], [94.350271, 18.292914], [94.339203, 18.305976], [94.331065, 18.303127], [94.327973, 18.295111], [94.326182, 18.281643], [94.325857, 18.267727], [94.327647, 18.258734], [94.341563, 18.247504], [94.360606, 18.24608], [94.406505, 18.251288], [94.422862, 18.242499], [94.430186, 18.222154], [94.436778, 18.182359], [94.441091, 18.176418], [94.452322, 18.165107], [94.457856, 18.155707], [94.460623, 18.144192], [94.460623, 18.132799], [94.461925, 18.121772], [94.480968, 18.094224], [94.490571, 18.072496], [94.494884, 18.048814], [94.492198, 18.025946], [94.481781, 18.015204], [94.450857, 18.002427], [94.444347, 17.988105], [94.447439, 17.973334], [94.483409, 17.902289], [94.489513, 17.876207], [94.492198, 17.816799], [94.50172, 17.786607], [94.543956, 17.748033], [94.553477, 17.727362], [94.556895, 17.68244], [94.562999, 17.661689], [94.573985, 17.641791], [94.589529, 17.62641], [94.595225, 17.615465], [94.591075, 17.604193], [94.590668, 17.593248], [94.609223, 17.559556], [94.615001, 17.545559], [94.597016, 17.557766], [94.576915, 17.576239], [94.560313, 17.582099], [94.553477, 17.556383], [94.553884, 17.543606], [94.555431, 17.538398], [94.559337, 17.532904], [94.56658, 17.518866], [94.570323, 17.505194], [94.570079, 17.493964], [94.56658, 17.47663], [94.567719, 17.462877], [94.576834, 17.358344], [94.594493, 17.292304], [94.584483, 17.30329], [94.57252, 17.311103], [94.559337, 17.316311], [94.546153, 17.319648], [94.545421, 17.296088], [94.533214, 17.290351], [94.518891, 17.288153], [94.511974, 17.275214], [94.508637, 17.230129], [94.511974, 17.21719], [94.517833, 17.212551], [94.526622, 17.209418], [94.535004, 17.205146], [94.539887, 17.196723], [94.537852, 17.187405], [94.530447, 17.181952], [94.522472, 17.177802], [94.518809, 17.172512], [94.510916, 17.169013], [94.464692, 17.189276], [94.454356, 17.18008], [94.452647, 17.166205], [94.457774, 17.153754], [94.485688, 17.141018], [94.48878, 17.124213], [94.484141, 17.105699], [94.478363, 17.093085], [94.461925, 17.069648], [94.457856, 17.059556], [94.456716, 17.050605], [94.457774, 16.982896], [94.453868, 16.965237], [94.444347, 16.949652], [94.464692, 16.949652], [94.435313, 16.910142], [94.423188, 16.901272], [94.411876, 16.900702], [94.400645, 16.904446], [94.390636, 16.906643], [94.382335, 16.901272], [94.378917, 16.886949], [94.383474, 16.872016], [94.396495, 16.846625], [94.400645, 16.830634], [94.40268, 16.788275], [94.398448, 16.775784], [94.379649, 16.755357], [94.375499, 16.74079], [94.373383, 16.729315], [94.364431, 16.701117], [94.362315, 16.685858], [94.36199, 16.635484], [94.352061, 16.618598], [94.327647, 16.606431], [94.327647, 16.600246], [94.346202, 16.592434], [94.348969, 16.578111], [94.341319, 16.548407], [94.331065, 16.528632], [94.308604, 16.527777], [94.273123, 16.538153], [94.268321, 16.527493], [94.273123, 16.466498], [94.258637, 16.387356], [94.25408, 16.379462], [94.24171, 16.366034], [94.238129, 16.360663], [94.235362, 16.348375], [94.237804, 16.273139], [94.215099, 16.15766], [94.209239, 16.044501], [94.209809, 16.028998], [94.21461, 16.014797], [94.239513, 15.976304], [94.251475, 15.968451], [94.265636, 15.975084], [94.286632, 15.997504], [94.300792, 15.989732], [94.321462, 15.989936], [94.340017, 15.996243], [94.347992, 16.007148], [94.351329, 16.034369], [94.360606, 16.049262], [94.375743, 16.056057], [94.396495, 16.058987], [94.428071, 16.074164], [94.455577, 16.105618], [94.507009, 16.189602], [94.513194, 16.205146], [94.517345, 16.223944], [94.518809, 16.247382], [94.515636, 16.287258], [94.521169, 16.295478], [94.539887, 16.291693], [94.547618, 16.286566], [94.554047, 16.279731], [94.562022, 16.273749], [94.573985, 16.271308], [94.583669, 16.274848], [94.59254, 16.283515], [94.598888, 16.293647], [94.6067, 16.325995], [94.618175, 16.342027], [94.629731, 16.344184], [94.635509, 16.326483], [94.615001, 16.285549], [94.592621, 16.259223], [94.582042, 16.243476], [94.583995, 16.236518], [94.6067, 16.243109], [94.62794, 16.260199], [94.643728, 16.283515], [94.64975, 16.308824], [94.655121, 16.322699], [94.678477, 16.348538], [94.683849, 16.364081], [94.683849, 16.422065], [94.670177, 16.50967], [94.677013, 16.531968], [94.68393, 16.51081], [94.697276, 16.508368], [94.73227, 16.524563], [94.731619, 16.510199], [94.725434, 16.505113], [94.717296, 16.502916], [94.710704, 16.497219], [94.706228, 16.484442], [94.705821, 16.47309], [94.72169, 16.378485], [94.73227, 16.367499], [94.73227, 16.360663], [94.720551, 16.362128], [94.710704, 16.360338], [94.704926, 16.353217], [94.685313, 16.291978], [94.673595, 16.274726], [94.665212, 16.257636], [94.668712, 16.240871], [94.683849, 16.209174], [94.686697, 16.165351], [94.678884, 16.121283], [94.663341, 16.079983], [94.642345, 16.044664], [94.588715, 15.996243], [94.562348, 15.961859], [94.56658, 15.935492], [94.589854, 15.931586], [94.614757, 15.943671], [94.671397, 15.996568], [94.68922, 16.00731], [94.705333, 16.020657], [94.718028, 16.044664], [94.725434, 16.06391], [94.752208, 16.107408], [94.765961, 16.139472], [94.775157, 16.151557], [94.793712, 16.162014], [94.792654, 16.147895], [94.785167, 16.139635], [94.776622, 16.134914], [94.772716, 16.131008], [94.771983, 16.110989], [94.769786, 16.102281], [94.76588, 16.093166], [94.758067, 16.083441], [94.749034, 16.07567], [94.74171, 16.067288], [94.73227, 16.017401], [94.703136, 15.982367], [94.665538, 15.957913], [94.628673, 15.939154], [94.601329, 15.92121], [94.610199, 15.904975], [94.622406, 15.891547], [94.632823, 15.889716], [94.635509, 15.908149], [94.644542, 15.887112], [94.648936, 15.868598], [94.658702, 15.854478], [94.683849, 15.846747], [94.703868, 15.848456], [94.721202, 15.856676], [94.735199, 15.868394], [94.745372, 15.880845], [94.774181, 15.943345], [94.786876, 15.962144], [94.846202, 15.999986], [94.855235, 16.013983], [94.856456, 16.0185], [94.869395, 16.040961], [94.867686, 16.045315], [94.864024, 16.049628], [94.862071, 16.055609], [94.859874, 16.065416], [94.850597, 16.085761], [94.848399, 16.096503], [94.849457, 16.139797], [94.854666, 16.160224], [94.865733, 16.168891], [94.868419, 16.173896], [94.893077, 16.205756], [94.902517, 16.209621], [94.924653, 16.208808], [94.942882, 16.216376], [94.96697, 16.220404], [94.971934, 16.226549], [94.974783, 16.231513], [94.988048, 16.244371], [94.992442, 16.2508], [94.986827, 16.232245], [94.975108, 16.214342], [94.959239, 16.200873], [94.940929, 16.195543], [94.917328, 16.192369], [94.900076, 16.183783], [94.887055, 16.170803], [94.868419, 16.142035], [94.863129, 16.127753], [94.863536, 16.112372], [94.880219, 16.079983], [94.884532, 16.036038], [94.889334, 16.017401], [94.924083, 16.03852], [94.920665, 16.018622], [94.907237, 16.006049], [94.889496, 15.999457], [94.872569, 15.997504], [94.862804, 15.991767], [94.850352, 15.978095], [94.83961, 15.962063], [94.834727, 15.949164], [94.835948, 15.936672], [94.848399, 15.908149], [94.850108, 15.895453], [94.848399, 15.863756], [94.853201, 15.840277], [94.863943, 15.844143], [94.882579, 15.867174], [94.887706, 15.864203], [94.892833, 15.856635], [94.896332, 15.847398], [94.896739, 15.83926], [94.890391, 15.827053], [94.880544, 15.82038], [94.869314, 15.815497], [94.858653, 15.808824], [94.846853, 15.790595], [94.858653, 15.78262], [94.903575, 15.777818], [94.937755, 15.764146], [94.949962, 15.762641], [94.975597, 15.764146], [94.980724, 15.766832], [94.986176, 15.773342], [94.990489, 15.781236], [94.992442, 15.788398], [94.997569, 15.795315], [95.0, 15.796098540582054]]}}, {"type": "Feature", "properties": {"source": "Natural Earth 10m Physical Coastline (Indian Subcontinent & EEZ)"}, "geometry": {"type": "LineString", "coordinates": [[65.0, 25.316596], [65.042003, 25.316596], [65.058849, 25.314521], [65.08961, 25.305569], [65.118012, 25.301947], [65.143403, 25.295885], [65.155284, 25.296088], [65.170177, 25.299465], [65.180186, 25.303656], [65.187999, 25.311021], [65.211111, 25.347846], [65.23227, 25.370673], [65.259776, 25.380439], [65.292328, 25.364976], [65.313243, 25.376858], [65.336192, 25.385321], [65.362804, 25.39057], [65.395356, 25.392279], [65.386974, 25.37641], [65.382335, 25.371161], [65.400727, 25.366685], [65.422862, 25.372382], [65.446056, 25.381008], [65.467784, 25.385443], [65.488129, 25.383124], [65.629731, 25.34691], [65.65211, 25.344468], [65.671641, 25.347398], [65.724376, 25.371161], [65.765391, 25.377997], [65.800304, 25.395819], [65.823985, 25.402248], [65.858409, 25.417548], [65.881521, 25.419623], [65.92449, 25.418606], [66.004649, 25.429633], [66.069021, 25.446234], [66.15919, 25.446926], [66.187022, 25.452948], [66.219493, 25.464911], [66.251801, 25.472886], [66.278656, 25.467353], [66.31186, 25.474921], [66.359548, 25.465237], [66.437022, 25.433254], [66.465505, 25.411607], [66.483897, 25.400539], [66.498383, 25.398505], [66.511567, 25.414211], [66.497895, 25.430487], [66.45753, 25.453762], [66.492198, 25.481024], [66.475841, 25.493313], [66.456228, 25.496039], [66.437266, 25.491278], [66.423188, 25.481024], [66.411957, 25.491116], [66.397146, 25.512885], [66.38852, 25.52204], [66.376964, 25.527045], [66.363536, 25.530341], [66.352712, 25.535549], [66.348318, 25.54621], [66.336436, 25.553371], [66.309337, 25.554023], [66.279145, 25.549994], [66.258149, 25.543118], [66.256847, 25.538479], [66.258311, 25.531399], [66.2588, 25.524848], [66.255138, 25.52204], [66.249685, 25.521633], [66.245128, 25.520413], [66.241547, 25.518459], [66.238455, 25.515815], [66.223643, 25.499498], [66.213064, 25.49136], [66.20045, 25.48786], [66.121104, 25.475165], [66.094412, 25.47484], [66.099946, 25.484361], [66.10963, 25.495429], [66.12086, 25.504584], [66.131602, 25.508368], [66.13738, 25.513821], [66.155772, 25.549302], [66.167166, 25.566067], [66.183442, 25.58161], [66.203949, 25.593207], [66.239757, 25.599921], [66.248383, 25.604682], [66.254242, 25.609605], [66.258149, 25.612006], [66.270518, 25.61164], [66.29127, 25.605943], [66.303233, 25.60456], [66.338552, 25.6081], [66.358653, 25.614488], [66.375499, 25.625678], [66.372569, 25.603909], [66.387706, 25.592434], [66.41212, 25.590562], [66.437022, 25.597724], [66.444102, 25.582506], [66.477875, 25.549302], [66.482921, 25.538235], [66.486583, 25.525621], [66.492849, 25.518052], [66.50587, 25.52204], [66.507335, 25.517564], [66.51059, 25.512926], [66.512706, 25.508368], [66.531016, 25.518134], [66.541677, 25.492174], [66.550548, 25.457099], [66.56422, 25.439439], [66.587087, 25.426215], [66.591156, 25.399604], [66.579275, 25.379381], [66.553722, 25.385443], [66.547862, 25.365627], [66.56072, 25.349677], [66.595225, 25.330227], [66.648285, 25.283189], [66.659516, 25.27558], [66.674083, 25.269029], [66.710216, 25.239244], [66.71754, 25.231187], [66.721446, 25.212592], [66.737153, 25.181098], [66.737966, 25.159491], [66.73227, 25.143256], [66.713552, 25.120754], [66.704438, 25.104315], [66.699555, 25.085273], [66.697032, 25.025458], [66.681326, 24.948879], [66.681326, 24.910549], [66.704438, 24.898871], [66.704438, 24.892035], [66.677013, 24.879543], [66.656749, 24.85871], [66.654145, 24.839179], [66.679698, 24.830552], [66.691417, 24.832587], [66.716319, 24.841539], [66.769298, 24.847235], [66.779633, 24.85102], [66.802501, 24.839545], [66.827322, 24.844143], [66.85377, 24.85224], [66.882091, 24.85102], [66.903331, 24.839179], [66.921886, 24.824286], [66.941173, 24.812567], [66.965099, 24.810045], [66.960216, 24.817816], [66.957856, 24.825426], [66.957693, 24.843573], [66.965099, 24.843573], [66.972992, 24.833157], [66.987315, 24.822211], [67.005056, 24.813544], [67.02296, 24.810045], [67.063731, 24.781684], [67.08253, 24.774156], [67.073741, 24.795803], [67.081228, 24.80329], [67.099946, 24.797065], [67.111095, 24.797756], [67.121837, 24.801215], [67.139659, 24.80329], [67.148204, 24.799791], [67.156016, 24.791571], [67.161632, 24.781399], [67.167328, 24.760159], [67.176036, 24.757717], [67.212657, 24.764716], [67.223806, 24.769721], [67.232677, 24.770738], [67.245128, 24.761664], [67.255544, 24.747992], [67.25294, 24.740383], [67.22462, 24.726955], [67.199962, 24.710639], [67.175548, 24.688707], [67.156993, 24.662909], [67.149587, 24.635077], [67.15211, 24.615709], [67.159923, 24.61225], [67.172699, 24.615871], [67.19044, 24.617662], [67.208995, 24.613756], [67.223888, 24.607164], [67.252615, 24.590318], [67.236664, 24.58397], [67.21811, 24.582424], [67.199474, 24.584784], [67.183604, 24.590318], [67.185232, 24.576117], [67.18865, 24.561347], [67.194591, 24.547268], [67.204112, 24.535102], [67.226736, 24.532375], [67.230805, 24.525092], [67.210948, 24.50845], [67.230724, 24.488837], [67.246837, 24.467963], [67.256847, 24.444973], [67.2588, 24.419094], [67.273611, 24.426947], [67.280528, 24.432318], [67.286632, 24.439521], [67.273611, 24.395087], [67.271658, 24.369086], [67.28297, 24.357611], [67.325369, 24.357611], [67.34254, 24.353827], [67.362478, 24.34394], [67.336436, 24.346422], [67.305919, 24.342841], [67.285981, 24.329576], [67.292817, 24.302965], [67.289317, 24.298651], [67.283865, 24.287909], [67.279145, 24.281236], [67.288422, 24.269965], [67.292328, 24.261868], [67.293305, 24.212226], [67.295584, 24.199205], [67.300304, 24.186265], [67.326427, 24.143785], [67.337087, 24.118964], [67.341319, 24.086371], [67.354015, 24.070868], [67.383556, 24.066799], [67.440684, 24.070258], [67.467296, 24.064154], [67.489106, 24.054104], [67.509776, 24.052069], [67.533051, 24.070258], [67.529796, 24.054918], [67.519867, 24.045071], [67.492198, 24.028022], [67.478201, 24.032416], [67.46811, 24.021959], [67.451182, 23.987698], [67.463634, 23.982001], [67.506358, 23.974026], [67.499766, 23.951646], [67.496918, 23.935614], [67.498871, 23.925605], [67.509044, 23.923245], [67.519867, 23.92829], [67.530528, 23.935492], [67.540538, 23.939276], [67.532237, 23.929145], [67.520518, 23.90705], [67.512543, 23.898261], [67.502615, 23.89289], [67.495291, 23.892279], [67.488048, 23.893052], [67.478526, 23.891506], [67.491059, 23.883124], [67.546641, 23.870998], [67.535899, 23.880032], [67.530121, 23.891262], [67.532563, 23.899156], [67.546641, 23.898261], [67.558116, 23.888658], [67.566091, 23.876451], [67.574555, 23.871772], [67.58839, 23.88467], [67.589366, 23.866523], [67.59962, 23.854234], [67.614513, 23.850084], [67.629242, 23.856676], [67.63738, 23.874254], [67.638031, 23.91592], [67.650401, 23.933051], [67.651215, 23.929755], [67.651052, 23.926907], [67.652029, 23.925279], [67.656586, 23.925605], [67.656586, 23.919379], [67.651052, 23.90705], [67.642914, 23.850491], [67.638845, 23.840644], [67.634288, 23.833075], [67.630707, 23.824774], [67.629242, 23.812649], [67.631602, 23.803453], [67.637706, 23.801744], [67.646495, 23.802883], [67.656586, 23.802069], [67.693614, 23.793443], [67.715668, 23.791693], [67.73227, 23.795233], [67.743663, 23.808783], [67.741059, 23.823065], [67.730724, 23.835598], [67.718598, 23.843695], [67.773204, 23.821112], [67.802582, 23.812812], [67.831716, 23.809516], [67.839041, 23.823391], [67.849132, 23.889472], [67.855235, 23.911933], [67.863292, 23.902818], [67.864513, 23.86579], [67.868907, 23.850491], [67.883474, 23.864814], [67.891938, 23.869574], [67.899913, 23.86758], [67.905935, 23.85928], [67.904633, 23.846259], [67.909923, 23.836249], [67.916759, 23.833645], [67.926036, 23.834052], [67.934255, 23.832994], [67.937755, 23.826321], [67.941661, 23.815863], [67.950857, 23.808905], [67.961925, 23.804674], [67.971934, 23.802069], [67.973399, 23.805243], [67.983165, 23.809638], [67.994151, 23.811184], [67.999278, 23.805813], [68.000336, 23.797309], [68.003429, 23.785305], [68.007986, 23.774237], [68.01352, 23.768541], [68.024425, 23.774604], [68.035655, 23.792426], [68.053884, 23.829413], [68.041515, 23.85224], [68.01352, 23.939276], [68.024181, 23.935248], [68.047699, 23.92121], [68.063731, 23.923163], [68.061697, 23.911282], [68.053884, 23.88467], [68.059418, 23.861884], [68.07252, 23.841864], [68.08839, 23.826077], [68.102224, 23.815741], [68.102224, 23.809516], [68.088227, 23.809516], [68.081716, 23.80565], [68.074392, 23.788398], [68.073253, 23.783433], [68.074392, 23.764838], [68.071056, 23.760647], [68.056977, 23.750963], [68.053884, 23.74372], [68.062755, 23.723131], [68.081716, 23.708686], [68.098888, 23.709296], [68.102224, 23.733832], [68.130382, 23.708197], [68.149099, 23.694525], [68.157481, 23.696234], [68.154796, 23.714301], [68.144216, 23.74315], [68.143321, 23.761135], [68.148692, 23.780911], [68.166759, 23.820014], [68.170584, 23.839911], [68.168712, 23.844794], [68.160167, 23.857856], [68.157481, 23.864163], [68.156423, 23.87401], [68.157481, 23.905097], [68.183116, 23.843451], [68.183035, 23.842108], [68.182465, 23.835761], [68.179698, 23.82746], [68.175629, 23.798245], [68.166026, 23.773179], [68.163748, 23.757717], [68.168142, 23.747463], [68.178233, 23.754299], [68.197765, 23.774807], [68.197927, 23.753404], [68.195811, 23.733466], [68.19752, 23.714545], [68.208751, 23.696234], [68.224864, 23.681871], [68.240977, 23.674018], [68.258962, 23.674709], [68.280447, 23.685981], [68.27589, 23.665839], [68.261892, 23.661444], [68.245128, 23.659125], [68.232677, 23.645006], [68.220063, 23.659247], [68.209321, 23.662746], [68.19809, 23.659084], [68.184255, 23.651923], [68.181895, 23.647854], [68.178233, 23.634345], [68.174327, 23.631415], [68.154145, 23.63231], [68.150076, 23.631415], [68.143403, 23.612698], [68.1574, 23.600816], [68.181407, 23.594062], [68.230805, 23.58808], [68.294119, 23.590399], [68.308116, 23.589057], [68.317638, 23.586127], [68.327322, 23.5869], [68.34197, 23.596625], [68.348888, 23.60342], [68.353038, 23.610663], [68.351573, 23.617825], [68.34197, 23.623969], [68.410818, 23.700507], [68.427745, 23.714301], [68.449718, 23.723334], [68.47283, 23.737494], [68.51002, 23.744086], [68.52475, 23.752021], [68.538341, 23.761298], [68.554698, 23.768541], [68.587738, 23.775702], [68.598888, 23.781887], [68.609386, 23.795233], [68.623057, 23.824408], [68.633474, 23.833075], [68.654063, 23.836249], [68.691905, 23.836656], [68.717784, 23.84101], [68.740245, 23.853461], [68.766938, 23.878404], [68.78004, 23.874091], [68.805675, 23.884426], [68.821625, 23.878404], [68.768809, 23.841132], [68.756521, 23.836249], [68.745128, 23.833075], [68.725597, 23.818915], [68.715587, 23.815741], [68.680186, 23.817776], [68.670746, 23.815741], [68.654552, 23.799058], [68.637869, 23.761542], [68.601736, 23.748684], [68.583507, 23.735297], [68.554698, 23.706488], [68.538829, 23.684027], [68.533539, 23.679185], [68.523936, 23.67593], [68.504731, 23.674221], [68.488943, 23.664781], [68.469412, 23.659247], [68.465505, 23.65526], [68.468761, 23.640815], [68.476899, 23.63935], [68.486176, 23.641425], [68.492686, 23.6376], [68.491466, 23.618842], [68.471528, 23.618638], [68.427501, 23.631415], [68.408865, 23.621324], [68.404959, 23.597602], [68.410818, 23.548814], [68.406098, 23.508734], [68.411632, 23.494696], [68.431163, 23.493598], [68.446951, 23.502997], [68.447439, 23.516343], [68.441417, 23.53205], [68.437348, 23.548814], [68.444021, 23.541205], [68.454112, 23.526272], [68.458669, 23.52147], [68.468028, 23.519843], [68.475597, 23.524115], [68.481293, 23.525133], [68.48585, 23.514106], [68.465587, 23.505276], [68.447439, 23.487454], [68.432953, 23.465888], [68.423676, 23.445787], [68.430919, 23.436591], [68.44044, 23.434272], [68.451915, 23.43773], [68.465505, 23.445787], [68.461111, 23.433173], [68.458832, 23.419827], [68.462576, 23.409125], [68.475352, 23.404853], [68.490489, 23.409329], [68.49643, 23.417873], [68.501475, 23.423285], [68.513194, 23.418524], [68.522146, 23.42475], [68.530121, 23.425686], [68.536388, 23.421332], [68.541026, 23.411689], [68.529552, 23.411933], [68.520763, 23.407538], [68.515147, 23.399319], [68.513194, 23.388088], [68.515147, 23.377021], [68.520681, 23.369208], [68.52947, 23.363105], [68.541026, 23.357001], [68.543142, 23.358588], [68.548513, 23.361518], [68.555186, 23.363959], [68.561046, 23.363918], [68.563731, 23.359931], [68.566661, 23.352973], [68.571056, 23.346381], [68.57838, 23.343411], [68.592052, 23.340074], [68.603038, 23.332831], [68.606944, 23.325588], [68.599132, 23.322252], [68.568533, 23.318427], [68.561046, 23.316107], [68.541026, 23.278225], [68.552257, 23.259711], [68.57781, 23.255276], [68.605317, 23.259589], [68.623057, 23.267646], [68.62322, 23.256171], [68.620128, 23.245429], [68.609386, 23.226711], [68.598318, 23.236965], [68.595714, 23.240383], [68.599946, 23.225043], [68.609141, 23.206773], [68.622569, 23.191555], [68.649669, 23.180854], [68.651134, 23.171454], [68.650645, 23.162055], [68.654063, 23.157782], [68.660655, 23.154242], [68.691254, 23.13052], [68.866222, 23.019965], [69.039887, 22.950507], [69.13559, 22.888373], [69.201915, 22.85224], [69.23878, 22.841946], [69.338145, 22.833075], [69.372569, 22.818996], [69.405935, 22.813666], [69.424653, 22.804267], [69.472179, 22.794664], [69.477306, 22.79206], [69.482595, 22.788479], [69.489431, 22.784735], [69.500011, 22.781684], [69.510753, 22.780504], [69.544444, 22.781684], [69.556977, 22.77851], [69.575694, 22.76435], [69.585704, 22.761176], [69.653819, 22.760484], [69.694347, 22.749701], [69.715831, 22.746894], [69.728852, 22.754828], [69.760102, 22.808336], [69.780121, 22.82746], [69.806814, 22.845282], [69.833181, 22.858466], [69.852875, 22.863593], [69.884288, 22.867825], [69.940684, 22.886135], [69.996918, 22.893785], [70.061778, 22.918199], [70.120128, 22.925035], [70.135427, 22.929999], [70.132335, 22.941067], [70.120453, 22.952582], [70.109548, 22.959174], [70.130626, 22.993964], [70.126231, 22.984809], [70.125011, 22.975979], [70.12908, 22.969306], [70.140636, 22.96662], [70.147472, 22.966051], [70.149669, 22.964301], [70.150727, 22.961005], [70.154307, 22.956041], [70.163097, 22.948961], [70.167735, 22.949123], [70.171723, 22.951972], [70.178477, 22.95303], [70.204112, 22.952216], [70.222016, 22.959174], [70.231944, 22.974921], [70.233084, 23.000149], [70.249685, 22.987454], [70.258311, 22.971869], [70.269298, 22.958564], [70.291759, 22.95303], [70.29363, 22.951402], [70.300059, 22.944281], [70.303477, 22.938137], [70.308767, 22.939765], [70.314626, 22.943508], [70.319102, 22.945502], [70.325694, 22.945014], [70.330414, 22.943305], [70.334483, 22.940131], [70.339529, 22.935289], [70.34669, 22.931301], [70.352387, 22.933051], [70.357677, 22.936713], [70.363536, 22.938707], [70.384532, 22.93887], [70.392426, 22.940863], [70.398774, 22.945502], [70.401622, 22.953843], [70.403494, 22.967841], [70.403819, 22.981879], [70.402029, 22.99022], [70.401866, 22.999254], [70.410981, 23.023179], [70.40447, 23.033352], [70.401052, 23.045396], [70.398936, 23.059068], [70.398774, 23.069037], [70.410655, 23.086005], [70.450938, 23.105658], [70.459646, 23.114], [70.467133, 23.129706], [70.484223, 23.122138], [70.50294, 23.104397], [70.514903, 23.089545], [70.523692, 23.07038], [70.528494, 23.047065], [70.527192, 23.023586], [70.517914, 23.003892], [70.51238, 22.995347], [70.504731, 22.97956], [70.497569, 22.970038], [70.486339, 22.96369], [70.474294, 22.964057], [70.462738, 22.966539], [70.45338, 22.96662], [70.43686, 22.954901], [70.404633, 22.919501], [70.387706, 22.912014], [70.375255, 22.902655], [70.342947, 22.843166], [70.32545, 22.826321], [70.32252, 22.822659], [70.321544, 22.811713], [70.323253, 22.787665], [70.319102, 22.778266], [70.267263, 22.705959], [70.234874, 22.648871], [70.207286, 22.614976], [70.189708, 22.577786], [70.178477, 22.561957], [70.144705, 22.547797], [70.059093, 22.558417], [70.020844, 22.555121], [70.002696, 22.543158], [69.996267, 22.541449], [69.973888, 22.539984], [69.972992, 22.541449], [69.962087, 22.535346], [69.905284, 22.486396], [69.884776, 22.473578], [69.86378, 22.465766], [69.851085, 22.465237], [69.841807, 22.466376], [69.833263, 22.463813], [69.822276, 22.452094], [69.816905, 22.440985], [69.812999, 22.429511], [69.806977, 22.420966], [69.794932, 22.418606], [69.788748, 22.423163], [69.742198, 22.472968], [69.733409, 22.480048], [69.725352, 22.464545], [69.708995, 22.418891], [69.699392, 22.404283], [69.694509, 22.403957], [69.680837, 22.409613], [69.674653, 22.411078], [69.669444, 22.409247], [69.665212, 22.404975], [69.661306, 22.400214], [69.657725, 22.396877], [69.652354, 22.389879], [69.647227, 22.380439], [69.640391, 22.375963], [69.629731, 22.383775], [69.619884, 22.371039], [69.617442, 22.365058], [69.616059, 22.355902], [69.601085, 22.363837], [69.569021, 22.370551], [69.554698, 22.377631], [69.561697, 22.391588], [69.559825, 22.411526], [69.547862, 22.452094], [69.541026, 22.452094], [69.530772, 22.446112], [69.521983, 22.44892], [69.515961, 22.448147], [69.513682, 22.431586], [69.516938, 22.416083], [69.522797, 22.403876], [69.525645, 22.392076], [69.519867, 22.377631], [69.515147, 22.37519], [69.508556, 22.374254], [69.502696, 22.37226], [69.500011, 22.366767], [69.485362, 22.347561], [69.479666, 22.342231], [69.468923, 22.337836], [69.435395, 22.33039], [69.359874, 22.329169], [69.346446, 22.324897], [69.335704, 22.306138], [69.286469, 22.284613], [69.212087, 22.273912], [69.212087, 22.281399], [69.19044, 22.292304], [69.173839, 22.308295], [69.169688, 22.327948], [69.185313, 22.349677], [69.18214, 22.366441], [69.20574, 22.398668], [69.202159, 22.414862], [69.188243, 22.426418], [69.178559, 22.427639], [69.168793, 22.42064], [69.154633, 22.407701], [69.146983, 22.404853], [69.139822, 22.407131], [69.132009, 22.410468], [69.122732, 22.411078], [69.11378, 22.407864], [69.097423, 22.398871], [69.088552, 22.396877], [69.071788, 22.399482], [69.062266, 22.407701], [69.048188, 22.431586], [69.056, 22.44184], [69.074474, 22.449449], [69.082286, 22.45954], [69.085216, 22.472886], [69.081391, 22.480536], [69.073578, 22.481879], [69.047537, 22.464016], [69.007498, 22.443183], [68.992931, 22.431586], [68.983246, 22.419379], [68.974376, 22.404731], [68.967621, 22.387193], [68.965017, 22.366767], [68.960623, 22.349514], [68.951427, 22.334866], [68.944021, 22.318264], [68.944591, 22.295071], [68.953298, 22.276028], [68.980479, 22.235541], [68.994151, 22.203925], [69.012543, 22.185614], [69.048188, 22.157904], [69.092052, 22.099595], [69.103038, 22.076361], [69.119314, 22.062079], [69.150645, 22.041205], [69.198416, 21.979722], [69.21225, 21.967475], [69.243907, 21.94595], [69.336192, 21.862454], [69.355479, 21.853176], [69.367849, 21.856106], [69.39088, 21.876695], [69.395193, 21.861314], [69.391775, 21.83218], [69.397716, 21.815253], [69.427419, 21.781236], [69.4463, 21.766303], [69.478526, 21.752631], [69.49936, 21.720201], [69.519786, 21.704779], [69.552745, 21.665188], [69.568207, 21.650133], [69.629731, 21.616034], [69.756358, 21.490424], [69.771495, 21.47842], [69.788748, 21.469306], [69.808604, 21.465806], [69.814708, 21.433661], [69.844981, 21.389594], [69.911632, 21.315009], [69.958263, 21.273342], [69.966156, 21.263414], [69.968019, 21.258055], [70.054445, 21.153155], [70.152192, 21.078518], [70.26352, 20.980414], [70.299978, 20.958564], [70.336681, 20.927069], [70.398774, 20.90351], [70.417003, 20.890448], [70.451427, 20.855902], [70.463064, 20.848863], [70.484141, 20.84394], [70.541515, 20.807847], [70.562174, 20.799767], [70.698578, 20.746405], [70.730805, 20.723212], [70.740245, 20.718492], [70.751638, 20.719631], [70.763194, 20.724555], [70.774587, 20.727362], [70.785167, 20.722154], [70.801606, 20.709052], [70.819672, 20.702948], [70.84018, 20.70189], [70.902531, 20.70552], [70.972992, 20.709621], [70.982432, 20.71015], [71.000824, 20.722154], [71.005951, 20.736558], [71.00766, 20.741604], [71.024181, 20.744534], [71.044444, 20.740546], [71.062348, 20.738959], [71.072602, 20.745673], [71.083263, 20.756537], [71.09547, 20.763739], [71.110118, 20.759467], [71.116954, 20.766913], [71.140636, 20.765692], [71.318614, 20.849311], [71.378103, 20.859442], [71.46225, 20.885321], [71.480724, 20.900377], [71.484386, 20.917141], [71.493419, 20.929145], [71.536794, 20.964301], [71.551117, 20.973578], [71.569347, 20.979193], [71.562348, 20.972968], [71.557302, 20.96601], [71.549571, 20.951239], [71.583507, 20.958238], [71.639985, 20.996812], [71.68336, 21.011461], [71.699743, 21.021306], [71.717621, 21.03205], [71.730235, 21.030707], [71.743663, 21.027574], [71.76295, 21.032294], [71.788585, 21.047512], [71.806163, 21.062079], [71.92628, 21.130032], [71.972423, 21.13227], [71.990733, 21.136379], [72.055024, 21.168362], [72.062836, 21.174709], [72.066661, 21.181342], [72.07545, 21.185696], [72.084809, 21.188707], [72.090831, 21.191474], [72.104747, 21.205064], [72.104503, 21.222154], [72.093516, 21.243557], [72.090831, 21.252916], [72.093598, 21.258205], [72.099376, 21.26496], [72.10255, 21.2744], [72.097016, 21.287665], [72.107758, 21.289984], [72.111501, 21.296088], [72.110037, 21.304836], [72.104503, 21.315009], [72.116059, 21.32274], [72.151622, 21.360175], [72.15919, 21.373277], [72.16684, 21.392076], [72.2199, 21.444729], [72.242198, 21.48078], [72.275157, 21.595526], [72.279145, 21.600531], [72.292003, 21.611762], [72.295665, 21.616034], [72.298839, 21.626288], [72.298513, 21.633979], [72.296641, 21.642157], [72.295665, 21.653876], [72.292491, 21.659491], [72.285411, 21.665025], [72.278331, 21.671942], [72.271739, 21.690904], [72.263031, 21.692328], [72.251801, 21.690904], [72.240408, 21.691718], [72.230235, 21.69599], [72.223806, 21.700588], [72.219005, 21.706], [72.214366, 21.712836], [72.202403, 21.748114], [72.200043, 21.750067], [72.195811, 21.757799], [72.177013, 21.766669], [72.172699, 21.777737], [72.171072, 21.790961], [72.166026, 21.793931], [72.117442, 21.776597], [72.103201, 21.775214], [72.087413, 21.784491], [72.073904, 21.788723], [72.054942, 21.78559], [72.021821, 21.774319], [72.022309, 21.780911], [72.021495, 21.79442], [72.021821, 21.800971], [72.009613, 21.7956], [72.005382, 21.792955], [72.001475, 21.787909], [71.996104, 21.799506], [71.994151, 21.812201], [71.99464, 21.839504], [71.997325, 21.854926], [72.004161, 21.857733], [72.062836, 21.834377], [72.086762, 21.830268], [72.104503, 21.835761], [72.086436, 21.865627], [72.080333, 21.869859], [72.071788, 21.870795], [72.061534, 21.873114], [72.052908, 21.876532], [72.049327, 21.880439], [72.057953, 21.898749], [72.077647, 21.894436], [72.098481, 21.88052], [72.111339, 21.869859], [72.123302, 21.853746], [72.13087, 21.846259], [72.161876, 21.839179], [72.169444, 21.841376], [72.162608, 21.852851], [72.160004, 21.865912], [72.167328, 21.879136], [72.16977, 21.890448], [72.152354, 21.897854], [72.15919, 21.904608], [72.145356, 21.910834], [72.145356, 21.91767], [72.156505, 21.925849], [72.1421, 21.924994], [72.104503, 21.91767], [72.087576, 21.919664], [72.028656, 21.938788], [72.038422, 21.947577], [72.055186, 21.953518], [72.073253, 21.954495], [72.087413, 21.948432], [72.096202, 21.94302], [72.102061, 21.945054], [72.104828, 21.951483], [72.104503, 21.959215], [72.08253, 21.973375], [72.076508, 21.979722], [72.114919, 21.969387], [72.124848, 21.972317], [72.128103, 21.983547], [72.119314, 21.993638], [72.097016, 22.007025], [72.11378, 22.010565], [72.134288, 22.004584], [72.151703, 21.993883], [72.15919, 21.98314], [72.163422, 21.973212], [72.173106, 21.975653], [72.182465, 21.982733], [72.186371, 21.986558], [72.191173, 21.993638], [72.19516, 22.003648], [72.19988, 22.006985], [72.206309, 21.994045], [72.214366, 21.994045], [72.216482, 22.007799], [72.220958, 22.010972], [72.237315, 22.007025], [72.24936, 22.008287], [72.25766, 22.012152], [72.275157, 22.027533], [72.276134, 22.031643], [72.283458, 22.043606], [72.291759, 22.053412], [72.295665, 22.051174], [72.298025, 22.061672], [72.307628, 22.079006], [72.317231, 22.184882], [72.306488, 22.22956], [72.268321, 22.226752], [72.239106, 22.238918], [72.234141, 22.243557], [72.237315, 22.256293], [72.243175, 22.265937], [72.246104, 22.27558], [72.240408, 22.288235], [72.209239, 22.259426], [72.190684, 22.251288], [72.166026, 22.260321], [72.148774, 22.277899], [72.161794, 22.280951], [72.206309, 22.273912], [72.200938, 22.291449], [72.208507, 22.300442], [72.223399, 22.303168], [72.240408, 22.301907], [72.264659, 22.295233], [72.265961, 22.28734], [72.263194, 22.276353], [72.275157, 22.260321], [72.288341, 22.261298], [72.309093, 22.257229], [72.328298, 22.260728], [72.336599, 22.284817], [72.340505, 22.303209], [72.34962, 22.324368], [72.361013, 22.343451], [72.371349, 22.355902], [72.397227, 22.366767], [72.408051, 22.353461], [72.404959, 22.332953], [72.388194, 22.322333], [72.380382, 22.312405], [72.381033, 22.289944], [72.386241, 22.266506], [72.391856, 22.253485], [72.413748, 22.246324], [72.432302, 22.255845], [72.448741, 22.266832], [72.463878, 22.263983], [72.46697, 22.255845], [72.454845, 22.245307], [72.457042, 22.236721], [72.466156, 22.232571], [72.479015, 22.233385], [72.50172, 22.240424], [72.521169, 22.253119], [72.553071, 22.282457], [72.573741, 22.288235], [72.596365, 22.286933], [72.606619, 22.28384], [72.625011, 22.271389], [72.635265, 22.271633], [72.646495, 22.273912], [72.659434, 22.273912], [72.726573, 22.248928], [72.756602, 22.24372], [72.785411, 22.256903], [72.798676, 22.26557], [72.818207, 22.273424], [72.838634, 22.276557], [72.854259, 22.270819], [72.869477, 22.262397], [72.886078, 22.262397], [72.899669, 22.269192], [72.905772, 22.281399], [72.917491, 22.27143], [72.922699, 22.254584], [72.92213, 22.236518], [72.916026, 22.22309], [72.897227, 22.213039], [72.881114, 22.220404], [72.865082, 22.233466], [72.847423, 22.240424], [72.812266, 22.234117], [72.790212, 22.217231], [72.74822, 22.164049], [72.729259, 22.177436], [72.719412, 22.182196], [72.707774, 22.185777], [72.699718, 22.184963], [72.691661, 22.181952], [72.681895, 22.181586], [72.669607, 22.18891], [72.652354, 22.202338], [72.634451, 22.210395], [72.614106, 22.211737], [72.590505, 22.205024], [72.57545, 22.194525], [72.557384, 22.176663], [72.542166, 22.156724], [72.535899, 22.14053], [72.533376, 22.118557], [72.53004, 22.107489], [72.519542, 22.088446], [72.519542, 22.077541], [72.521495, 22.066148], [72.522227, 22.054267], [72.517751, 22.032131], [72.504568, 21.994208], [72.50172, 21.97602], [72.507091, 21.962307], [72.533376, 21.920315], [72.542735, 21.910834], [72.558604, 21.915269], [72.581798, 21.928168], [72.602712, 21.94359], [72.611583, 21.955512], [72.623057, 21.96662], [72.693533, 21.972317], [72.695649, 21.975898], [72.69752, 21.982123], [72.700938, 21.988918], [72.707774, 21.994045], [72.713715, 21.995795], [72.7199, 21.996324], [72.72641, 21.995754], [72.734548, 21.994045], [72.734548, 21.986558], [72.714041, 21.982978], [72.706798, 21.966132], [72.702322, 21.947577], [72.690115, 21.938788], [72.65211, 21.941067], [72.634044, 21.937486], [72.618419, 21.925116], [72.598806, 21.881008], [72.58546, 21.858873], [72.566905, 21.849351], [72.562755, 21.839423], [72.556326, 21.774319], [72.550141, 21.751939], [72.532074, 21.713853], [72.528494, 21.695136], [72.534679, 21.672919], [72.550304, 21.666693], [72.570486, 21.670478], [72.616059, 21.685452], [72.634939, 21.684638], [72.653005, 21.680569], [72.676443, 21.678127], [72.733246, 21.687486], [72.755626, 21.684963], [72.798106, 21.673529], [72.819184, 21.675035], [72.840343, 21.688381], [72.858165, 21.694973], [72.882823, 21.69302], [72.926931, 21.684963], [72.950206, 21.689154], [72.991466, 21.708441], [73.012462, 21.712836], [73.022472, 21.71601], [73.041026, 21.73017], [73.046641, 21.733344], [73.083995, 21.746405], [73.118826, 21.764716], [73.12615, 21.766832], [73.132009, 21.757799], [73.126964, 21.746772], [73.116954, 21.73725], [73.108165, 21.733344], [73.084972, 21.729682], [73.022472, 21.698554], [72.965343, 21.678778], [72.935557, 21.658352], [72.889659, 21.64053], [72.871593, 21.636542], [72.858735, 21.6376], [72.833995, 21.644477], [72.82309, 21.643948], [72.810395, 21.635077], [72.789073, 21.595526], [72.773204, 21.580512], [72.75115, 21.565131], [72.726817, 21.553168], [72.703949, 21.548407], [72.690115, 21.540676], [72.651052, 21.507025], [72.635102, 21.499335], [72.61964, 21.487372], [72.589854, 21.432766], [72.583669, 21.417426], [72.612478, 21.421861], [72.66505, 21.457221], [72.683279, 21.465806], [72.738292, 21.482856], [72.748546, 21.479641], [72.752615, 21.463568], [72.747081, 21.452867], [72.728282, 21.465806], [72.676443, 21.431627], [72.672862, 21.428127], [72.635102, 21.407457], [72.573741, 21.390082], [72.564626, 21.38581], [72.567638, 21.37641], [72.578868, 21.367011], [72.594086, 21.362779], [72.623383, 21.370266], [72.638682, 21.371243], [72.645763, 21.362779], [72.63852, 21.357164], [72.603201, 21.352729], [72.590505, 21.348538], [72.586762, 21.341213], [72.588634, 21.331977], [72.597911, 21.307563], [72.602061, 21.277655], [72.60613, 21.266588], [72.618419, 21.252916], [72.625173, 21.259345], [72.645763, 21.273383], [72.646983, 21.253607], [72.659353, 21.244696], [72.673188, 21.239081], [72.679861, 21.22899], [72.687673, 21.220445], [72.723643, 21.209133], [72.734548, 21.19892], [72.721039, 21.198798], [72.711762, 21.194037], [72.693533, 21.178453], [72.630382, 21.135972], [72.615489, 21.119818], [72.615001, 21.105862], [72.629649, 21.087958], [72.637869, 21.085395], [72.658702, 21.097602], [72.666352, 21.097398], [72.671235, 21.099799], [72.673025, 21.112616], [72.671886, 21.134426], [72.672699, 21.145738], [72.676443, 21.153632], [72.686697, 21.158149], [72.706554, 21.157701], [72.714041, 21.16413], [72.728689, 21.148098], [72.720551, 21.129706], [72.705821, 21.10635], [72.700369, 21.074774], [72.730154, 21.087836], [72.734548, 21.092475], [72.735606, 21.110745], [72.737641, 21.117377], [72.741954, 21.123236], [72.746349, 21.118354], [72.752778, 21.113715], [72.755626, 21.109565], [72.799571, 21.128811], [72.809581, 21.130032], [72.815929, 21.121487], [72.849864, 21.048], [72.844981, 21.038316], [72.82309, 21.03384], [72.783946, 21.040432], [72.766856, 21.03856], [72.771983, 21.023871], [72.781993, 21.010159], [72.787608, 21.006903], [72.799327, 21.005845], [72.80836, 21.003974], [72.816091, 20.99901], [72.8213, 20.991604], [72.82309, 20.982611], [72.832693, 20.972357], [72.85377, 20.974921], [72.875987, 20.98135], [72.888438, 20.982611], [72.886485, 20.962104], [72.856456, 20.947984], [72.836681, 20.929918], [72.864919, 20.897284], [72.854259, 20.887152], [72.845876, 20.851793], [72.836925, 20.835842], [72.875336, 20.862494], [72.881196, 20.865668], [72.893809, 20.870063], [72.900401, 20.868109], [72.888438, 20.851955], [72.880138, 20.829901], [72.885753, 20.807115], [72.900238, 20.79914], [72.919444, 20.821519], [72.924978, 20.810614], [72.922862, 20.80268], [72.919119, 20.7956], [72.919444, 20.787421], [72.926443, 20.780992], [72.936371, 20.776272], [72.944998, 20.770006], [72.946788, 20.759467], [72.940278, 20.759426], [72.898936, 20.732164], [72.90797, 20.718329], [72.909434, 20.698676], [72.905772, 20.653306], [72.902599, 20.641913], [72.888438, 20.628485], [72.885265, 20.619208], [72.886241, 20.608466], [72.890636, 20.587063], [72.891449, 20.575141], [72.890391, 20.55268], [72.886485, 20.531562], [72.879161, 20.512437], [72.840017, 20.458726], [72.829438, 20.437934], [72.82309, 20.416815], [72.820811, 20.386135], [72.817068, 20.375922], [72.810313, 20.368842], [72.798188, 20.35932], [72.786794, 20.35224], [72.781586, 20.352281], [72.777517, 20.330064], [72.767833, 20.311957], [72.756602, 20.295966], [72.74822, 20.280341], [72.743012, 20.247748], [72.741954, 20.245551], [72.741954, 20.225043], [72.744395, 20.219387], [72.749034, 20.218329], [72.753591, 20.218207], [72.755626, 20.215155], [72.752289, 20.203762], [72.737641, 20.184272], [72.734548, 20.173529], [72.728282, 20.129462], [72.710297, 20.082913], [72.707774, 20.071112], [72.707774, 20.012763], [72.70338, 19.997626], [72.694509, 19.979315], [72.684337, 19.964016], [72.676443, 19.957506], [72.665212, 19.952948], [72.662771, 19.941799], [72.666189, 19.916571], [72.664236, 19.881578], [72.65919, 19.866441], [72.649181, 19.851996], [72.650076, 19.841986], [72.672862, 19.812812], [72.679861, 19.800482], [72.675792, 19.764146], [72.677908, 19.746568], [72.690115, 19.748969], [72.728282, 19.793647], [72.732758, 19.779731], [72.73406, 19.771918], [72.734548, 19.762641], [72.731293, 19.754584], [72.724376, 19.752672], [72.717296, 19.751532], [72.714041, 19.745836], [72.718598, 19.727932], [72.72641, 19.715237], [72.72641, 19.705797], [72.707774, 19.697455], [72.7046, 19.706529], [72.699962, 19.714179], [72.694102, 19.720201], [72.686697, 19.724799], [72.709646, 19.64997], [72.718028, 19.606676], [72.710785, 19.587592], [72.722504, 19.536282], [72.741547, 19.516018], [72.749197, 19.5126], [72.755626, 19.519355], [72.754893, 19.527045], [72.749278, 19.534247], [72.734548, 19.546617], [72.739757, 19.55268], [72.740733, 19.560736], [72.738292, 19.570258], [72.734548, 19.580797], [72.741954, 19.580797], [72.76002, 19.573065], [72.770681, 19.566148], [72.775401, 19.557196], [72.777029, 19.545559], [72.781261, 19.536566], [72.787852, 19.53026], [72.795909, 19.526801], [72.815929, 19.52851], [72.835948, 19.536689], [72.8567, 19.541327], [72.879161, 19.532375], [72.769216, 19.490465], [72.754405, 19.481757], [72.746837, 19.467963], [72.74822, 19.444241], [72.759776, 19.388983], [72.763438, 19.380194], [72.787608, 19.345201], [72.802094, 19.331936], [72.818533, 19.330268], [72.836925, 19.348049], [72.855317, 19.339504], [72.883556, 19.316392], [72.898936, 19.307034], [72.916759, 19.303371], [72.970958, 19.307034], [72.987804, 19.300686], [73.001801, 19.286566], [73.012462, 19.272447], [73.019298, 19.266059], [73.029145, 19.259345], [73.028005, 19.244086], [73.03004, 19.227729], [73.049653, 19.217719], [73.026622, 19.205512], [73.010509, 19.224311], [72.988292, 19.27912], [72.972667, 19.293687], [72.959727, 19.294827], [72.946544, 19.289862], [72.930349, 19.286566], [72.900564, 19.290758], [72.885509, 19.296047], [72.867035, 19.316799], [72.839366, 19.319078], [72.785411, 19.31391], [72.775645, 19.299018], [72.772227, 19.265123], [72.775401, 19.204657], [72.789399, 19.217353], [72.802094, 19.23786], [72.815115, 19.253648], [72.830089, 19.252427], [72.819835, 19.240627], [72.802501, 19.211615], [72.783376, 19.168647], [72.781586, 19.159654], [72.784923, 19.150377], [72.792166, 19.150458], [72.799571, 19.156887], [72.805186, 19.17182], [72.811209, 19.175523], [72.818044, 19.17536], [72.82309, 19.169257], [72.822439, 19.163764], [72.812185, 19.153713], [72.809581, 19.146308], [72.811778, 19.137356], [72.821056, 19.119208], [72.82309, 19.108466], [72.821951, 19.097113], [72.809581, 19.06684], [72.8213, 19.063178], [72.824229, 19.053534], [72.821788, 19.041978], [72.817068, 19.032701], [72.812999, 19.035549], [72.802745, 19.040188], [72.804942, 19.011054], [72.802419, 18.999661], [72.795909, 18.984931], [72.776052, 18.959703], [72.770356, 18.948188], [72.775401, 18.93651], [72.788259, 18.946519], [72.792328, 18.951239], [72.795909, 18.957587], [72.802745, 18.957587], [72.807384, 18.942816], [72.805349, 18.930976], [72.802013, 18.920478], [72.802745, 18.909817], [72.812511, 18.897447], [72.8213, 18.903306], [72.827647, 18.918362], [72.836274, 18.959133], [72.851085, 18.987128], [72.869314, 19.01142], [72.885265, 19.025865], [72.891449, 19.00137], [72.891449, 18.991767], [72.934255, 19.034084], [72.94337, 19.055121], [72.926931, 19.06684], [72.93393, 19.080308], [72.935557, 19.115058], [72.950043, 19.127916], [72.967296, 19.163072], [72.974783, 19.163072], [72.967296, 19.09101], [72.973806, 19.078559], [72.985688, 19.074286], [72.991873, 19.067206], [72.980968, 19.046373], [72.987804, 19.036933], [72.983572, 19.010443], [72.988292, 18.998603], [73.011892, 19.009426], [73.039806, 19.017524], [73.056814, 19.015326], [73.046641, 18.995185], [73.042166, 18.995754], [72.992035, 18.982489], [72.968272, 18.972602], [72.953624, 18.971259], [72.953624, 18.964423], [72.988292, 18.964423], [72.977224, 18.948432], [72.96339, 18.947984], [72.949229, 18.951483], [72.936778, 18.947414], [72.934581, 18.920803], [72.928071, 18.911363], [72.912608, 18.923489], [72.896821, 18.894477], [72.91627, 18.87051], [72.946137, 18.858303], [72.961681, 18.865139], [72.963145, 18.868964], [72.96697, 18.872138], [72.972179, 18.874254], [72.977794, 18.874986], [72.9817, 18.871487], [72.979747, 18.863349], [72.976085, 18.854397], [72.974783, 18.848334], [72.981293, 18.832709], [72.987966, 18.824937], [73.016287, 18.813625], [73.002452, 18.801459], [72.99171, 18.779364], [72.988048, 18.753852], [72.995128, 18.731024], [72.980642, 18.736762], [72.969574, 18.746975], [72.966319, 18.76142], [72.974783, 18.779486], [72.938975, 18.816962], [72.926931, 18.826646], [72.912608, 18.799994], [72.902029, 18.799506], [72.887055, 18.807034], [72.879161, 18.807359], [72.865571, 18.799384], [72.856944, 18.7862], [72.852387, 18.769924], [72.851736, 18.719672], [72.855317, 18.681138], [72.864513, 18.648912], [72.882172, 18.635484], [72.905772, 18.577135], [72.910167, 18.558987], [72.921153, 18.554877], [72.950206, 18.56037], [72.960297, 18.554674], [72.970388, 18.541002], [72.977875, 18.524115], [72.980968, 18.508857], [72.98878, 18.489936], [73.004405, 18.480048], [73.014985, 18.469957], [73.0088, 18.450507], [72.990245, 18.469957], [72.961111, 18.517727], [72.946788, 18.532416], [72.924653, 18.535631], [72.907237, 18.523586], [72.895763, 18.502997], [72.891449, 18.480902], [72.889659, 18.441311], [72.891449, 18.429389], [72.897227, 18.417304], [72.904307, 18.408515], [72.910167, 18.399237], [72.912608, 18.385647], [72.911632, 18.377346], [72.910167, 18.372504], [72.909841, 18.368069], [72.912608, 18.361151], [72.917328, 18.356391], [72.922537, 18.356635], [72.927908, 18.357571], [72.933604, 18.354926], [72.950857, 18.332953], [72.958751, 18.328111], [72.974783, 18.327582], [72.968028, 18.310614], [72.977387, 18.295071], [72.994884, 18.283596], [73.012462, 18.279202], [73.042979, 18.282375], [73.056977, 18.280951], [73.071544, 18.273017], [73.065278, 18.257554], [73.073985, 18.224189], [73.071544, 18.204088], [73.057465, 18.185614], [73.047618, 18.188788], [73.047618, 18.201158], [73.063487, 18.210354], [73.050955, 18.227484], [73.0324, 18.23786], [73.012462, 18.24315], [72.995128, 18.245063], [72.98227, 18.244208], [72.976736, 18.24258], [72.972667, 18.244696], [72.964529, 18.25495], [72.959239, 18.265855], [72.95753, 18.274604], [72.953136, 18.281317], [72.939952, 18.286038], [72.935069, 18.276313], [72.933279, 18.266588], [72.934825, 18.25788], [72.939952, 18.251288], [72.935232, 18.244778], [72.926931, 18.223944], [72.954845, 18.217515], [72.967296, 18.19599], [72.976085, 18.118638], [72.978363, 18.111884], [72.98463, 18.104193], [72.988129, 18.096015], [72.986664, 18.087714], [72.983165, 18.081732], [72.980968, 18.080552], [72.987315, 18.066555], [73.00115, 18.052069], [73.0088, 18.039008], [73.015147, 18.04914], [73.022716, 18.057685], [73.031993, 18.06391], [73.043468, 18.066962], [73.042247, 18.048977], [73.032481, 18.041083], [73.019542, 18.035875], [73.0088, 18.025946], [73.005219, 18.012356], [73.008637, 18.00023], [73.018891, 17.992499], [73.035411, 17.991848], [73.0171, 17.972113], [73.018565, 17.951728], [73.065196, 17.878363], [73.073741, 17.857123], [73.079438, 17.824612], [73.08546, 17.813666], [73.101329, 17.796332], [73.106619, 17.785549], [73.109874, 17.758287], [73.115001, 17.748196], [73.123302, 17.735785], [73.12322, 17.723334], [73.117361, 17.711249], [73.108165, 17.699774], [73.105479, 17.68891], [73.110525, 17.675727], [73.118907, 17.663479], [73.12615, 17.655422], [73.120291, 17.642035], [73.121349, 17.62641], [73.128184, 17.611558], [73.139171, 17.600775], [73.154063, 17.595608], [73.185883, 17.592515], [73.200694, 17.586493], [73.163422, 17.569485], [73.149425, 17.567288], [73.136404, 17.567206], [73.12794, 17.564683], [73.125987, 17.556545], [73.131684, 17.539374], [73.165538, 17.503404], [73.180675, 17.477688], [73.17335, 17.457424], [73.185395, 17.441881], [73.177094, 17.426663], [73.165294, 17.413031], [73.166515, 17.402167], [73.170584, 17.389716], [73.195974, 17.369371], [73.207367, 17.353746], [73.234711, 17.302314], [73.249034, 17.284857], [73.231212, 17.279283], [73.217133, 17.286851], [73.203461, 17.298733], [73.187022, 17.305976], [73.193126, 17.294013], [73.211192, 17.275092], [73.214854, 17.268744], [73.218028, 17.253241], [73.236013, 17.220608], [73.236176, 17.199205], [73.255138, 17.165188], [73.26059, 17.150539], [73.261974, 17.134955], [73.255138, 17.120998], [73.267426, 17.101386], [73.275727, 17.078599], [73.277354, 17.054674], [73.269379, 17.031643], [73.258962, 17.044094], [73.251475, 17.042426], [73.251231, 17.032172], [73.262706, 17.018541], [73.254568, 17.006741], [73.26238, 16.996975], [73.289399, 16.983832], [73.274913, 16.958645], [73.270518, 16.945014], [73.269379, 16.929185], [73.279063, 16.891913], [73.279552, 16.887641], [73.269379, 16.875637], [73.274669, 16.848822], [73.286632, 16.820868], [73.296886, 16.80565], [73.303722, 16.813137], [73.304454, 16.793524], [73.295258, 16.768052], [73.289561, 16.74022], [73.300304, 16.713202], [73.31658, 16.699897], [73.321625, 16.69245], [73.323497, 16.679104], [73.321462, 16.670844], [73.312511, 16.658393], [73.310557, 16.651435], [73.312185, 16.644721], [73.323497, 16.620673], [73.338878, 16.631659], [73.354259, 16.63467], [73.366466, 16.628079], [73.371267, 16.610175], [73.368663, 16.599026], [73.363048, 16.596829], [73.358409, 16.603949], [73.358246, 16.620673], [73.326996, 16.607123], [73.323497, 16.606431], [73.316091, 16.600043], [73.314626, 16.599433], [73.316091, 16.598293], [73.317231, 16.590277], [73.322765, 16.576158], [73.336436, 16.565619], [73.354015, 16.559638], [73.371267, 16.559272], [73.365001, 16.554389], [73.35434, 16.543158], [73.350841, 16.538153], [73.356212, 16.530748], [73.362315, 16.525458], [73.369477, 16.52147], [73.378673, 16.518297], [73.355724, 16.519436], [73.344005, 16.523586], [73.323497, 16.544989], [73.321951, 16.548489], [73.314952, 16.557603], [73.307302, 16.563178], [73.303722, 16.555569], [73.302989, 16.533026], [73.305837, 16.52265], [73.313813, 16.518297], [73.319184, 16.509752], [73.333995, 16.468166], [73.341319, 16.432074], [73.352061, 16.418118], [73.367442, 16.408637], [73.384939, 16.401597], [73.373057, 16.395657], [73.364431, 16.389309], [73.359386, 16.380601], [73.358246, 16.367499], [73.375662, 16.360256], [73.378673, 16.35692], [73.377778, 16.337958], [73.378673, 16.332709], [73.406098, 16.2508], [73.410411, 16.230455], [73.413585, 16.223944], [73.419688, 16.216702], [73.425955, 16.215155], [73.430837, 16.218736], [73.435232, 16.217841], [73.440196, 16.202338], [73.440196, 16.162014], [73.447032, 16.113593], [73.448009, 16.143297], [73.45281, 16.166571], [73.465017, 16.182278], [73.487966, 16.189358], [73.479259, 16.177232], [73.470225, 16.168891], [73.46339, 16.159573], [73.460704, 16.14468], [73.460704, 16.08633], [73.45753, 16.079535], [73.452973, 16.074164], [73.447032, 16.068915], [73.450369, 16.058905], [73.45753, 16.054185], [73.464854, 16.051663], [73.46811, 16.048489], [73.472504, 16.036363], [73.483897, 16.028225], [73.499278, 16.024319], [73.515961, 16.024848], [73.515961, 16.017401], [73.487315, 16.014228], [73.490977, 15.993476], [73.510102, 15.967597], [73.528982, 15.949164], [73.587576, 15.902899], [73.604666, 15.880845], [73.638845, 15.817206], [73.646251, 15.792141], [73.643565, 15.749091], [73.646251, 15.736884], [73.656016, 15.730292], [73.672374, 15.726508], [73.689871, 15.724473], [73.700857, 15.723212], [73.686778, 15.713121], [73.685883, 15.704291], [73.690766, 15.693793], [73.697927, 15.662828], [73.707042, 15.643704], [73.718272, 15.627143], [73.728282, 15.619574], [73.733246, 15.625067], [73.76824, 15.646918], [73.776622, 15.650865], [73.783865, 15.659125], [73.801036, 15.661851], [73.838145, 15.661119], [73.838145, 15.654283], [73.787364, 15.641791], [73.760427, 15.632025], [73.748709, 15.616767], [73.746593, 15.608385], [73.74171, 15.604193], [73.737071, 15.598538], [73.735118, 15.586005], [73.736827, 15.571723], [73.741222, 15.559963], [73.756114, 15.537584], [73.751231, 15.513129], [73.766287, 15.49726], [73.786388, 15.492174], [73.796397, 15.500393], [73.865977, 15.537584], [73.865977, 15.531399], [73.860525, 15.525865], [73.859548, 15.521145], [73.863129, 15.516343], [73.872244, 15.510932], [73.828136, 15.50141], [73.817556, 15.496649], [73.808849, 15.488023], [73.800466, 15.475002], [73.795177, 15.460761], [73.796397, 15.448879], [73.806163, 15.452216], [73.841563, 15.448879], [73.846853, 15.447089], [73.854177, 15.4383], [73.858572, 15.435207], [73.865082, 15.434312], [73.879161, 15.435777], [73.885916, 15.435207], [73.927582, 15.417385], [73.937022, 15.411322], [73.959972, 15.380683], [73.967784, 15.373765], [73.964203, 15.370185], [73.961681, 15.368232], [73.958507, 15.367174], [73.954112, 15.366278], [73.945323, 15.385688], [73.93336, 15.395413], [73.899587, 15.407904], [73.884939, 15.398017], [73.871918, 15.401842], [73.860118, 15.407864], [73.848399, 15.404486], [73.839366, 15.404039], [73.782888, 15.407904], [73.810395, 15.37759], [73.827403, 15.36518], [73.848399, 15.360093], [73.869477, 15.359565], [73.882579, 15.355292], [73.891287, 15.343207], [73.947276, 15.160834], [73.954112, 15.16828], [73.962169, 15.152045], [73.958263, 15.143134], [73.937022, 15.130439], [73.928966, 15.120592], [73.922537, 15.107856], [73.913097, 15.078925], [73.964366, 15.064643], [73.972992, 15.056871], [73.995779, 15.010688], [74.006847, 15.004869], [74.020193, 15.001776], [74.031261, 14.995307], [74.035981, 14.979641], [74.031016, 14.949774], [74.030284, 14.935207], [74.035981, 14.921291], [74.077159, 14.898383], [74.081065, 14.893988], [74.091156, 14.8876], [74.103038, 14.85692], [74.111827, 14.846177], [74.125011, 14.845852], [74.14088, 14.852688], [74.154063, 14.862128], [74.159516, 14.869778], [74.166189, 14.876532], [74.19752, 14.890855], [74.208018, 14.900824], [74.211192, 14.887356], [74.220876, 14.882066], [74.230724, 14.880113], [74.235199, 14.876532], [74.233084, 14.864569], [74.226899, 14.862738], [74.21811, 14.865383], [74.208018, 14.866645], [74.190684, 14.863105], [74.178966, 14.856269], [74.169688, 14.844468], [74.159516, 14.82567], [74.151541, 14.83511], [74.140473, 14.838772], [74.128754, 14.83747], [74.118663, 14.831855], [74.114268, 14.82095], [74.114024, 14.808417], [74.109141, 14.802639], [74.091319, 14.811428], [74.096446, 14.793362], [74.111339, 14.780341], [74.145844, 14.763617], [74.146495, 14.761868], [74.153331, 14.749945], [74.157725, 14.748969], [74.169444, 14.750881], [74.173839, 14.749945], [74.180675, 14.742174], [74.194347, 14.715806], [74.208751, 14.731838], [74.22047, 14.738105], [74.23406, 14.734076], [74.25294, 14.71894], [74.263194, 14.701606], [74.269216, 14.658922], [74.276215, 14.640082], [74.266856, 14.631293], [74.268077, 14.61994], [74.27589, 14.610175], [74.28712, 14.605943], [74.301117, 14.60932], [74.312266, 14.615465], [74.323904, 14.618598], [74.339041, 14.612779], [74.339041, 14.605943], [74.307384, 14.601874], [74.295177, 14.587307], [74.295909, 14.565009], [74.303559, 14.537665], [74.300548, 14.527411], [74.309825, 14.519436], [74.32488, 14.517239], [74.339041, 14.523993], [74.342947, 14.536851], [74.340994, 14.551174], [74.342947, 14.563666], [74.358735, 14.571234], [74.355805, 14.562405], [74.355479, 14.557074], [74.358735, 14.544582], [74.364106, 14.54914], [74.368337, 14.549709], [74.379242, 14.544582], [74.377126, 14.541002], [74.374685, 14.533759], [74.372406, 14.530219], [74.385427, 14.524115], [74.427745, 14.476264], [74.401134, 14.479722], [74.397634, 14.475409], [74.407237, 14.461982], [74.388845, 14.462714], [74.377452, 14.484605], [74.367035, 14.512356], [74.351899, 14.530219], [74.353852, 14.505072], [74.374278, 14.467271], [74.381602, 14.43122], [74.386729, 14.424221], [74.391856, 14.419013], [74.394216, 14.410793], [74.394379, 14.384914], [74.396983, 14.372748], [74.403575, 14.362982], [74.412608, 14.344794], [74.415375, 14.301093], [74.427745, 14.28384], [74.436371, 14.27969], [74.500011, 14.257961], [74.508962, 14.250312], [74.494965, 14.247463], [74.471039, 14.248684], [74.447032, 14.253974], [74.43336, 14.263373], [74.429047, 14.240424], [74.438731, 14.22012], [74.467459, 14.181383], [74.473155, 14.161689], [74.474864, 14.105699], [74.479177, 14.095649], [74.491384, 14.080634], [74.495372, 14.071519], [74.496267, 14.06151], [74.494802, 14.040717], [74.495372, 14.030585], [74.504731, 14.01024], [74.536388, 13.969875], [74.550792, 13.945502], [74.583995, 13.903876], [74.595958, 13.871487], [74.614594, 13.835517], [74.623057, 13.774156], [74.646983, 13.692084], [74.660492, 13.660061], [74.676036, 13.701077], [74.687755, 13.711819], [74.701427, 13.69477], [74.688975, 13.690863], [74.688324, 13.68594], [74.701427, 13.673733], [74.712901, 13.656195], [74.720551, 13.652289], [74.735606, 13.653795], [74.723806, 13.645575], [74.709972, 13.64057], [74.696788, 13.640448], [74.687185, 13.646959], [74.680919, 13.646959], [74.679698, 13.636461], [74.677094, 13.630316], [74.672862, 13.628892], [74.666677, 13.632758], [74.667166, 13.628607], [74.667979, 13.625149], [74.669932, 13.622016], [74.673513, 13.619086], [74.671397, 13.603949], [74.677989, 13.54914], [74.677094, 13.52676], [74.701427, 13.461371], [74.702403, 13.442613], [74.701915, 13.420356], [74.708263, 13.413031], [74.693696, 13.415269], [74.690766, 13.439114], [74.680919, 13.468248], [74.68336, 13.442816], [74.687511, 13.410346], [74.694591, 13.393134], [74.689464, 13.381578], [74.696137, 13.365953], [74.707205, 13.348375], [74.715099, 13.331041], [74.733409, 13.262763], [74.737804, 13.221381], [74.74879, 13.170844], [74.75294, 13.160386], [74.759776, 13.155219], [74.761892, 13.143134], [74.76295, 13.118801], [74.769216, 13.099555], [74.774099, 13.093411], [74.783376, 13.084662], [74.770274, 13.052436], [74.817556, 12.861762], [74.850597, 12.857164], [74.894786, 12.871161], [74.940929, 12.878607], [74.932872, 12.866441], [74.917491, 12.85814], [74.901134, 12.85342], [74.889822, 12.851874], [74.881114, 12.848049], [74.866954, 12.830024], [74.859141, 12.824612], [74.85141, 12.825507], [74.824962, 12.838202], [74.827647, 12.824652], [74.834972, 12.815823], [74.844005, 12.80801], [74.852306, 12.797309], [74.854747, 12.787014], [74.854259, 12.765286], [74.855724, 12.759426], [74.870128, 12.742865], [74.879649, 12.725491], [74.955251, 12.537258], [74.976736, 12.507025], [74.985362, 12.49136], [74.98878, 12.471381], [74.992035, 12.461737], [74.99936, 12.454901], [75.006602, 12.449449], [75.009939, 12.443793], [75.010997, 12.435777], [75.018403, 12.41474], [75.082856, 12.305894], [75.098643, 12.269029], [75.104747, 12.24608], [75.10613, 12.23371], [75.105479, 12.221259], [75.113943, 12.23017], [75.11964, 12.239], [75.12672, 12.245836], [75.139659, 12.248603], [75.139659, 12.241767], [75.13087, 12.207831], [75.143809, 12.161322], [75.180512, 12.077297], [75.18629, 12.041571], [75.193696, 12.022284], [75.208507, 12.008368], [75.207042, 12.01203], [75.210623, 12.016995], [75.216482, 12.021064], [75.222179, 12.02204], [75.224457, 12.019355], [75.228201, 12.015082], [75.233246, 12.010484], [75.239268, 12.008368], [75.245616, 12.002916], [75.276703, 11.967434], [75.260509, 11.997789], [75.264334, 12.013332], [75.30421, 12.043158], [75.305593, 12.041775], [75.324962, 12.02265], [75.329763, 12.012641], [75.314708, 12.008368], [75.281098, 12.010647], [75.278819, 12.003241], [75.290375, 11.981106], [75.302257, 11.966051], [75.316091, 11.955634], [75.331716, 11.94953], [75.349132, 11.947577], [75.361339, 11.951239], [75.380219, 11.968695], [75.393403, 11.97484], [75.385997, 11.958319], [75.382823, 11.945502], [75.386567, 11.935126], [75.400238, 11.926459], [75.400238, 11.920233], [75.326508, 11.935858], [75.307628, 11.932196], [75.324555, 11.899115], [75.349376, 11.871975], [75.35255, 11.861558], [75.355805, 11.857652], [75.372569, 11.864732], [75.379731, 11.864976], [75.506114, 11.72724], [75.530772, 11.693671], [75.585297, 11.563381], [75.581879, 11.549791], [75.600841, 11.523383], [75.606293, 11.505316], [75.608897, 11.484931], [75.616547, 11.473619], [75.630138, 11.468736], [75.650157, 11.46776], [75.664806, 11.462633], [75.677094, 11.4501], [75.69516, 11.419989], [75.711192, 11.381781], [75.722179, 11.367499], [75.735525, 11.371527], [75.742442, 11.35871], [75.739513, 11.350735], [75.729259, 11.343655], [75.730805, 11.331732], [75.733653, 11.325181], [75.737804, 11.319485], [75.742931, 11.310126], [75.832774, 11.097846], [75.880138, 10.932685], [75.894542, 10.849758], [75.911143, 10.809231], [75.94158, 10.79621], [75.936534, 10.790717], [75.924083, 10.780707], [75.921072, 10.775702], [75.922048, 10.76557], [75.926931, 10.757717], [75.93214, 10.750963], [75.934744, 10.74433], [75.939138, 10.72606], [75.999685, 10.605536], [76.008067, 10.567084], [76.018728, 10.553412], [76.044607, 10.529283], [76.052419, 10.513983], [76.063324, 10.47016], [76.065115, 10.449856], [76.070079, 10.432807], [76.10613, 10.38467], [76.120616, 10.343573], [76.138194, 10.261054], [76.153168, 10.22016], [76.160492, 10.206244], [76.170584, 10.193752], [76.184093, 10.189358], [76.201671, 10.199693], [76.209483, 10.21601], [76.207856, 10.234565], [76.194835, 10.268622], [76.206309, 10.262885], [76.21339, 10.253241], [76.22283, 10.234442], [76.227794, 10.23428], [76.234386, 10.237942], [76.240245, 10.238959], [76.242686, 10.231024], [76.24171, 10.223944], [76.237315, 10.216986], [76.236339, 10.210273], [76.224132, 10.196926], [76.177501, 10.17064], [76.177745, 10.155341], [76.184581, 10.144924], [76.184906, 10.13581], [76.181163, 10.121161], [76.182384, 10.105658], [76.21461, 10.024482], [76.228201, 9.999945], [76.242686, 9.987454], [76.235037, 10.005072], [76.230968, 10.025824], [76.229015, 10.065904], [76.223481, 10.082099], [76.213552, 10.098822], [76.20753, 10.117133], [76.215343, 10.138251], [76.222911, 10.117621], [76.227712, 10.109565], [76.236339, 10.103461], [76.245128, 10.1022], [76.255056, 10.047675], [76.273936, 10.035834], [76.269298, 10.016262], [76.278168, 9.977932], [76.294281, 9.951321], [76.311534, 9.966946], [76.320811, 9.953315], [76.359223, 9.915432], [76.36378, 9.899237], [76.38559, 9.861518], [76.394054, 9.842841], [76.396495, 9.822659], [76.391287, 9.812201], [76.384044, 9.802639], [76.380382, 9.785102], [76.382091, 9.774726], [76.390798, 9.756985], [76.394054, 9.747219], [76.394786, 9.735175], [76.3921, 9.716946], [76.394054, 9.706244], [76.402599, 9.710598], [76.410004, 9.700263], [76.414561, 9.682685], [76.41505, 9.636176], [76.419607, 9.614488], [76.419688, 9.594184], [76.406993, 9.569078], [76.417247, 9.561428], [76.428233, 9.555406], [76.448497, 9.563422], [76.466563, 9.556383], [76.484386, 9.543769], [76.503266, 9.53498], [76.477061, 9.50373], [76.458995, 9.497301], [76.435069, 9.507636], [76.425792, 9.505276], [76.37672, 9.514472], [76.357432, 9.520697], [76.353282, 9.535346], [76.372895, 9.624335], [76.379161, 9.637763], [76.386567, 9.649848], [76.392426, 9.662828], [76.394054, 9.678941], [76.377126, 9.695502], [76.368012, 9.715562], [76.359223, 9.768297], [76.358653, 9.781806], [76.361095, 9.80386], [76.359223, 9.816107], [76.353038, 9.82982], [76.337413, 9.856187], [76.332693, 9.870754], [76.320079, 9.86164], [76.323985, 9.846177], [76.346202, 9.816107], [76.337576, 9.789252], [76.347341, 9.726874], [76.346202, 9.699408], [76.338878, 9.699408], [76.313813, 9.861314], [76.308604, 9.879625], [76.29713, 9.870754], [76.304698, 9.856269], [76.299978, 9.847805], [76.289806, 9.843817], [76.280772, 9.842841], [76.284434, 9.848212], [76.288259, 9.861233], [76.289073, 9.877143], [76.28419, 9.891181], [76.278575, 9.876899], [76.277354, 9.870754], [76.266856, 9.876044], [76.26059, 9.884711], [76.25766, 9.895819], [76.256847, 9.908596], [76.262218, 9.911566], [76.285655, 9.904364], [76.291026, 9.908596], [76.284679, 9.928534], [76.269542, 9.950995], [76.251475, 9.963121], [76.236339, 9.952704], [76.240245, 9.939399], [76.246755, 9.893744], [76.253184, 9.883734], [76.277354, 9.809272], [76.29713, 9.658433], [76.291026, 9.633205], [76.311778, 9.492987], [76.362966, 9.325181], [76.442556, 9.145168], [76.448741, 9.145168], [76.446788, 9.159613], [76.416026, 9.236314], [76.414561, 9.246975], [76.428233, 9.245347], [76.44337, 9.212144], [76.462413, 9.151353], [76.469086, 9.151353], [76.470958, 9.160142], [76.473318, 9.164252], [76.482758, 9.17182], [76.476248, 9.131252], [76.476573, 9.116604], [76.469086, 9.116604], [76.468272, 9.124579], [76.466645, 9.128974], [76.464529, 9.132514], [76.462413, 9.138332], [76.46046, 9.114936], [76.489268, 9.055569], [76.500173, 9.022284], [76.513845, 9.002143], [76.516856, 8.990627], [76.517914, 8.977444], [76.521495, 8.96133], [76.528087, 8.946967], [76.538097, 8.939114], [76.534434, 8.957831], [76.538829, 8.972602], [76.549653, 8.984442], [76.56544, 8.99433], [76.561534, 8.97899], [76.558116, 8.973049], [76.551117, 8.966376], [76.558604, 8.952094], [76.565929, 8.963284], [76.576834, 8.994127], [76.582774, 9.000556], [76.606456, 8.989407], [76.620616, 8.987128], [76.62672, 8.997463], [76.632091, 9.002346], [76.644054, 9.00788], [76.657888, 9.010688], [76.668468, 9.007392], [76.668468, 8.999823], [76.656505, 8.995063], [76.641938, 8.99136], [76.634288, 8.986884], [76.640391, 8.984442], [76.65211, 8.977281], [76.660818, 8.969875], [76.657563, 8.966376], [76.603282, 8.973212], [76.593272, 8.968207], [76.582286, 8.956366], [76.573985, 8.942572], [76.572276, 8.931627], [76.581554, 8.919908], [76.593761, 8.921047], [76.60727, 8.925767], [76.620616, 8.925442], [76.609874, 8.917955], [76.591156, 8.908149], [76.573253, 8.904446], [76.559093, 8.925238], [76.548106, 8.924221], [76.543956, 8.912502], [76.558604, 8.890692], [76.644542, 8.818996], [76.66033, 8.79975], [76.695649, 8.739814], [76.731293, 8.707953], [76.74171, 8.684516], [76.813731, 8.601264], [76.826508, 8.56981], [76.880138, 8.520697], [76.962576, 8.40469], [76.99586, 8.368109], [77.110362, 8.285183], [77.128754, 8.271796], [77.225271, 8.184394], [77.238943, 8.175116], [77.26295, 8.168402], [77.286794, 8.15351], [77.294688, 8.14704], [77.308604, 8.130927], [77.315603, 8.127753], [77.449718, 8.08747], [77.510916, 8.075995], [77.565278, 8.082506], [77.561046, 8.114569], [77.595225, 8.138983], [77.643809, 8.155707], [77.752452, 8.173814], [77.768321, 8.181545], [77.793468, 8.215318], [77.806163, 8.228664], [77.999766, 8.344916], [78.038829, 8.360907], [78.055919, 8.363715], [78.062755, 8.373196], [78.079845, 8.431952], [78.087169, 8.440497], [78.114594, 8.466132], [78.123302, 8.477525], [78.128266, 8.488023], [78.142345, 8.593085], [78.135509, 8.6258], [78.114594, 8.657904], [78.142589, 8.657904], [78.136729, 8.669867], [78.140473, 8.680609], [78.154959, 8.698879], [78.164806, 8.726508], [78.1692, 8.733629], [78.186534, 8.74494], [78.2046, 8.753323], [78.21518, 8.765448], [78.210216, 8.788275], [78.20045, 8.76968], [78.188731, 8.765448], [78.175792, 8.763902], [78.162364, 8.753485], [78.170421, 8.771877], [78.17449, 8.79442], [78.177908, 8.86107], [78.182791, 8.877102], [78.217621, 8.938951], [78.239757, 8.965562], [78.377452, 9.07746], [78.41212, 9.09984], [78.44988, 9.116604], [78.48585, 9.124823], [78.618826, 9.14053], [78.634776, 9.144599], [78.648936, 9.151435], [78.655121, 9.161566], [78.661306, 9.177191], [78.67628, 9.184149], [78.727794, 9.187445], [78.740733, 9.192816], [78.751964, 9.200588], [78.761567, 9.209703], [78.77711, 9.219387], [78.815196, 9.22842], [78.843761, 9.243964], [78.861013, 9.248969], [78.895518, 9.253811], [78.90447, 9.253567], [78.911306, 9.252143], [78.918468, 9.251614], [78.928966, 9.253811], [78.948985, 9.270494], [78.956798, 9.274848], [78.988943, 9.278266], [79.025727, 9.273749], [79.060802, 9.264594], [79.087169, 9.253811], [79.098643, 9.257229], [79.129405, 9.256334], [79.165375, 9.274237], [79.184093, 9.271796], [79.20102, 9.266506], [79.21697, 9.267401], [79.232432, 9.25788], [79.292735, 9.250312], [79.361013, 9.213446], [79.424001, 9.159084], [79.440278, 9.151353], [79.453624, 9.159003], [79.438243, 9.176337], [79.367931, 9.227607], [79.353526, 9.240912], [79.347341, 9.250312], [79.345225, 9.255927], [79.340587, 9.260932], [79.335704, 9.267646], [79.333669, 9.278266], [79.336681, 9.290473], [79.34254, 9.299018], [79.345714, 9.306545], [79.341075, 9.315863], [79.320079, 9.32331], [79.29713, 9.312649], [79.273774, 9.296698], [79.25172, 9.28852], [79.115571, 9.291246], [79.074718, 9.299872], [79.039887, 9.314683], [78.959727, 9.384955], [78.933442, 9.416449], [78.915294, 9.45303], [78.913259, 9.47427], [78.925304, 9.513617], [78.931488, 9.561672], [78.938324, 9.583686], [78.94752, 9.602851], [78.956798, 9.617499], [78.962087, 9.622707], [78.97283, 9.631293], [78.977306, 9.637926], [78.980235, 9.649115], [78.979828, 9.658637], [78.980805, 9.667182], [79.038829, 9.747219], [79.07781, 9.782172], [79.094086, 9.802314], [79.100841, 9.826077], [79.103526, 9.830146], [79.121349, 9.850246], [79.141856, 9.891181], [79.200369, 9.970282], [79.240733, 10.010565], [79.279063, 10.035834], [79.254161, 10.054267], [79.244314, 10.084947], [79.237478, 10.151923], [79.236339, 10.166571], [79.240001, 10.179755], [79.248302, 10.189195], [79.261974, 10.192857], [79.269216, 10.197821], [79.270681, 10.20954], [79.270274, 10.223334], [79.272227, 10.234442], [79.286143, 10.252834], [79.304942, 10.268134], [79.36378, 10.301907], [79.385509, 10.320136], [79.398123, 10.324652], [79.411957, 10.32099], [79.437266, 10.309556], [79.459727, 10.308295], [79.511485, 10.316596], [79.532237, 10.323188], [79.532237, 10.330024], [79.528575, 10.338324], [79.567719, 10.335883], [79.586925, 10.343695], [79.607107, 10.336005], [79.604015, 10.329088], [79.573904, 10.316962], [79.565196, 10.315741], [79.556895, 10.316067], [79.551768, 10.3133], [79.552745, 10.30272], [79.556651, 10.298651], [79.563487, 10.297105], [79.580089, 10.295885], [79.759776, 10.258246], [79.772472, 10.261705], [79.773692, 10.273668], [79.758962, 10.282213], [79.730805, 10.289049], [79.703624, 10.289049], [79.694672, 10.291653], [79.684581, 10.298733], [79.67628, 10.30272], [79.661794, 10.307074], [79.646495, 10.309638], [79.630382, 10.310492], [79.614106, 10.309556], [79.621267, 10.324164], [79.633149, 10.328599], [79.757091, 10.309068], [79.78004, 10.296617], [79.778575, 10.275377], [79.795095, 10.269232], [79.814626, 10.272406], [79.834321, 10.278754], [79.851329, 10.282213], [79.8567, 10.29328], [79.86378, 10.37873], [79.85963, 10.551459], [79.850271, 10.592108], [79.849864, 10.755194], [79.847341, 10.809638], [79.840668, 10.950141], [79.84669, 10.979844], [79.852224, 11.006985], [79.855317, 11.159857], [79.834972, 11.263861], [79.833018, 11.341986], [79.829926, 11.346096], [79.823741, 11.346666], [79.796886, 11.359036], [79.776378, 11.362982], [79.759288, 11.358344], [79.751964, 11.340522], [79.742035, 11.335598], [79.6963, 11.303412], [79.683116, 11.296454], [79.67628, 11.296454], [79.684337, 11.312201], [79.740408, 11.366441], [79.749848, 11.373684], [79.7588, 11.378363], [79.769298, 11.380927], [79.776052, 11.380357], [79.782725, 11.378892], [79.810313, 11.378892], [79.819347, 11.381496], [79.821951, 11.391059], [79.816661, 11.443061], [79.809337, 11.451361], [79.792979, 11.453518], [79.797618, 11.44831], [79.799164, 11.442206], [79.797374, 11.434882], [79.792979, 11.426174], [79.785981, 11.426174], [79.780772, 11.465074], [79.757335, 11.536078], [79.751964, 11.576972], [79.754161, 11.596991], [79.763438, 11.634263], [79.7671, 11.673651], [79.785899, 11.769192], [79.792735, 11.788072], [79.803233, 11.796088], [79.820323, 11.878648], [79.844981, 11.933254], [79.849539, 11.955064], [79.850352, 11.959133], [79.85963, 11.972724], [79.861827, 11.977973], [79.860525, 12.011542], [79.861827, 12.02204], [79.870128, 12.037421], [79.896983, 12.068752], [79.927501, 12.129869], [79.933604, 12.138739], [79.947602, 12.153632], [80.005138, 12.241767], [79.973806, 12.222398], [79.953136, 12.213568], [79.943858, 12.217841], [79.952159, 12.229926], [80.005138, 12.256049], [80.025727, 12.276516], [80.057465, 12.331244], [80.059825, 12.334215], [80.063731, 12.33747], [80.087169, 12.35102], [80.095958, 12.36225], [80.117035, 12.400946], [80.121267, 12.416815], [80.156016, 12.474514], [80.179698, 12.53262], [80.18336, 12.54682], [80.185069, 12.567125], [80.196462, 12.613715], [80.203868, 12.632148], [80.222179, 12.65998], [80.228689, 12.674994], [80.233653, 12.711005], [80.25172, 12.762519], [80.263194, 12.835354], [80.269054, 12.957261], [80.282725, 13.029364], [80.285818, 13.067572], [80.289724, 13.076728], [80.307953, 13.096015], [80.313731, 13.10578], [80.30714, 13.135647], [80.306895, 13.146064], [80.313813, 13.164293], [80.324229, 13.180365], [80.332774, 13.198147], [80.334158, 13.221177], [80.318207, 13.216986], [80.313731, 13.215033], [80.318044, 13.230902], [80.319835, 13.249172], [80.323741, 13.246894], [80.334158, 13.242906], [80.336274, 13.270941], [80.345551, 13.321234], [80.34783, 13.349066], [80.344005, 13.375434], [80.333995, 13.413031], [80.326996, 13.430365], [80.313731, 13.427232], [80.312266, 13.423163], [80.306895, 13.413031], [80.293142, 13.429145], [80.27475, 13.440009], [80.26238, 13.451239], [80.26588, 13.468248], [80.260183, 13.468451], [80.253429, 13.468655], [80.243419, 13.472154], [80.235118, 13.478095], [80.227712, 13.485582], [80.219737, 13.487779], [80.175955, 13.489325], [80.153087, 13.494208], [80.131847, 13.496161], [80.119395, 13.500678], [80.112071, 13.511542], [80.101329, 13.537095], [80.069509, 13.574408], [80.056488, 13.59516], [80.052989, 13.619086], [80.075531, 13.648383], [80.091319, 13.659125], [80.093598, 13.671332], [80.094005, 13.69477], [80.100841, 13.686265], [80.109874, 13.680732], [80.117849, 13.674506], [80.121267, 13.663764], [80.117686, 13.638861], [80.121267, 13.627265], [80.13559, 13.619086], [80.141775, 13.649115], [80.141856, 13.728949], [80.152517, 13.71894], [80.183604, 13.679185], [80.197276, 13.643622], [80.245453, 13.591742], [80.277761, 13.512519], [80.306895, 13.440904], [80.313731, 13.440904], [80.309581, 13.479315], [80.288097, 13.527086], [80.259044, 13.591742], [80.238048, 13.660224], [80.227712, 13.677069], [80.220958, 13.696967], [80.227387, 13.720526], [80.245453, 13.755601], [80.249278, 13.800279], [80.237153, 13.839667], [80.16391, 13.987982], [80.149669, 14.027737], [80.125824, 14.148505], [80.123383, 14.193508], [80.13559, 14.229193], [80.121104, 14.242011], [80.106619, 14.234036], [80.090994, 14.216742], [80.073497, 14.20185], [80.050629, 14.196112], [80.046641, 14.20661], [80.055024, 14.221584], [80.070079, 14.229193], [80.071788, 14.232245], [80.087169, 14.250312], [80.097911, 14.254299], [80.128184, 14.256537], [80.137055, 14.269924], [80.159434, 14.324774], [80.174978, 14.34455], [80.178722, 14.38939], [80.175955, 14.468736], [80.188243, 14.525702], [80.190196, 14.547593], [80.192393, 14.553209], [80.196056, 14.559027], [80.196951, 14.565009], [80.190196, 14.571234], [80.183279, 14.571112], [80.159353, 14.565741], [80.149181, 14.565009], [80.141856, 14.571234], [80.160899, 14.57982], [80.169688, 14.585842], [80.175955, 14.592963], [80.178477, 14.60578], [80.173595, 14.616523], [80.166352, 14.62816], [80.159841, 14.662665], [80.151866, 14.672797], [80.128184, 14.688463], [80.116954, 14.698147], [80.110688, 14.704779], [80.108165, 14.714342], [80.105154, 14.763861], [80.073009, 14.920559], [80.073416, 14.942043], [80.061534, 14.974677], [80.054535, 15.014146], [80.052989, 15.092597], [80.082367, 15.204088], [80.09254, 15.296576], [80.090587, 15.304877], [80.121267, 15.370022], [80.126801, 15.388129], [80.14031, 15.406399], [80.172862, 15.4383], [80.183849, 15.452297], [80.20045, 15.482164], [80.211192, 15.496649], [80.197602, 15.503079], [80.201345, 15.518297], [80.217459, 15.548163], [80.219493, 15.56745], [80.263194, 15.674547], [80.279633, 15.70067], [80.35963, 15.775824], [80.393321, 15.797024], [80.43629, 15.808295], [80.445486, 15.814399], [80.461436, 15.829657], [80.469086, 15.834662], [80.475597, 15.835924], [80.482677, 15.836412], [80.491873, 15.83926], [80.52589, 15.85692], [80.541677, 15.868069], [80.553884, 15.880845], [80.56072, 15.880845], [80.571137, 15.86872], [80.584321, 15.872545], [80.600108, 15.882229], [80.618419, 15.887681], [80.662852, 15.88935], [80.660411, 15.893948], [80.663097, 15.900702], [80.670177, 15.907701], [80.67628, 15.907172], [80.682465, 15.903266], [80.69044, 15.900702], [80.736339, 15.89761], [80.760102, 15.892971], [80.776134, 15.884263], [80.802745, 15.842434], [80.80836, 15.803941], [80.80714, 15.716376], [80.820079, 15.726874], [80.830251, 15.747626], [80.855724, 15.822699], [80.890147, 15.89525], [80.895763, 15.936021], [80.891287, 15.978258], [80.875336, 16.017401], [80.882823, 16.011461], [80.885753, 16.008694], [80.889008, 16.00373], [80.896495, 16.010565], [80.892263, 16.020941], [80.896495, 16.031073], [80.906016, 15.999823], [80.908946, 15.983466], [80.910167, 15.965888], [80.90268, 15.890815], [80.904307, 15.871283], [80.910004, 15.852688], [80.921641, 15.838609], [80.940684, 15.832994], [80.949474, 15.827867], [80.979015, 15.803412], [80.988292, 15.791205], [80.99586, 15.784329], [81.004731, 15.77851], [81.012543, 15.777818], [81.019054, 15.784166], [81.019216, 15.792385], [81.012543, 15.811957], [81.0088, 15.817816], [81.00294, 15.825263], [80.998383, 15.834703], [80.998871, 15.846747], [81.026866, 15.880845], [81.043305, 15.89411], [81.088227, 15.92121], [81.135102, 15.966498], [81.14975, 15.969631], [81.155447, 15.9855], [81.156016, 16.03852], [81.161957, 16.057074], [81.180024, 16.086737], [81.190278, 16.138861], [81.218516, 16.199449], [81.230317, 16.243598], [81.254161, 16.271308], [81.259613, 16.288642], [81.256033, 16.301825], [81.249848, 16.311021], [81.248546, 16.320136], [81.259613, 16.332709], [81.317393, 16.367499], [81.331554, 16.369778], [81.345225, 16.373603], [81.35963, 16.374335], [81.375743, 16.367499], [81.386974, 16.376776], [81.398936, 16.382636], [81.411388, 16.382514], [81.424083, 16.373684], [81.428233, 16.365668], [81.426117, 16.35871], [81.421153, 16.350979], [81.416677, 16.340155], [81.475352, 16.358629], [81.49586, 16.360663], [81.535981, 16.350043], [81.549083, 16.352362], [81.540212, 16.373684], [81.556977, 16.373033], [81.569184, 16.36758], [81.573904, 16.358344], [81.568126, 16.346381], [81.584972, 16.342108], [81.620942, 16.339504], [81.636404, 16.332709], [81.656261, 16.337348], [81.676931, 16.327379], [81.696056, 16.314927], [81.711599, 16.312201], [81.717621, 16.312201], [81.76295, 16.322577], [81.783214, 16.338568], [81.861664, 16.375393], [81.880544, 16.381659], [81.899913, 16.38581], [81.940766, 16.388373], [81.94809, 16.391547], [81.956228, 16.407172], [81.967947, 16.408922], [81.9817, 16.407864], [81.992686, 16.408433], [82.007823, 16.419582], [82.022716, 16.435736], [82.037364, 16.447659], [82.068614, 16.444281], [82.090668, 16.454779], [82.122895, 16.477362], [82.173025, 16.500922], [82.188243, 16.504055], [82.203461, 16.512681], [82.259044, 16.565497], [82.307384, 16.579779], [82.296072, 16.59101], [82.285492, 16.606513], [82.280935, 16.620836], [82.286876, 16.62816], [82.293793, 16.625637], [82.299327, 16.610093], [82.303966, 16.606431], [82.312836, 16.60814], [82.313813, 16.612982], [82.312348, 16.619859], [82.31422, 16.62816], [82.338145, 16.678412], [82.345958, 16.706122], [82.352061, 16.761298], [82.365571, 16.811591], [82.367442, 16.860297], [82.366547, 16.908637], [82.361176, 16.936021], [82.348888, 16.956488], [82.357432, 16.924872], [82.361176, 16.891343], [82.362478, 16.859076], [82.352061, 16.845404], [82.334646, 16.854071], [82.333344, 16.852118], [82.327159, 16.849433], [82.319591, 16.847235], [82.31422, 16.846625], [82.308116, 16.849555], [82.303559, 16.854193], [82.29835, 16.858466], [82.267914, 16.867499], [82.255138, 16.885321], [82.250743, 16.907864], [82.252696, 16.929185], [82.291677, 16.99844], [82.299327, 17.030341], [82.311697, 17.046617], [82.342052, 17.073188], [82.370372, 17.110093], [82.387706, 17.126939], [82.422862, 17.13996], [82.435069, 17.153795], [82.451915, 17.18244], [82.474864, 17.205959], [82.718516, 17.348619], [82.758149, 17.359198], [82.796397, 17.383043], [82.837657, 17.392768], [82.854259, 17.402818], [82.869151, 17.414008], [82.883311, 17.422065], [82.888682, 17.410142], [82.896821, 17.409329], [82.945486, 17.443101], [82.95281, 17.44595], [82.969574, 17.4501], [82.975841, 17.453681], [82.99643, 17.473456], [83.019867, 17.490912], [83.053233, 17.506496], [83.088227, 17.530707], [83.171397, 17.559801], [83.196137, 17.576809], [83.209239, 17.583686], [83.222911, 17.586493], [83.238943, 17.592963], [83.233897, 17.607733], [83.212901, 17.634914], [83.246918, 17.634223], [83.255138, 17.638129], [83.26824, 17.648586], [83.289236, 17.65762], [83.299083, 17.664293], [83.298595, 17.672797], [83.292491, 17.677476], [83.271983, 17.688137], [83.249278, 17.69538], [83.242035, 17.706529], [83.246918, 17.716254], [83.26824, 17.717475], [83.276378, 17.71308], [83.280284, 17.705959], [83.282237, 17.699286], [83.284679, 17.696357], [83.287446, 17.69538], [83.289561, 17.693264], [83.292735, 17.691148], [83.298595, 17.690131], [83.304373, 17.692206], [83.313243, 17.701158], [83.319102, 17.703192], [83.341319, 17.717434], [83.402354, 17.784491], [83.417735, 17.80622], [83.425304, 17.838609], [83.431163, 17.854234], [83.452973, 17.868476], [83.452403, 17.886217], [83.448985, 17.906887], [83.451915, 17.922919], [83.462901, 17.908515], [83.465587, 17.902493], [83.472911, 17.902493], [83.486583, 17.916897], [83.526134, 17.942532], [83.534434, 17.953315], [83.53891, 17.956285], [83.556651, 17.973456], [83.55836, 17.977525], [83.562836, 17.9831], [83.576182, 18.009752], [83.582286, 18.01911], [83.613943, 18.045152], [83.775157, 18.139594], [84.077403, 18.271552], [84.113129, 18.298285], [84.124034, 18.333808], [84.132823, 18.343411], [84.136485, 18.353583], [84.138927, 18.364163], [84.143891, 18.374823], [84.152843, 18.383612], [84.17449, 18.399848], [84.188324, 18.418036], [84.230479, 18.446234], [84.240082, 18.460761], [84.287934, 18.505764], [84.331228, 18.538642], [84.349946, 18.552924], [84.326182, 18.537421], [84.297699, 18.516303], [84.271007, 18.50019], [84.24936, 18.501654], [84.237641, 18.510932], [84.246918, 18.52558], [84.250011, 18.524237], [84.272716, 18.524319], [84.281749, 18.52558], [84.288585, 18.529771], [84.306326, 18.543687], [84.312266, 18.546698], [84.332856, 18.553697], [84.349457, 18.56981], [84.370453, 18.601304], [84.423676, 18.636461], [84.432628, 18.645697], [84.437185, 18.662787], [84.448253, 18.68065], [84.54184, 18.775784], [84.547862, 18.796088], [84.63087, 18.915717], [84.66505, 18.930121], [84.679535, 18.945705], [84.699474, 18.977484], [84.741059, 19.028144], [84.75115, 19.0539], [84.778331, 19.09101], [84.78004, 19.097073], [84.775238, 19.100491], [84.767833, 19.101793], [84.760997, 19.10163], [84.756847, 19.097642], [84.740489, 19.073676], [84.735362, 19.083197], [84.72283, 19.096015], [84.719981, 19.10163], [84.720958, 19.114244], [84.731212, 19.128811], [84.733653, 19.139146], [84.73878, 19.14765], [84.750662, 19.138373], [84.764415, 19.12344], [84.775157, 19.115302], [84.777761, 19.116197], [84.791026, 19.120592], [84.872081, 19.219875], [84.99586, 19.32331], [85.069509, 19.372138], [85.180431, 19.475002], [85.240571, 19.518052], [85.285411, 19.536282], [85.336681, 19.575181], [85.380219, 19.593817], [85.46339, 19.631049], [85.540294, 19.669582], [85.576508, 19.690619], [85.330577, 19.576402], [85.302908, 19.57392], [85.305837, 19.580146], [85.302501, 19.586656], [85.288422, 19.601264], [85.293793, 19.599555], [85.303477, 19.59748], [85.309093, 19.595038], [85.311046, 19.6105], [85.31837, 19.619534], [85.326427, 19.618801], [85.330089, 19.604967], [85.336762, 19.596096], [85.352306, 19.599433], [85.368419, 19.6081], [85.37794, 19.614936], [85.380382, 19.619615], [85.382172, 19.63109], [85.384613, 19.635972], [85.388682, 19.638251], [85.402192, 19.643988], [85.405284, 19.645941], [85.404959, 19.661933], [85.403168, 19.671291], [85.399181, 19.679145], [85.391449, 19.690619], [85.383067, 19.676093], [85.37436, 19.674709], [85.36378, 19.678046], [85.350597, 19.677639], [85.309093, 19.642239], [85.260753, 19.656073], [85.247569, 19.65648], [85.247813, 19.653144], [85.236339, 19.635321], [85.233246, 19.632554], [85.234386, 19.625678], [85.237315, 19.620551], [85.241873, 19.617011], [85.247569, 19.614936], [85.247569, 19.60871], [85.232595, 19.601549], [85.223643, 19.590237], [85.212901, 19.581122], [85.193044, 19.580797], [85.193044, 19.57392], [85.203787, 19.570502], [85.233246, 19.554104], [85.223643, 19.549954], [85.214529, 19.547268], [85.206309, 19.548], [85.199229, 19.554104], [85.1963, 19.538479], [85.201915, 19.527086], [85.202891, 19.517157], [85.185557, 19.505683], [85.178559, 19.504299], [85.171153, 19.504462], [85.162446, 19.503485], [85.151378, 19.498847], [85.145763, 19.493476], [85.141775, 19.487128], [85.135753, 19.481594], [85.124034, 19.478339], [85.128673, 19.487982], [85.130219, 19.498725], [85.128754, 19.509508], [85.124034, 19.519355], [85.115489, 19.507473], [85.108735, 19.506781], [85.104503, 19.514879], [85.102875, 19.529608], [85.108897, 19.538967], [85.122895, 19.549018], [85.139171, 19.557074], [85.151378, 19.560289], [85.151378, 19.567776], [85.139334, 19.579779], [85.140147, 19.596584], [85.150157, 19.613471], [85.165538, 19.6258], [85.175141, 19.636908], [85.189952, 19.670966], [85.206554, 19.683783], [85.20338, 19.707261], [85.220958, 19.736029], [85.246837, 19.762641], [85.268077, 19.780015], [85.278087, 19.78559], [85.290294, 19.789944], [85.30421, 19.79267], [85.319591, 19.793647], [85.374522, 19.837795], [85.41627, 19.879788], [85.440115, 19.896226], [85.463552, 19.902899], [85.476817, 19.901028], [85.514985, 19.889309], [85.55714, 19.881781], [85.570323, 19.875637], [85.567149, 19.791653], [85.570323, 19.773179], [85.564138, 19.76439], [85.563243, 19.756903], [85.567638, 19.7508], [85.576508, 19.745836], [85.558849, 19.738105], [85.514985, 19.711127], [85.518891, 19.721584], [85.523448, 19.728705], [85.525564, 19.734036], [85.521983, 19.739081], [85.47755, 19.723863], [85.450857, 19.716295], [85.439301, 19.707994], [85.43686, 19.704657], [85.431651, 19.704901], [85.427013, 19.704088], [85.42628, 19.697455], [85.430431, 19.691718], [85.43686, 19.691352], [85.443126, 19.69245], [85.446788, 19.690619], [85.44752, 19.674628], [85.44988, 19.666693], [85.456798, 19.663316], [85.480479, 19.666327], [85.549164, 19.690619], [85.614268, 19.727932], [85.63795, 19.731635], [85.635997, 19.72663], [85.625987, 19.722886], [85.624278, 19.718573], [85.684581, 19.747748], [85.714854, 19.754218], [85.734386, 19.763617], [85.744395, 19.765692], [85.778087, 19.764635], [85.788829, 19.765692], [85.808604, 19.773383], [85.846365, 19.795844], [85.888845, 19.802965], [86.01352, 19.839057], [86.032074, 19.841498], [86.037934, 19.845282], [86.04656, 19.852525], [86.056651, 19.856879], [86.066742, 19.851996], [86.07838, 19.843573], [86.089041, 19.844224], [86.111583, 19.855699], [86.268565, 19.910346], [86.372406, 19.964993], [86.356456, 19.970404], [86.341563, 19.979885], [86.326671, 19.984849], [86.314952, 19.986884], [86.308116, 19.992092], [86.302908, 19.999091], [86.295909, 20.006578], [86.2942, 20.010403], [86.294119, 20.015692], [86.293224, 20.02143], [86.289073, 20.026435], [86.284679, 20.027493], [86.273448, 20.02619], [86.268565, 20.026435], [86.230235, 20.035305], [86.213715, 20.042426], [86.187755, 20.063666], [86.167735, 20.072943], [86.158702, 20.081041], [86.154307, 20.089993], [86.14503, 20.122016], [86.152517, 20.143134], [86.158702, 20.143134], [86.163097, 20.134833], [86.168468, 20.113186], [86.173025, 20.1022], [86.195974, 20.080308], [86.199718, 20.077948], [86.209158, 20.066636], [86.231293, 20.064887], [86.275401, 20.067369], [86.348399, 20.008857], [86.397227, 19.982856], [86.42628, 19.999172], [86.414073, 19.998847], [86.404145, 20.002631], [86.396739, 20.009955], [86.391449, 20.020209], [86.41505, 20.036322], [86.467133, 20.094672], [86.468516, 20.10928], [86.478852, 20.12934], [86.490408, 20.174058], [86.495128, 20.184068], [86.511485, 20.197455], [86.53419, 20.206122], [86.583832, 20.218207], [86.628184, 20.235256], [86.717459, 20.286933], [86.754649, 20.314439], [86.719737, 20.291734], [86.701671, 20.284654], [86.693696, 20.293931], [86.701671, 20.303778], [86.719737, 20.31509], [86.739268, 20.324205], [86.751475, 20.32807], [86.768321, 20.343451], [86.7942, 20.37816], [86.809825, 20.415107], [86.796153, 20.437323], [86.789806, 20.4147], [86.788259, 20.402818], [86.788748, 20.390123], [86.769786, 20.400702], [86.756358, 20.393744], [86.741954, 20.379543], [86.72047, 20.368476], [86.72462, 20.431952], [86.733897, 20.462226], [86.751475, 20.489163], [86.774181, 20.511949], [86.923188, 20.621731], [86.976248, 20.637885], [87.003591, 20.65705], [87.027517, 20.679674], [87.043224, 20.697984], [87.033376, 20.690172], [87.019379, 20.680365], [86.994884, 20.670722], [86.990245, 20.679999], [86.986501, 20.684394], [86.9817, 20.68537], [86.974294, 20.684394], [86.968516, 20.691148], [86.961192, 20.695054], [86.951915, 20.697008], [86.940196, 20.697984], [86.948253, 20.709052], [86.961192, 20.712836], [86.975759, 20.710679], [86.988617, 20.70425], [86.998709, 20.711127], [87.001801, 20.71898], [87.000011, 20.728217], [86.994884, 20.738959], [86.986583, 20.751858], [86.979991, 20.755561], [86.957205, 20.753241], [86.910655, 20.756415], [86.889334, 20.764472], [86.878754, 20.780585], [86.916515, 20.788072], [86.93629, 20.787502], [86.953868, 20.780585], [86.965668, 20.805976], [86.952159, 20.849107], [86.844005, 21.082221], [86.83725, 21.174709], [86.866954, 21.256049], [86.917654, 21.327379], [87.063731, 21.475002], [87.113048, 21.507961], [87.200938, 21.551988], [87.211436, 21.554592], [87.235199, 21.554511], [87.245942, 21.556586], [87.256114, 21.561998], [87.293468, 21.553656], [87.341807, 21.562405], [87.404959, 21.586656]]}}, {"type": "Feature", "properties": {"source": "Natural Earth 10m Physical Coastline (Indian Subcontinent & EEZ)"}, "geometry": {"type": "LineString", "coordinates": [[73.646332, 10.084703], [73.644054, 10.076972], [73.640961, 10.069322], [73.637055, 10.062567], [73.632579, 10.057278], [73.631684, 10.067776], [73.631684, 10.067816], [73.633311, 10.077867], [73.637462, 10.087063], [73.643891, 10.09455], [73.643972, 10.094468], [73.645193, 10.09219], [73.646332, 10.084703]]}}, {"type": "Feature", "properties": {"source": "Natural Earth 10m Physical Coastline (Indian Subcontinent & EEZ)"}, "geometry": {"type": "LineString", "coordinates": [[73.662283, 10.144599], [73.662201, 10.144517], [73.66033, 10.142524], [73.659353, 10.13996], [73.657888, 10.139065], [73.657888, 10.139065], [73.654633, 10.141506], [73.65561, 10.144761], [73.657481, 10.145087], [73.659679, 10.144355], [73.662283, 10.144599]]}}, {"type": "Feature", "properties": {"source": "Natural Earth 10m Physical Coastline (Indian Subcontinent & EEZ)"}, "geometry": {"type": "LineString", "coordinates": [[72.64975, 10.56684], [72.64975, 10.56684], [72.63852, 10.559394], [72.633067, 10.556545], [72.627533, 10.554796], [72.627452, 10.554755], [72.632091, 10.560004], [72.648611, 10.573961], [72.648692, 10.57392], [72.650564, 10.572577], [72.650401, 10.571194], [72.649587, 10.569322], [72.64975, 10.566881], [72.64975, 10.56684]]}}, {"type": "Feature", "properties": {"source": "Natural Earth 10m Physical Coastline (Indian Subcontinent & EEZ)"}, "geometry": {"type": "LineString", "coordinates": [[72.548839, 10.779446], [72.548757, 10.779324], [72.541189, 10.772895], [72.540863, 10.776516], [72.542491, 10.777899], [72.545421, 10.778306], [72.548839, 10.779446]]}}, {"type": "Feature", "properties": {"source": "Natural Earth 10m Physical Coastline (Indian Subcontinent & EEZ)"}, "geometry": {"type": "LineString", "coordinates": [[73.671397, 10.829739], [73.681244, 10.82807], [73.684418, 10.827541], [73.67628, 10.824368], [73.672862, 10.824693], [73.671886, 10.827094], [73.671397, 10.829657], [73.671397, 10.829739]]}}, {"type": "Feature", "properties": {"source": "Natural Earth 10m Physical Coastline (Indian Subcontinent & EEZ)"}, "geometry": {"type": "LineString", "coordinates": [[72.750011, 11.119086], [72.747569, 11.115424], [72.746755, 11.111965], [72.744965, 11.109524], [72.739513, 11.108832], [72.739513, 11.113959], [72.742035, 11.115953], [72.745779, 11.116889], [72.750011, 11.119086]]}}, {"type": "Feature", "properties": {"source": "Natural Earth 10m Physical Coastline (Indian Subcontinent & EEZ)"}, "geometry": {"type": "LineString", "coordinates": [[73.013194, 11.502183], [73.010916, 11.490139], [73.0088, 11.484687], [73.005626, 11.479641], [73.004405, 11.488837], [73.004405, 11.496487], [73.007091, 11.501288], [73.013194, 11.502183]]}}, {"type": "Feature", "properties": {"source": "Natural Earth 10m Physical Coastline (Indian Subcontinent & EEZ)"}, "geometry": {"type": "LineString", "coordinates": [[72.716156, 11.694159], [72.716075, 11.694078], [72.708669, 11.689154], [72.705251, 11.687323], [72.701101, 11.686428], [72.700938, 11.686428], [72.705089, 11.692328], [72.709239, 11.694159], [72.716156, 11.694159]]}}, {"type": "Feature", "properties": {"source": "Natural Earth 10m Physical Coastline (Indian Subcontinent & EEZ)"}, "geometry": {"type": "LineString", "coordinates": [[93.872813, 12.268866], [93.85377, 12.260565], [93.851899, 12.271552], [93.860606, 12.281195], [93.872813, 12.268866]]}}, {"type": "Feature", "properties": {"source": "Natural Earth 10m Physical Coastline (Indian Subcontinent & EEZ)"}, "geometry": {"type": "LineString", "coordinates": [[94.280935, 13.443549], [94.290782, 13.422919], [94.274913, 13.420315], [94.261892, 13.429267], [94.280935, 13.443549]]}}, {"type": "Feature", "properties": {"source": "Natural Earth 10m Physical Coastline (Indian Subcontinent & EEZ)"}, "geometry": {"type": "LineString", "coordinates": [[93.920258, 7.024319], [93.912934, 7.035102], [93.903087, 7.060858], [93.887055, 7.089301], [93.883149, 7.104722], [93.880626, 7.144273], [93.87672, 7.16356], [93.870372, 7.180569], [93.865001, 7.20067], [93.855317, 7.214179], [93.830821, 7.235907], [93.813975, 7.241848], [93.797618, 7.234605], [93.772146, 7.211737], [93.76531, 7.219143], [93.739919, 7.207099], [93.73463, 7.205512], [93.730154, 7.202216], [93.72462, 7.194973], [93.717296, 7.18769], [93.70753, 7.184394], [93.685395, 7.184516], [93.676443, 7.181871], [93.653575, 7.131496], [93.649669, 7.119615], [93.649181, 7.013088], [93.664561, 7.026516], [93.684337, 7.020901], [93.703624, 7.006293], [93.71754, 6.992621], [93.72877, 6.970526], [93.737478, 6.943264], [93.748057, 6.92357], [93.76531, 6.924302], [93.764496, 6.911526], [93.766124, 6.901109], [93.770763, 6.893866], [93.779552, 6.890204], [93.773123, 6.877997], [93.775727, 6.867377], [93.783702, 6.857978], [93.793224, 6.849189], [93.784434, 6.836412], [93.792166, 6.825873], [93.805431, 6.816718], [93.813731, 6.808295], [93.813243, 6.788031], [93.809337, 6.769029], [93.812673, 6.753974], [93.834239, 6.745551], [93.847911, 6.785305], [93.859386, 6.804267], [93.871755, 6.804511], [93.880056, 6.800442], [93.889903, 6.800971], [93.898448, 6.804185], [93.903087, 6.808295], [93.904145, 6.819241], [93.899262, 6.827135], [93.892833, 6.834052], [93.889415, 6.841783], [93.893565, 6.876776], [93.921072, 6.933824], [93.929861, 6.959052], [93.928722, 7.012356], [93.920258, 7.024319]]}}, {"type": "Feature", "properties": {"source": "Natural Earth 10m Physical Coastline (Indian Subcontinent & EEZ)"}, "geometry": {"type": "LineString", "coordinates": [[93.731212, 7.369371], [93.72169, 7.381171], [93.709483, 7.388739], [93.699474, 7.398749], [93.696951, 7.417792], [93.696951, 7.445054], [93.683767, 7.421698], [93.677989, 7.3994], [93.667247, 7.382758], [93.638682, 7.376166], [93.61671, 7.367255], [93.610362, 7.347317], [93.606944, 7.326402], [93.594005, 7.314765], [93.61085, 7.294501], [93.615082, 7.287421], [93.617442, 7.276068], [93.616384, 7.267279], [93.617931, 7.259955], [93.628184, 7.253323], [93.644216, 7.257514], [93.67921, 7.298326], [93.696951, 7.314765], [93.715505, 7.325832], [93.728526, 7.337104], [93.734386, 7.350816], [93.731212, 7.369371]]}}, {"type": "Feature", "properties": {"source": "Natural Earth 10m Physical Coastline (Indian Subcontinent & EEZ)"}, "geometry": {"type": "LineString", "coordinates": [[81.73878, 7.660468], [81.772227, 7.61164], [81.776378, 7.602729], [81.787364, 7.593451], [81.790294, 7.571723], [81.786143, 7.508775], [81.785981, 7.506741], [81.785981, 7.5067], [81.786713, 7.501776], [81.787364, 7.496812], [81.789399, 7.494737], [81.793712, 7.49022], [81.807791, 7.479193], [81.822602, 7.49136], [81.823253, 7.511298], [81.823253, 7.511379], [81.806326, 7.598578], [81.795095, 7.616278], [81.770763, 7.65469], [81.761485, 7.679511], [81.759288, 7.685289], [81.750255, 7.698635], [81.737966, 7.727484], [81.725108, 7.739936], [81.725108, 7.739814], [81.729991, 7.728217], [81.729991, 7.728176], [81.728689, 7.718492], [81.725597, 7.709296], [81.725108, 7.69892], [81.728363, 7.689114], [81.733165, 7.679104], [81.737071, 7.670966], [81.73878, 7.660468]]}}, {"type": "Feature", "properties": {"source": "Natural Earth 10m Physical Coastline (Indian Subcontinent & EEZ)"}, "geometry": {"type": "LineString", "coordinates": [[93.429454, 7.955268], [93.424164, 7.959866], [93.401215, 7.967963], [93.396007, 7.976386], [93.396169, 7.997219], [93.394786, 8.006741], [93.391368, 8.01557], [93.370291, 8.01732], [93.344412, 8.012112], [93.322602, 8.002102], [93.313324, 7.989732], [93.305024, 7.949937], [93.306651, 7.938544], [93.31365, 7.929185], [93.323009, 7.924384], [93.332693, 7.924954], [93.340668, 7.931708], [93.348155, 7.924872], [93.341075, 7.912584], [93.340343, 7.901272], [93.344981, 7.891343], [93.354259, 7.883287], [93.367849, 7.878607], [93.378429, 7.880764], [93.389171, 7.88581], [93.40211, 7.890082], [93.41505, 7.892239], [93.421235, 7.891791], [93.43686, 7.883287], [93.447927, 7.871405], [93.454438, 7.869289], [93.457367, 7.880194], [93.46046, 7.899848], [93.459809, 7.910793], [93.433116, 7.954291], [93.429454, 7.955268]]}}, {"type": "Feature", "properties": {"source": "Natural Earth 10m Physical Coastline (Indian Subcontinent & EEZ)"}, "geometry": {"type": "LineString", "coordinates": [[93.565929, 7.999335], [93.558604, 8.013617], [93.54835, 8.020087], [93.540294, 8.016181], [93.539317, 7.999335], [93.520763, 8.004381], [93.511485, 7.99551], [93.510753, 7.98017], [93.518321, 7.965806], [93.573985, 7.924872], [93.574229, 7.968817], [93.570323, 7.989], [93.565929, 7.999335]]}}, {"type": "Feature", "properties": {"source": "Natural Earth 10m Physical Coastline (Indian Subcontinent & EEZ)"}, "geometry": {"type": "LineString", "coordinates": [[93.531912, 8.034735], [93.537364, 8.047797], [93.537608, 8.057318], [93.525157, 8.095038], [93.508556, 8.128811], [93.505219, 8.14704], [93.510509, 8.166571], [93.521495, 8.179104], [93.531016, 8.193752], [93.531668, 8.213202], [93.523448, 8.225816], [93.504649, 8.226996], [93.48585, 8.22012], [93.477306, 8.209133], [93.473643, 8.198188], [93.465099, 8.183295], [93.454845, 8.170111], [93.446544, 8.164496], [93.446625, 8.154364], [93.457367, 8.089993], [93.466319, 8.074408], [93.479747, 8.063218], [93.492198, 8.063625], [93.497813, 8.082506], [93.511485, 8.074856], [93.516938, 8.0633], [93.514822, 8.05622], [93.505219, 8.061998], [93.497813, 8.061998], [93.495616, 8.049384], [93.488536, 8.044379], [93.480805, 8.040513], [93.477306, 8.030992], [93.479259, 8.002916], [93.484386, 7.991889], [93.494965, 7.996283], [93.509776, 8.018541], [93.511974, 8.024156], [93.514903, 8.027655], [93.528005, 8.032416], [93.531912, 8.034735]]}}, {"type": "Feature", "properties": {"source": "Natural Earth 10m Physical Coastline (Indian Subcontinent & EEZ)"}, "geometry": {"type": "LineString", "coordinates": [[73.077159, 8.315253], [73.073009, 8.295396], [73.063162, 8.279486], [73.04835, 8.267564], [73.029307, 8.259996], [73.028982, 8.263414], [73.029307, 8.274115], [73.029307, 8.274319], [73.029307, 8.274359], [73.022472, 8.274359], [73.024099, 8.255439], [73.032725, 8.249498], [73.044688, 8.252427], [73.056651, 8.259996], [73.066091, 8.270453], [73.083995, 8.308458], [73.083995, 8.308498], [73.083018, 8.311672], [73.083018, 8.314358], [73.081798, 8.315823], [73.077159, 8.315253]]}}, {"type": "Feature", "properties": {"source": "Natural Earth 10m Physical Coastline (Indian Subcontinent & EEZ)"}, "geometry": {"type": "LineString", "coordinates": [[93.134532, 8.24018], [93.114106, 8.256415], [93.104015, 8.27558], [93.100759, 8.299262], [93.10141, 8.345771], [93.095063, 8.35517], [93.083751, 8.355902], [93.069835, 8.346625], [93.064301, 8.336127], [93.06129, 8.320746], [93.059581, 8.291409], [93.065766, 8.268134], [93.081554, 8.242377], [93.10255, 8.221503], [93.124685, 8.212877], [93.153494, 8.205512], [93.167328, 8.204535], [93.17628, 8.212877], [93.173025, 8.221259], [93.160818, 8.228746], [93.134532, 8.24018]]}}, {"type": "Feature", "properties": {"source": "Natural Earth 10m Physical Coastline (Indian Subcontinent & EEZ)"}, "geometry": {"type": "LineString", "coordinates": [[93.607677, 8.548041], [93.607677, 8.569159], [93.594981, 8.55801], [93.595551, 8.541734], [93.607677, 8.507066], [93.607107, 8.49079], [93.600352, 8.450344], [93.60141, 8.438178], [93.609711, 8.438422], [93.618337, 8.453925], [93.625173, 8.473619], [93.628184, 8.486558], [93.626801, 8.505845], [93.621755, 8.520087], [93.607677, 8.548041]]}}, {"type": "Feature", "properties": {"source": "Natural Earth 10m Physical Coastline (Indian Subcontinent & EEZ)"}, "geometry": {"type": "LineString", "coordinates": [[79.714122, 9.075629], [79.736013, 9.073228], [79.743988, 9.071072], [79.758962, 9.067043], [79.779389, 9.05801], [79.799815, 9.048977], [79.840994, 9.0126], [79.851329, 9.007392], [79.859386, 9.001207], [79.870128, 8.988186], [79.885753, 8.976223], [79.909679, 8.973212], [79.900727, 8.989081], [79.8803, 9.012193], [79.85434, 9.04149], [79.871267, 9.03856], [79.900076, 9.0244], [79.916433, 9.021023], [79.916515, 9.020982], [79.882335, 9.053778], [79.841645, 9.077216], [79.799001, 9.093329], [79.778575, 9.098538], [79.7588, 9.103583], [79.714122, 9.103583], [79.701182, 9.099189], [79.698009, 9.089586], [79.698009, 9.089586], [79.702973, 9.079983], [79.714122, 9.075629]]}}, {"type": "Feature", "properties": {"source": "Natural Earth 10m Physical Coastline (Indian Subcontinent & EEZ)"}, "geometry": {"type": "LineString", "coordinates": [[92.811373, 9.23117], [92.795272, 9.240818], [92.772716, 9.259223], [92.763031, 9.264146], [92.750987, 9.261217], [92.754405, 9.244452], [92.745128, 9.229071], [92.729259, 9.217841], [92.713878, 9.213446], [92.708507, 9.201606], [92.711681, 9.175116], [92.720225, 9.147121], [92.731212, 9.130845], [92.799565, 9.110154], [92.831981, 9.145025], [92.833849, 9.202359], [92.811373, 9.23117]]}}, {"type": "Feature", "properties": {"source": "Natural Earth 10m Physical Coastline (Indian Subcontinent & EEZ)"}, "geometry": {"type": "LineString", "coordinates": [[79.730805, 9.50019], [79.719249, 9.524359], [79.714122, 9.528062], [79.693533, 9.529608], [79.67628, 9.53498], [79.67213, 9.5456], [79.665294, 9.554023], [79.658702, 9.555365], [79.655772, 9.544867], [79.655772, 9.503892], [79.666026, 9.491278], [79.689464, 9.483588], [79.714692, 9.485053], [79.72283, 9.492621], [79.730805, 9.500149], [79.730805, 9.50019]]}}, {"type": "Feature", "properties": {"source": "Natural Earth 10m Physical Coastline (Indian Subcontinent & EEZ)"}, "geometry": {"type": "LineString", "coordinates": [[79.895844, 9.617499], [79.895925, 9.617499], [79.908539, 9.618964], [79.926524, 9.629462], [79.933604, 9.627753], [79.943614, 9.621527], [79.957774, 9.617174], [79.970958, 9.617255], [79.977875, 9.624335], [79.974457, 9.631496], [79.973399, 9.633775], [79.96046, 9.641059], [79.944998, 9.64761], [79.933604, 9.654731], [79.931163, 9.660956], [79.929698, 9.675971], [79.926443, 9.678941], [79.907074, 9.677883], [79.902843, 9.678941], [79.899262, 9.68301], [79.894705, 9.688178], [79.891287, 9.696112], [79.890391, 9.69831], [79.89031, 9.698961], [79.888845, 9.709906], [79.888438, 9.723619], [79.891124, 9.737209], [79.89503, 9.748969], [79.894054, 9.757392], [79.893891, 9.757432], [79.882335, 9.760891], [79.860525, 9.756252], [79.854259, 9.738471], [79.851736, 9.716539], [79.840668, 9.699408], [79.864919, 9.651516], [79.880382, 9.628607], [79.895844, 9.617499]]}}, {"type": "Feature", "properties": {"source": "Natural Earth 10m Physical Coastline (Indian Subcontinent & EEZ)"}, "geometry": {"type": "LineString", "coordinates": [[92.585092, 10.771269], [92.582116, 10.790261], [92.567981, 10.815301], [92.56506, 10.849308], [92.54888, 10.874373], [92.527592, 10.895466], [92.482796, 10.885622], [92.428966, 10.850816], [92.422598, 10.822836], [92.41542, 10.798863], [92.407265, 10.789891], [92.385878, 10.781981], [92.376721, 10.78402], [92.37568, 10.775031], [92.378671, 10.750037], [92.378586, 10.718071], [92.379486, 10.672122], [92.390674, 10.663085], [92.408917, 10.647055], [92.417003, 10.629059], [92.413855, 10.606117], [92.402557, 10.575206], [92.378057, 10.541329], [92.384111, 10.529328], [92.406466, 10.529266], [92.421788, 10.546203], [92.444139, 10.545143], [92.463372, 10.531103], [92.479558, 10.516073], [92.513027, 10.507969], [92.535423, 10.524861], [92.546675, 10.547781], [92.574213, 10.580624], [92.555964, 10.588675], [92.54176, 10.59172], [92.539835, 10.620669], [92.551056, 10.634603], [92.56124, 10.642555], [92.574492, 10.655484], [92.595908, 10.678364], [92.598059, 10.709302], [92.586986, 10.736294], [92.585092, 10.771269]]}}, {"type": "Feature", "properties": {"source": "Natural Earth 10m Physical Coastline (Indian Subcontinent & EEZ)"}, "geometry": {"type": "LineString", "coordinates": [[92.676524, 11.412543], [92.679698, 11.429389], [92.689708, 11.442532], [92.6963, 11.454413], [92.689708, 11.46776], [92.675059, 11.490424], [92.654145, 11.508124], [92.63559, 11.508043], [92.627615, 11.477362], [92.635265, 11.447008], [92.637218, 11.430162], [92.631196, 11.416246], [92.623871, 11.412502], [92.608165, 11.411322], [92.600841, 11.406317], [92.598969, 11.401313], [92.593516, 11.378363], [92.60377, 11.372504], [92.61085, 11.366156], [92.61964, 11.360745], [92.63502, 11.357896], [92.646007, 11.359076], [92.673188, 11.367336], [92.682791, 11.371527], [92.69988, 11.384426], [92.696788, 11.391791], [92.685069, 11.399359], [92.676524, 11.412543]]}}, {"type": "Feature", "properties": {"source": "Natural Earth 10m Physical Coastline (Indian Subcontinent & EEZ)"}, "geometry": {"type": "LineString", "coordinates": [[92.266775, 11.589545], [92.254893, 11.593817], [92.228689, 11.597724], [92.217296, 11.59809], [92.217296, 11.591254], [92.230235, 11.577338], [92.234548, 11.540351], [92.252126, 11.529242], [92.273204, 11.531073], [92.285004, 11.544013], [92.286876, 11.563178], [92.278087, 11.583808], [92.266775, 11.589545]]}}, {"type": "Feature", "properties": {"source": "Natural Earth 10m Physical Coastline (Indian Subcontinent & EEZ)"}, "geometry": {"type": "LineString", "coordinates": [[93.042491, 11.961168], [93.040375, 11.969062], [93.018565, 12.015815], [93.025401, 12.031562], [93.014659, 12.037177], [92.980724, 12.036322], [92.972179, 12.027737], [92.957205, 12.008694], [92.947032, 11.989691], [92.953136, 11.981106], [92.96754, 11.978583], [92.974457, 11.972235], [92.980235, 11.96369], [92.990571, 11.954413], [93.001313, 11.949205], [93.015391, 11.94599], [93.024913, 11.940131], [93.026541, 11.931627], [93.035411, 11.911933], [93.049327, 11.896145], [93.066417, 11.899115], [93.048676, 11.952786], [93.042491, 11.961168]]}}, {"type": "Feature", "properties": {"source": "Natural Earth 10m Physical Coastline (Indian Subcontinent & EEZ)"}, "geometry": {"type": "LineString", "coordinates": [[93.103282, 12.190497], [93.098481, 12.199408], [93.091075, 12.20425], [93.082042, 12.204779], [93.073253, 12.200832], [93.066254, 12.189846], [93.061534, 12.172309], [93.059337, 12.153551], [93.059581, 12.138739], [93.064301, 12.127143], [93.074229, 12.110338], [93.08546, 12.095852], [93.094249, 12.090969], [93.103282, 12.102037], [93.102306, 12.119534], [93.094981, 12.15176], [93.096202, 12.158759], [93.103282, 12.18008], [93.103852, 12.185289], [93.10377, 12.187934], [93.103282, 12.190497]]}}, {"type": "Feature", "properties": {"source": "Natural Earth 10m Physical Coastline (Indian Subcontinent & EEZ)"}, "geometry": {"type": "LineString", "coordinates": [[92.733084, 12.97248], [92.730724, 12.977484], [92.727061, 12.982001], [92.722504, 12.985785], [92.71697, 12.988471], [92.708344, 12.988674], [92.702403, 12.983059], [92.695079, 12.973456], [92.682791, 12.961737], [92.684906, 12.945054], [92.677745, 12.890367], [92.672862, 12.878607], [92.670258, 12.867662], [92.682791, 12.797309], [92.694672, 12.803778], [92.696544, 12.8133], [92.695079, 12.8251], [92.697113, 12.838202], [92.701508, 12.844428], [92.717621, 12.862209], [92.724376, 12.872382], [92.729991, 12.895209], [92.732188, 12.945705], [92.737478, 12.961737], [92.733084, 12.97248]]}}, {"type": "Feature", "properties": {"source": "Natural Earth 10m Physical Coastline (Indian Subcontinent & EEZ)"}, "geometry": {"type": "LineString", "coordinates": [[93.052745, 13.283881], [93.035655, 13.306952], [93.025564, 13.316148], [93.004568, 13.311835], [92.990489, 13.317816], [92.97934, 13.329779], [92.977061, 13.345364], [92.984386, 13.356431], [92.995128, 13.357367], [93.003673, 13.348619], [93.004242, 13.331041], [93.017345, 13.340481], [93.033458, 13.348578], [93.046886, 13.357408], [93.052745, 13.368883], [93.057872, 13.38288], [93.07838, 13.397121], [93.080089, 13.413031], [93.07545, 13.411119], [93.064138, 13.408637], [93.059581, 13.406806], [93.053722, 13.471422], [93.055024, 13.503079], [93.066417, 13.537095], [93.049978, 13.566392], [93.042491, 13.571234], [93.031586, 13.569078], [93.022797, 13.566107], [93.016287, 13.567369], [93.011729, 13.578111], [93.006521, 13.568793], [93.004568, 13.562201], [93.006114, 13.556627], [93.011729, 13.550767], [93.003184, 13.547065], [92.997325, 13.546698], [92.99171, 13.550035], [92.984386, 13.557603], [92.977224, 13.553778], [92.958507, 13.550238], [92.949718, 13.544623], [92.945486, 13.536933], [92.945486, 13.519721], [92.942882, 13.509223], [92.937999, 13.50137], [92.915538, 13.475735], [92.903331, 13.46776], [92.901866, 13.468248], [92.89503, 13.454576], [92.894542, 13.447252], [92.895681, 13.422838], [92.89503, 13.413031], [92.891368, 13.400946], [92.886892, 13.393459], [92.847423, 13.344916], [92.841156, 13.324897], [92.854177, 13.310614], [92.854177, 13.304389], [92.849864, 13.289008], [92.863943, 13.244696], [92.864024, 13.2355], [92.842784, 13.226996], [92.842052, 13.20775], [92.844737, 13.186998], [92.833669, 13.174018], [92.837657, 13.16706], [92.851085, 13.152045], [92.854177, 13.146064], [92.853038, 13.142727], [92.848399, 13.136705], [92.8296, 13.103461], [92.809255, 13.044745], [92.807953, 13.020087], [92.830251, 13.009508], [92.834727, 13.002021], [92.828136, 12.985175], [92.813243, 12.958075], [92.813243, 12.90648], [92.809337, 12.884508], [92.800304, 12.857815], [92.785655, 12.840033], [92.765391, 12.84512], [92.758149, 12.835679], [92.748871, 12.828111], [92.740896, 12.819648], [92.737478, 12.807196], [92.744884, 12.762519], [92.747732, 12.692694], [92.754731, 12.677191], [92.766287, 12.671536], [92.777354, 12.669338], [92.783214, 12.664984], [92.778982, 12.652655], [92.775238, 12.65176], [92.76002, 12.651109], [92.754731, 12.649563], [92.750173, 12.644273], [92.744802, 12.63349], [92.726817, 12.612982], [92.72169, 12.599433], [92.717784, 12.362494], [92.722341, 12.337795], [92.733653, 12.318061], [92.754731, 12.310045], [92.778494, 12.310126], [92.786957, 12.306301], [92.792654, 12.296373], [92.7942, 12.283189], [92.789399, 12.279486], [92.781016, 12.279242], [92.764496, 12.274319], [92.760427, 12.276842], [92.7588, 12.276557], [92.758556, 12.265937], [92.761241, 12.261176], [92.767751, 12.255439], [92.775564, 12.250637], [92.7824, 12.248603], [92.792654, 12.207668], [92.788829, 12.195543], [92.784028, 12.189358], [92.765391, 12.180325], [92.760997, 12.179877], [92.741059, 12.180325], [92.737804, 12.179145], [92.736339, 12.176581], [92.733735, 12.174018], [92.727794, 12.172838], [92.719493, 12.176256], [92.719086, 12.184516], [92.724376, 12.20425], [92.720958, 12.226549], [92.713064, 12.232571], [92.703868, 12.225165], [92.697113, 12.207668], [92.689708, 12.207668], [92.681814, 12.219631], [92.668224, 12.200995], [92.645274, 12.156073], [92.640147, 12.136135], [92.641856, 12.036322], [92.63738, 12.025295], [92.625011, 12.003119], [92.621349, 11.987942], [92.623057, 11.97427], [92.627289, 11.95893], [92.629405, 11.943752], [92.624522, 11.930162], [92.621349, 11.874945], [92.617686, 11.8664], [92.61085, 11.87051], [92.607677, 11.882799], [92.614513, 11.899115], [92.600271, 11.895494], [92.594737, 11.898749], [92.592133, 11.905748], [92.577159, 11.927395], [92.570567, 11.932603], [92.562999, 11.930162], [92.539724, 11.894436], [92.531993, 11.864976], [92.530528, 11.864651], [92.527354, 11.862006], [92.524913, 11.857489], [92.525157, 11.851304], [92.528087, 11.845893], [92.530935, 11.845893], [92.534353, 11.846869], [92.545665, 11.840806], [92.554942, 11.837836], [92.563243, 11.83393], [92.566661, 11.827135], [92.566661, 11.7862], [92.560313, 11.74136], [92.563243, 11.725572], [92.579845, 11.714179], [92.586762, 11.71601], [92.595958, 11.72016], [92.60377, 11.718899], [92.607107, 11.704535], [92.608165, 11.693264], [92.613455, 11.674221], [92.614513, 11.662991], [92.61964, 11.651313], [92.631114, 11.647447], [92.642833, 11.64525], [92.648692, 11.638495], [92.645681, 11.629828], [92.63738, 11.627143], [92.62794, 11.625149], [92.621349, 11.618598], [92.621593, 11.609361], [92.625662, 11.595404], [92.633556, 11.582587], [92.645274, 11.576972], [92.654633, 11.573798], [92.65561, 11.565985], [92.654796, 11.555894], [92.658946, 11.546291], [92.689708, 11.51557], [92.698985, 11.511786], [92.707042, 11.511054], [92.713145, 11.50731], [92.71697, 11.494452], [92.726736, 11.506171], [92.735118, 11.523871], [92.744884, 11.557115], [92.744884, 11.587592], [92.747569, 11.597846], [92.760509, 11.610338], [92.765391, 11.618598], [92.765636, 11.629584], [92.761485, 11.663642], [92.758556, 11.673245], [92.746104, 11.683743], [92.736013, 11.68244], [92.730235, 11.671454], [92.731212, 11.652737], [92.726736, 11.65469], [92.715343, 11.65762], [92.710704, 11.659573], [92.710704, 11.621731], [92.706391, 11.614488], [92.696788, 11.611233], [92.687022, 11.611558], [92.682791, 11.61518], [92.682628, 11.636949], [92.68393, 11.649888], [92.689952, 11.660061], [92.722911, 11.693793], [92.734548, 11.699286], [92.754731, 11.701117], [92.76002, 11.708686], [92.796886, 11.865139], [92.79949, 11.899115], [92.795909, 11.922187], [92.787934, 11.934516], [92.776378, 11.939276], [92.761974, 11.940131], [92.753754, 11.931586], [92.749034, 11.912258], [92.744884, 11.878648], [92.737478, 11.878648], [92.737478, 11.961168], [92.740571, 11.983629], [92.745616, 11.996649], [92.765391, 12.02204], [92.758556, 12.02204], [92.763682, 12.030951], [92.771251, 12.036078], [92.781016, 12.037787], [92.792654, 12.036322], [92.767263, 12.061225], [92.757498, 12.07746], [92.768809, 12.084703], [92.783946, 12.085883], [92.799327, 12.089545], [92.80893, 12.095771], [92.806407, 12.10456], [92.825938, 12.115668], [92.833669, 12.118232], [92.833669, 12.125678], [92.827403, 12.140123], [92.842947, 12.156195], [92.864024, 12.171536], [92.874522, 12.183743], [92.872569, 12.201483], [92.891612, 12.200832], [92.894216, 12.205024], [92.892589, 12.214545], [92.888682, 12.225002], [92.884532, 12.231838], [92.879893, 12.243598], [92.886404, 12.253363], [92.896251, 12.261705], [92.901866, 12.269029], [92.900157, 12.283189], [92.893403, 12.290351], [92.885753, 12.295559], [92.880707, 12.30386], [92.879242, 12.312974], [92.881114, 12.314602], [92.886404, 12.315741], [92.89503, 12.323676], [92.903168, 12.329088], [92.912771, 12.333645], [92.91505, 12.338365], [92.901866, 12.344794], [92.902517, 12.357123], [92.894054, 12.368109], [92.881847, 12.375922], [92.871104, 12.378892], [92.863617, 12.385484], [92.853526, 12.416815], [92.84669, 12.427395], [92.84669, 12.433539], [92.873302, 12.431383], [92.901866, 12.433539], [92.897146, 12.449937], [92.89503, 12.454657], [92.906016, 12.448961], [92.915863, 12.440863], [92.923839, 12.430976], [92.92921, 12.419908], [92.936046, 12.419908], [92.93865, 12.438137], [92.949718, 12.446967], [92.962413, 12.454413], [92.970225, 12.468329], [92.955903, 12.477444], [92.964854, 12.491034], [92.9817, 12.506049], [92.990571, 12.519232], [92.991547, 12.567084], [92.989024, 12.592108], [92.972911, 12.628119], [92.976817, 12.654934], [92.990571, 12.701117], [92.990489, 12.724311], [92.984386, 12.745103], [92.973155, 12.76435], [92.956554, 12.783026], [92.968028, 12.803168], [92.965831, 12.825629], [92.960704, 12.847154], [92.964041, 12.864936], [92.940684, 12.889309], [92.932628, 12.89289], [92.929861, 12.896674], [92.928233, 12.905341], [92.92449, 12.914374], [92.915538, 12.919582], [92.905528, 12.906073], [92.896332, 12.899726], [92.884532, 12.903469], [92.876801, 12.911526], [92.876313, 12.916653], [92.87908, 12.921942], [92.880707, 12.930406], [92.902599, 12.974026], [92.905284, 12.982245], [92.916515, 12.982652], [92.927419, 12.981024], [92.934744, 12.973049], [92.936046, 12.954291], [92.942882, 12.954291], [92.952647, 12.970771], [92.956228, 12.981676], [92.950694, 12.993638], [92.932628, 13.013007], [92.928396, 13.027493], [92.928884, 13.050198], [92.937022, 13.067084], [92.956554, 13.064154], [92.956554, 13.084662], [92.964041, 13.084662], [92.966563, 13.07217], [92.961436, 13.048163], [92.964041, 13.036851], [92.970876, 13.030748], [92.97934, 13.029527], [92.986827, 13.033677], [92.990571, 13.043687], [92.998057, 13.043687], [93.019542, 13.033637], [93.036794, 13.062161], [93.048106, 13.103705], [93.052745, 13.133043], [93.052582, 13.196967], [93.056895, 13.224799], [93.079438, 13.259833], [93.075694, 13.26911], [93.052745, 13.283881]]}}, {"type": "Feature", "properties": {"source": "Natural Earth 10m Physical Coastline (Indian Subcontinent & EEZ)"}, "geometry": {"type": "LineString", "coordinates": [[93.039073, 13.667467], [93.033214, 13.680243], [93.019542, 13.680121], [92.990571, 13.667467], [93.000499, 13.657701], [93.019542, 13.6494], [93.052745, 13.640204], [93.042817, 13.662055], [93.039073, 13.667467]]}}, {"type": "Feature", "properties": {"source": "Natural Earth 10m Physical Coastline (Indian Subcontinent & EEZ)"}, "geometry": {"type": "LineString", "coordinates": [[93.396007, 14.140448], [93.39031, 14.153754], [93.385997, 14.150865], [93.383311, 14.138373], [93.374848, 14.064683], [93.394786, 14.076361], [93.400157, 14.095649], [93.396007, 14.140448]]}}, {"type": "Feature", "properties": {"source": "Natural Earth 10m Physical Coastline (Indian Subcontinent & EEZ)"}, "geometry": {"type": "LineString", "coordinates": [[93.675792, 14.859198], [93.69044, 14.8581], [93.704438, 14.870998], [93.716156, 14.890082], [93.724376, 14.90762], [93.724376, 14.913804], [93.703868, 14.904446], [93.693614, 14.888861], [93.686697, 14.872056], [93.675792, 14.859198]]}}, {"type": "Feature", "properties": {"source": "Natural Earth 10m Physical Coastline (Indian Subcontinent & EEZ)"}, "geometry": {"type": "LineString", "coordinates": [[94.827973, 15.932034], [94.827973, 15.932156], [94.823253, 15.945787], [94.806814, 15.931098], [94.78004, 15.893948], [94.759288, 15.85224], [94.744802, 15.832709], [94.724864, 15.818793], [94.724864, 15.811957], [94.747895, 15.799465], [94.777843, 15.791571], [94.803722, 15.796576], [94.819102, 15.834703], [94.837413, 15.864407], [94.841563, 15.877427], [94.839366, 15.890082], [94.829845, 15.916449], [94.827973, 15.932034]]}}, {"type": "Feature", "properties": {"source": "Natural Earth 10m Physical Coastline (Indian Subcontinent & EEZ)"}, "geometry": {"type": "LineString", "coordinates": [[94.66212, 16.221869], [94.642833, 16.24551], [94.611583, 16.221747], [94.549327, 16.148993], [94.518809, 16.120429], [94.510997, 16.107652], [94.495942, 16.075588], [94.485362, 16.058987], [94.452973, 16.033881], [94.417247, 16.018459], [94.389659, 16.000922], [94.382335, 15.969631], [94.40919, 15.907457], [94.417247, 15.871772], [94.40268, 15.846747], [94.40268, 15.83926], [94.410167, 15.83926], [94.433116, 15.869615], [94.440929, 15.885403], [94.436778, 15.900702], [94.446462, 15.912909], [94.468272, 15.930162], [94.478363, 15.942328], [94.479259, 15.949042], [94.478038, 15.958157], [94.478038, 15.966132], [94.484141, 15.971259], [94.499034, 15.98017], [94.553477, 15.997504], [94.569591, 16.005194], [94.5796, 16.013251], [94.629649, 16.075181], [94.654633, 16.121975], [94.667491, 16.171942], [94.66212, 16.221869]]}}, {"type": "Feature", "properties": {"source": "Natural Earth 10m Physical Coastline (Indian Subcontinent & EEZ)"}, "geometry": {"type": "LineString", "coordinates": [[93.745372, 18.799994], [93.74586, 18.810981], [93.751638, 18.840888], [93.749522, 18.86518], [93.742442, 18.872301], [93.70753, 18.868232], [93.683604, 18.868964], [93.673025, 18.87051], [93.663341, 18.873196], [93.641775, 18.88935], [93.621755, 18.910346], [93.611095, 18.90526], [93.599864, 18.890448], [93.577159, 18.881903], [93.484141, 18.874986], [93.493175, 18.849311], [93.497813, 18.840888], [93.594005, 18.731024], [93.6185, 18.711493], [93.630382, 18.699205], [93.635509, 18.686672], [93.645274, 18.679348], [93.667735, 18.674872], [93.693126, 18.673774], [93.711274, 18.676459], [93.731944, 18.689683], [93.746837, 18.708808], [93.756033, 18.731513], [93.759044, 18.755561], [93.757091, 18.765204], [93.748057, 18.787909], [93.745372, 18.799994]]}}, {"type": "Feature", "properties": {"source": "Natural Earth 10m Physical Coastline (Indian Subcontinent & EEZ)"}, "geometry": {"type": "LineString", "coordinates": [[93.970714, 19.416938], [93.956228, 19.432522], [93.917735, 19.454006], [93.899262, 19.46776], [93.880219, 19.479193], [93.858084, 19.482489], [93.836599, 19.479397], [93.819998, 19.471503], [93.803071, 19.487372], [93.755382, 19.523017], [93.749278, 19.531317], [93.745372, 19.539211], [93.740489, 19.546698], [93.731212, 19.554104], [93.723643, 19.556383], [93.704926, 19.558295], [93.696951, 19.560289], [93.688162, 19.559475], [93.649181, 19.513129], [93.655528, 19.504096], [93.656586, 19.497382], [93.652192, 19.493313], [93.641775, 19.492011], [93.658946, 19.457506], [93.669119, 19.446479], [93.68336, 19.437445], [93.716319, 19.427395], [93.730479, 19.419257], [93.738048, 19.403266], [93.736664, 19.396959], [93.731944, 19.39643], [93.726736, 19.396674], [93.724376, 19.392727], [93.725352, 19.386868], [93.727794, 19.383734], [93.729991, 19.381741], [93.731212, 19.379055], [93.733409, 19.367865], [93.743175, 19.355455], [93.745372, 19.344916], [93.749848, 19.333319], [93.773774, 19.298774], [93.785655, 19.286566], [93.796886, 19.27851], [93.802745, 19.276679], [93.823578, 19.27912], [93.845551, 19.278022], [93.856944, 19.278876], [93.864919, 19.282864], [93.866384, 19.291083], [93.862804, 19.29975], [93.862804, 19.307766], [93.875173, 19.31391], [93.879161, 19.312201], [93.881033, 19.306871], [93.883556, 19.3015], [93.889415, 19.299628], [93.895518, 19.301174], [93.898936, 19.30329], [93.90089, 19.305406], [93.917166, 19.318305], [93.940196, 19.348619], [93.953949, 19.354885], [93.965831, 19.363023], [93.972341, 19.381822], [93.973643, 19.402737], [93.970714, 19.416938]]}}, {"type": "Feature", "properties": {"source": "Natural Earth 10m Physical Coastline (Indian Subcontinent & EEZ)"}, "geometry": {"type": "LineString", "coordinates": [[93.505219, 19.807318], [93.50115, 19.825385], [93.505219, 19.872219], [93.49879, 19.88703], [93.484711, 19.897162], [93.470551, 19.905219], [93.464122, 19.913479], [93.461192, 19.919501], [93.45338, 19.928453], [93.442638, 19.938137], [93.422048, 19.951361], [93.402843, 19.95307], [93.406749, 19.920478], [93.440684, 19.81094], [93.456798, 19.788764], [93.511974, 19.745836], [93.518321, 19.761949], [93.516856, 19.777167], [93.505219, 19.807318]]}}, {"type": "Feature", "properties": {"source": "Natural Earth 10m Physical Coastline (Indian Subcontinent & EEZ)"}, "geometry": {"type": "LineString", "coordinates": [[92.964041, 20.036689], [92.962576, 20.046088], [92.958507, 20.054877], [92.952891, 20.063056], [92.946462, 20.070502], [92.92921, 20.081041], [92.922699, 20.087633], [92.91684, 20.088935], [92.911957, 20.084703], [92.908702, 20.074856], [92.909434, 20.06509], [92.914317, 20.059638], [92.91977, 20.055732], [92.922374, 20.050605], [92.925792, 20.033759], [92.987478, 19.925198], [93.001231, 19.906643], [93.008556, 19.889879], [93.013194, 19.846503], [93.018565, 19.827826], [93.024913, 19.827826], [93.021983, 19.870185], [93.014659, 19.905585], [92.96754, 20.022203], [92.964041, 20.036689]]}}, {"type": "Feature", "properties": {"source": "Natural Earth 10m Physical Coastline (Indian Subcontinent & EEZ)"}, "geometry": {"type": "LineString", "coordinates": [[88.872895, 21.595526], [88.841319, 21.614], [88.830821, 21.577379], [88.838715, 21.531928], [88.862478, 21.523586], [88.879731, 21.529975], [88.895763, 21.528469], [88.90797, 21.530707], [88.91391, 21.548407], [88.911306, 21.566881], [88.902029, 21.580268], [88.88852, 21.589545], [88.872895, 21.595526]]}}, {"type": "Feature", "properties": {"source": "Natural Earth 10m Physical Coastline (Indian Subcontinent & EEZ)"}, "geometry": {"type": "LineString", "coordinates": [[91.935557, 21.759996], [91.935883, 21.765123], [91.935557, 21.781155], [91.919119, 21.776842], [91.901215, 21.774319], [91.908376, 21.752183], [91.909516, 21.726793], [91.903331, 21.702867], [91.887706, 21.684963], [91.89088, 21.698961], [91.898204, 21.71483], [91.902843, 21.730292], [91.89796, 21.743313], [91.883311, 21.753892], [91.872325, 21.754828], [91.862966, 21.745592], [91.853526, 21.725816], [91.847911, 21.688788], [91.868907, 21.622219], [91.874034, 21.581855], [91.873709, 21.55801], [91.871104, 21.547675], [91.855479, 21.526679], [91.855235, 21.519477], [91.858246, 21.512641], [91.862559, 21.49494], [91.868419, 21.486762], [91.877126, 21.481024], [91.887706, 21.480129], [91.899669, 21.486029], [91.899181, 21.493842], [91.894542, 21.50141], [91.894542, 21.506781], [91.914073, 21.509467], [91.93922, 21.505357], [91.961111, 21.506171], [91.970225, 21.523586], [91.972423, 21.546088], [91.9817, 21.58808], [91.983897, 21.609198], [91.974864, 21.648749], [91.938731, 21.71483], [91.935557, 21.759996]]}}, {"type": "Feature", "properties": {"source": "Natural Earth 10m Physical Coastline (Indian Subcontinent & EEZ)"}, "geometry": {"type": "LineString", "coordinates": [[88.050548, 21.70539], [88.043956, 21.680854], [88.042247, 21.668158], [88.043142, 21.65762], [88.051768, 21.641588], [88.063487, 21.636664], [88.091563, 21.636542], [88.1185, 21.627672], [88.130056, 21.625922], [88.139415, 21.630316], [88.146007, 21.643744], [88.144379, 21.657782], [88.132579, 21.684963], [88.163422, 21.705471], [88.167003, 21.765448], [88.146739, 21.869859], [88.119314, 21.859524], [88.090017, 21.808661], [88.050548, 21.70539]]}}, {"type": "Feature", "properties": {"source": "Natural Earth 10m Physical Coastline (Indian Subcontinent & EEZ)"}, "geometry": {"type": "LineString", "coordinates": [[89.115733, 21.781155], [89.092784, 21.793402], [89.081309, 21.822943], [89.071544, 21.890326], [89.067638, 21.904364], [89.064952, 21.910224], [89.061534, 21.914944], [89.057384, 21.91767], [89.045665, 21.91706], [89.044688, 21.907782], [89.051117, 21.890326], [89.053722, 21.874742], [89.063813, 21.841457], [89.06422, 21.822089], [89.057791, 21.80329], [89.051443, 21.797105], [89.051524, 21.793199], [89.102306, 21.736762], [89.132498, 21.721625], [89.144705, 21.739325], [89.139008, 21.766832], [89.115733, 21.781155]]}}, {"type": "Feature", "properties": {"source": "Natural Earth 10m Physical Coastline (Indian Subcontinent & EEZ)"}, "geometry": {"type": "LineString", "coordinates": [[88.636241, 21.921373], [88.616466, 21.897935], [88.598643, 21.869859], [88.586274, 21.843004], [88.584321, 21.835761], [88.584972, 21.826606], [88.590505, 21.812893], [88.591807, 21.804389], [88.59962, 21.803656], [88.636241, 21.79267], [88.646332, 21.787909], [88.649181, 21.842353], [88.655284, 21.866604], [88.667003, 21.890326], [88.670584, 21.907416], [88.663259, 21.921291], [88.650157, 21.927436], [88.636241, 21.921373]]}}, {"type": "Feature", "properties": {"source": "Natural Earth 10m Physical Coastline (Indian Subcontinent & EEZ)"}, "geometry": {"type": "LineString", "coordinates": [[91.887706, 21.866156], [91.886078, 21.880276], [91.874034, 21.91767], [91.872732, 21.925605], [91.871104, 21.92886], [91.867198, 21.931952], [91.843435, 21.906968], [91.836192, 21.89411], [91.83253, 21.876695], [91.839854, 21.825507], [91.823985, 21.742621], [91.83253, 21.725816], [91.841075, 21.735419], [91.862804, 21.789984], [91.870372, 21.824612], [91.884451, 21.850287], [91.887706, 21.866156]]}}, {"type": "Feature", "properties": {"source": "Natural Earth 10m Physical Coastline (Indian Subcontinent & EEZ)"}, "geometry": {"type": "LineString", "coordinates": [[88.080903, 21.849351], [88.104991, 21.861151], [88.125011, 21.888658], [88.132579, 21.920478], [88.118907, 21.945014], [88.105724, 21.947577], [88.094249, 21.937893], [88.084727, 21.921576], [88.077322, 21.904608], [88.073904, 21.892157], [88.071056, 21.873603], [88.072276, 21.856757], [88.080903, 21.849351]]}}, {"type": "Feature", "properties": {"source": "Natural Earth 10m Physical Coastline (Indian Subcontinent & EEZ)"}, "geometry": {"type": "LineString", "coordinates": [[90.593516, 21.986558], [90.526378, 21.94359], [90.521983, 21.938788], [90.517833, 21.931952], [90.515391, 21.921291], [90.516856, 21.912177], [90.516938, 21.904486], [90.510427, 21.897854], [90.517914, 21.893256], [90.52296, 21.888088], [90.531505, 21.876695], [90.523448, 21.875678], [90.510753, 21.871405], [90.503591, 21.869859], [90.503591, 21.862454], [90.521251, 21.861477], [90.540782, 21.875922], [90.55714, 21.897528], [90.565603, 21.91767], [90.57252, 21.91767], [90.580821, 21.912502], [90.590831, 21.935126], [90.606619, 21.938788], [90.600841, 21.954576], [90.597341, 21.96133], [90.593516, 21.966132], [90.593516, 21.986558]]}}, {"type": "Feature", "properties": {"source": "Natural Earth 10m Physical Coastline (Indian Subcontinent & EEZ)"}, "geometry": {"type": "LineString", "coordinates": [[90.332205, 21.938788], [90.32252, 21.916693], [90.318614, 21.892808], [90.318614, 21.846259], [90.322927, 21.843899], [90.332205, 21.849514], [90.341563, 21.860297], [90.365489, 21.938707], [90.390636, 21.978258], [90.394298, 22.00023], [90.37143, 21.994778], [90.354015, 21.976752], [90.332205, 21.938788]]}}, {"type": "Feature", "properties": {"source": "Natural Earth 10m Physical Coastline (Indian Subcontinent & EEZ)"}, "geometry": {"type": "LineString", "coordinates": [[90.387462, 22.048041], [90.373871, 22.045559], [90.358653, 22.022691], [90.345876, 21.993598], [90.33961, 21.972317], [90.345958, 21.972317], [90.352794, 21.992987], [90.381114, 22.023098], [90.387462, 22.048041]]}}, {"type": "Feature", "properties": {"source": "Natural Earth 10m Physical Coastline (Indian Subcontinent & EEZ)"}, "geometry": {"type": "LineString", "coordinates": [[90.435232, 22.041205], [90.428477, 22.048041], [90.415538, 22.038316], [90.411876, 22.028713], [90.414236, 21.997138], [90.411876, 21.97602], [90.406423, 21.963365], [90.39975, 21.952948], [90.394298, 21.938788], [90.394542, 21.921454], [90.402354, 21.906887], [90.415538, 21.900539], [90.431895, 21.907782], [90.454845, 21.933051], [90.476329, 21.945014], [90.486176, 21.976793], [90.473318, 22.003648], [90.435232, 22.041205]]}}, {"type": "Feature", "properties": {"source": "Natural Earth 10m Physical Coastline (Indian Subcontinent & EEZ)"}, "geometry": {"type": "LineString", "coordinates": [[90.544444, 22.061672], [90.508962, 22.033149], [90.503591, 22.024115], [90.504649, 22.010484], [90.509044, 21.999416], [90.519542, 21.994696], [90.538341, 22.00023], [90.559744, 22.023749], [90.568696, 22.058092], [90.574555, 22.096137], [90.586192, 22.130561], [90.591807, 22.119086], [90.593435, 22.112535], [90.593516, 22.102607], [90.613455, 22.164049], [90.604503, 22.165595], [90.592784, 22.15941], [90.581065, 22.148871], [90.57252, 22.137397], [90.560069, 22.137681], [90.533458, 22.110053], [90.520844, 22.102607], [90.503103, 22.09634], [90.49171, 22.080146], [90.485606, 22.058336], [90.483653, 22.03498], [90.489919, 22.03498], [90.495372, 22.044989], [90.538341, 22.068508], [90.544444, 22.061672]]}}, {"type": "Feature", "properties": {"source": "Natural Earth 10m Physical Coastline (Indian Subcontinent & EEZ)"}, "geometry": {"type": "LineString", "coordinates": [[90.941742, 22.205024], [90.935557, 22.21247], [90.927501, 22.190253], [90.920258, 22.160061], [90.9192, 22.132148], [90.929373, 22.116889], [90.948985, 22.121649], [90.956716, 22.144843], [90.956716, 22.198879], [90.954112, 22.208075], [90.951182, 22.21247], [90.947113, 22.211615], [90.941742, 22.205024]]}}, {"type": "Feature", "properties": {"source": "Natural Earth 10m Physical Coastline (Indian Subcontinent & EEZ)"}, "geometry": {"type": "LineString", "coordinates": [[90.97641, 22.185777], [90.987804, 22.19538], [90.994802, 22.213813], [90.997813, 22.235093], [90.996918, 22.253485], [90.982921, 22.259182], [90.977061, 22.239203], [90.97641, 22.185777]]}}, {"type": "Feature", "properties": {"source": "Natural Earth 10m Physical Coastline (Indian Subcontinent & EEZ)"}, "geometry": {"type": "LineString", "coordinates": [[90.952891, 22.226752], [90.990082, 22.281399], [90.994395, 22.302069], [90.9935, 22.322333], [90.989513, 22.340766], [90.983897, 22.355902], [90.97641, 22.363349], [90.966156, 22.347398], [90.960216, 22.322984], [90.956716, 22.277655], [90.950531, 22.263617], [90.940196, 22.246812], [90.937185, 22.232733], [90.952891, 22.226752]]}}, {"type": "Feature", "properties": {"source": "Natural Earth 10m Physical Coastline (Indian Subcontinent & EEZ)"}, "geometry": {"type": "LineString", "coordinates": [[91.148847, 22.357057], [91.126899, 22.374865], [91.092257, 22.391338], [91.074801, 22.38859], [91.06912, 22.31103], [91.068274, 22.240733], [91.059093, 22.192043], [91.052257, 22.175442], [91.033955, 22.14878], [91.005111, 22.116822], [91.011257, 22.102091], [91.022472, 22.094875], [91.038585, 22.091132], [91.063294, 22.089848], [91.082408, 22.101383], [91.093689, 22.118859], [91.106374, 22.121658], [91.120712, 22.130301], [91.141468, 22.146201], [91.154307, 22.169664], [91.160899, 22.182074], [91.170576, 22.197171], [91.186785, 22.227757], [91.181895, 22.260321], [91.181407, 22.283596], [91.171397, 22.319648], [91.15645, 22.332079], [91.148847, 22.357057]]}}, {"type": "Feature", "properties": {"source": "Natural Earth 10m Physical Coastline (Indian Subcontinent & EEZ)"}, "geometry": {"type": "LineString", "coordinates": [[90.61964, 22.42475], [90.62615, 22.406968], [90.6338, 22.367621], [90.640147, 22.349677], [90.633311, 22.349677], [90.634288, 22.339545], [90.634044, 22.328355], [90.63502, 22.317613], [90.640147, 22.308743], [90.646739, 22.326077], [90.640391, 22.366034], [90.647472, 22.383775], [90.650157, 22.376166], [90.661143, 22.355902], [90.658702, 22.379543], [90.647716, 22.407213], [90.633149, 22.431627], [90.61964, 22.445258], [90.614431, 22.449042], [90.607595, 22.450344], [90.601573, 22.44831], [90.599132, 22.442125], [90.60141, 22.429185], [90.606944, 22.427436], [90.613617, 22.428616], [90.61964, 22.42475]]}}, {"type": "Feature", "properties": {"source": "Natural Earth 10m Physical Coastline (Indian Subcontinent & EEZ)"}, "geometry": {"type": "LineString", "coordinates": [[90.647472, 22.42475], [90.653656, 22.431057], [90.657074, 22.433661], [90.667328, 22.439032], [90.667003, 22.458441], [90.665294, 22.469143], [90.661143, 22.480048], [90.656016, 22.480699], [90.653494, 22.483466], [90.647472, 22.42475]]}}, {"type": "Feature", "properties": {"source": "Natural Earth 10m Physical Coastline (Indian Subcontinent & EEZ)"}, "geometry": {"type": "LineString", "coordinates": [[91.158619, 22.503423], [91.123562, 22.489146], [91.11371, 22.461415], [91.134163, 22.44948], [91.159533, 22.450674], [91.180244, 22.459239], [91.201017, 22.472196], [91.21083, 22.495521], [91.199988, 22.514694], [91.158619, 22.503423]]}}, {"type": "Feature", "properties": {"source": "Natural Earth 10m Physical Coastline (Indian Subcontinent & EEZ)"}, "geometry": {"type": "LineString", "coordinates": [[91.467557, 22.58631], [91.446765, 22.576304], [91.423786, 22.525302], [91.429658, 22.493003], [91.446517, 22.453242], [91.476052, 22.413317], [91.507519, 22.396797], [91.555179, 22.402031], [91.563633, 22.435621], [91.556361, 22.47821], [91.467557, 22.58631]]}}, {"type": "Feature", "properties": {"source": "Natural Earth 10m Physical Coastline (Indian Subcontinent & EEZ)"}, "geometry": {"type": "LineString", "coordinates": [[90.790553, 22.495333], [90.76694, 22.517531], [90.754507, 22.548434], [90.746979, 22.596907], [90.731272, 22.620527], [90.715507, 22.638284], [90.701369, 22.661898], [90.684095, 22.694373], [90.671546, 22.72241], [90.660619, 22.757805], [90.650564, 22.787421], [90.631033, 22.785631], [90.613455, 22.781684], [90.596202, 22.775377], [90.58546, 22.768052], [90.578624, 22.757025], [90.556326, 22.674709], [90.553966, 22.639797], [90.558767, 22.602932], [90.574962, 22.598863], [90.631358, 22.561591], [90.647472, 22.548285], [90.658946, 22.5244], [90.670584, 22.463853], [90.681814, 22.445258], [90.681814, 22.439032], [90.677745, 22.426703], [90.679942, 22.407172], [90.687999, 22.377631], [90.681895, 22.360419], [90.681814, 22.301907], [90.678477, 22.282782], [90.673513, 22.266425], [90.631847, 22.182115], [90.622244, 22.145087], [90.633311, 22.123114], [90.618988, 22.101304], [90.607758, 22.072333], [90.603526, 22.044013], [90.610037, 22.024115], [90.625987, 22.027167], [90.681814, 22.102607], [90.669932, 22.074937], [90.651215, 22.044623], [90.639415, 22.016099], [90.647472, 21.994045], [90.657725, 21.992865], [90.670421, 21.997707], [90.682872, 22.003974], [90.691661, 22.007025], [90.717784, 22.048407], [90.727061, 22.053697], [90.750011, 22.075995], [90.75587, 22.065985], [90.757335, 22.061672], [90.77475, 22.075914], [90.827891, 22.152411], [90.836192, 22.178168], [90.835022, 22.339616], [90.855024, 22.434665], [90.834637, 22.458296], [90.790553, 22.495333]]}}, {"type": "Feature", "properties": {"source": "Natural Earth 10m Physical Coastline (Indian Subcontinent & EEZ)"}, "geometry": {"type": "LineString", "coordinates": [[90.645254, 22.849289], [90.62676, 22.857216], [90.606619, 22.877265], [90.592296, 22.881903], [90.552745, 22.881741], [90.544444, 22.880683], [90.537608, 22.866767], [90.521169, 22.864651], [90.486827, 22.870429], [90.473399, 22.865139], [90.466075, 22.851752], [90.463145, 22.834052], [90.462657, 22.815823], [90.465668, 22.788072], [90.464203, 22.778876], [90.45574, 22.767401], [90.482921, 22.759752], [90.492849, 22.753241], [90.496755, 22.74315], [90.49822, 22.733832], [90.510961, 22.722724], [90.520993, 22.711765], [90.534612, 22.728775], [90.529677, 22.744363], [90.531559, 22.769237], [90.54656, 22.783677], [90.561778, 22.788804], [90.590956, 22.813919], [90.628052, 22.812082], [90.662364, 22.805487], [90.678233, 22.808336], [90.66363, 22.828918], [90.645254, 22.849289]]}}, {"type": "Feature", "properties": {"source": "Natural Earth 10m Physical Coastline (Indian Subcontinent & EEZ)"}, "geometry": {"type": "LineString", "coordinates": [[90.667328, 22.95303], [90.667328, 22.959174], [90.645356, 22.97484], [90.60727, 23.018134], [90.586192, 23.034898], [90.56129, 23.03262], [90.528005, 23.007636], [90.508067, 22.975775], [90.524099, 22.95303], [90.534516, 22.951239], [90.561697, 22.951565], [90.57252, 22.95303], [90.581228, 22.956529], [90.584727, 22.960395], [90.588715, 22.962063], [90.599132, 22.959174], [90.607677, 22.952582], [90.61964, 22.932522], [90.627126, 22.925035], [90.636241, 22.921332], [90.667328, 22.918199], [90.662364, 22.927802], [90.654633, 22.937323], [90.644705, 22.94599], [90.633311, 22.95303], [90.641612, 22.952297], [90.667328, 22.95303]]}}, {"type": "Feature", "properties": {"source": "Natural Earth 10m Physical Coastline (Indian Subcontinent & EEZ)"}, "geometry": {"type": "LineString", "coordinates": [[90.510427, 23.069037], [90.502452, 23.064887], [90.494395, 23.062934], [90.45574, 23.062812], [90.460948, 23.048489], [90.469493, 23.007636], [90.477794, 23.012397], [90.500173, 23.038031], [90.515636, 23.051947], [90.5171, 23.059312], [90.510427, 23.069037]]}}, {"type": "Feature", "properties": {"source": "Natural Earth 10m Physical Coastline (Indian Subcontinent & EEZ)"}, "geometry": {"type": "LineString", "coordinates": [[90.524099, 23.322252], [90.529552, 23.333564], [90.549571, 23.326239], [90.586192, 23.301744], [90.577647, 23.323635], [90.539399, 23.350002], [90.491873, 23.373033], [90.45574, 23.384955], [90.429698, 23.385159], [90.426606, 23.375963], [90.437266, 23.361802], [90.468761, 23.33161], [90.487071, 23.319037], [90.506114, 23.314195], [90.524099, 23.322252]]}}, {"type": "Feature", "properties": {"source": "Natural Earth 10m Physical Coastline (Indian Subcontinent & EEZ)"}, "geometry": {"type": "LineString", "coordinates": [[72.912852, 5.034084], [72.910167, 5.032701], [72.90919, 5.030585], [72.909434, 5.030788], [72.912852, 5.034084]]}}, {"type": "Feature", "properties": {"source": "Natural Earth 10m Physical Coastline (Indian Subcontinent & EEZ)"}, "geometry": {"type": "LineString", "coordinates": [[72.927745, 5.036526], [72.927664, 5.036282], [72.927175, 5.034247], [72.927094, 5.033922], [72.92571, 5.033474], [72.924408, 5.033067], [72.924327, 5.033026], [72.927745, 5.036526]]}}, {"type": "Feature", "properties": {"source": "Natural Earth 10m Physical Coastline (Indian Subcontinent & EEZ)"}, "geometry": {"type": "LineString", "coordinates": [[73.04477, 5.121812], [73.04477, 5.121649], [73.043468, 5.118842], [73.04127, 5.118394], [73.04477, 5.121812]]}}, {"type": "Feature", "properties": {"source": "Natural Earth 10m Physical Coastline (Indian Subcontinent & EEZ)"}, "geometry": {"type": "LineString", "coordinates": [[73.049083, 5.133287], [73.049164, 5.133165], [73.049978, 5.130357], [73.051443, 5.128079], [73.051443, 5.126654], [73.047618, 5.12637], [73.045258, 5.128892], [73.046072, 5.130276], [73.047862, 5.131293], [73.049083, 5.133287]]}}, {"type": "Feature", "properties": {"source": "Natural Earth 10m Physical Coastline (Indian Subcontinent & EEZ)"}, "geometry": {"type": "LineString", "coordinates": [[73.091319, 5.161363], [73.090994, 5.158515], [73.087901, 5.157986], [73.087738, 5.157945], [73.091319, 5.161363]]}}, {"type": "Feature", "properties": {"source": "Natural Earth 10m Physical Coastline (Indian Subcontinent & EEZ)"}, "geometry": {"type": "LineString", "coordinates": [[73.103852, 5.173041], [73.107107, 5.170966], [73.107107, 5.170966], [73.110199, 5.170356], [73.110525, 5.170315], [73.106944, 5.17178], [73.104177, 5.172919], [73.103852, 5.173041]]}}, {"type": "Feature", "properties": {"source": "Natural Earth 10m Physical Coastline (Indian Subcontinent & EEZ)"}, "geometry": {"type": "LineString", "coordinates": [[72.860118, 5.237942], [72.860037, 5.23782], [72.859223, 5.2355], [72.856863, 5.234565], [72.856619, 5.234442], [72.860118, 5.237942]]}}, {"type": "Feature", "properties": {"source": "Natural Earth 10m Physical Coastline (Indian Subcontinent & EEZ)"}, "geometry": {"type": "LineString", "coordinates": [[73.131847, 5.244574], [73.131847, 5.242499], [73.131847, 5.242499], [73.128429, 5.241156], [73.131847, 5.244574]]}}, {"type": "Feature", "properties": {"source": "Natural Earth 10m Physical Coastline (Indian Subcontinent & EEZ)"}, "geometry": {"type": "LineString", "coordinates": [[73.499766, 5.246894], [73.499685, 5.246812], [73.497325, 5.245063], [73.497244, 5.245022], [73.493826, 5.245998], [73.499766, 5.246894]]}}, {"type": "Feature", "properties": {"source": "Natural Earth 10m Physical Coastline (Indian Subcontinent & EEZ)"}, "geometry": {"type": "LineString", "coordinates": [[73.593598, 5.282701], [73.582856, 5.27558], [73.577647, 5.274563], [73.57016, 5.276679], [73.569998, 5.27676], [73.575938, 5.279934], [73.582042, 5.281806], [73.587901, 5.28262], [73.593598, 5.282701]]}}, {"type": "Feature", "properties": {"source": "Natural Earth 10m Physical Coastline (Indian Subcontinent & EEZ)"}, "geometry": {"type": "LineString", "coordinates": [[73.112804, 5.29857], [73.109223, 5.296698], [73.109223, 5.295152], [73.112641, 5.298448], [73.112804, 5.29857]]}}, {"type": "Feature", "properties": {"source": "Natural Earth 10m Physical Coastline (Indian Subcontinent & EEZ)"}, "geometry": {"type": "LineString", "coordinates": [[73.470225, 5.307766], [73.468435, 5.308092], [73.467133, 5.308336], [73.467052, 5.308336], [73.464203, 5.30683], [73.464366, 5.306871], [73.470144, 5.307725], [73.470225, 5.307766]]}}, {"type": "Feature", "properties": {"source": "Natural Earth 10m Physical Coastline (Indian Subcontinent & EEZ)"}, "geometry": {"type": "LineString", "coordinates": [[73.629568, 5.332831], [73.629405, 5.33275], [73.627208, 5.331122], [73.623302, 5.331855], [73.629568, 5.332831]]}}, {"type": "Feature", "properties": {"source": "Natural Earth 10m Physical Coastline (Indian Subcontinent & EEZ)"}, "geometry": {"type": "LineString", "coordinates": [[73.646658, 5.343248], [73.643403, 5.34394], [73.639903, 5.34219], [73.640066, 5.34219], [73.646495, 5.343248], [73.646658, 5.343248]]}}, {"type": "Feature", "properties": {"source": "Natural Earth 10m Physical Coastline (Indian Subcontinent & EEZ)"}, "geometry": {"type": "LineString", "coordinates": [[72.953136, 5.352769], [72.952403, 5.350084], [72.949555, 5.349311], [72.953136, 5.352769]]}}, {"type": "Feature", "properties": {"source": "Natural Earth 10m Physical Coastline (Indian Subcontinent & EEZ)"}, "geometry": {"type": "LineString", "coordinates": [[73.397472, 5.362209], [73.397553, 5.362006], [73.398692, 5.359605], [73.400645, 5.357652], [73.401215, 5.356147], [73.399425, 5.355455], [73.396169, 5.357123], [73.396007, 5.358466], [73.397146, 5.360175], [73.397472, 5.362209]]}}, {"type": "Feature", "properties": {"source": "Natural Earth 10m Physical Coastline (Indian Subcontinent & EEZ)"}, "geometry": {"type": "LineString", "coordinates": [[73.323253, 5.368232], [73.32488, 5.366767], [73.324962, 5.366767], [73.327891, 5.367011], [73.327973, 5.367011], [73.328217, 5.367011], [73.330089, 5.366889], [73.330089, 5.366848], [73.328868, 5.364244], [73.319347, 5.362942], [73.319184, 5.362942], [73.317719, 5.36579], [73.319184, 5.366645], [73.322032, 5.366889], [73.323253, 5.368232]]}}, {"type": "Feature", "properties": {"source": "Natural Earth 10m Physical Coastline (Indian Subcontinent & EEZ)"}, "geometry": {"type": "LineString", "coordinates": [[73.350759, 5.42768], [73.347504, 5.428778], [73.344574, 5.426744], [73.3449, 5.426825], [73.350759, 5.42768]]}}, {"type": "Feature", "properties": {"source": "Natural Earth 10m Physical Coastline (Indian Subcontinent & EEZ)"}, "geometry": {"type": "LineString", "coordinates": [[73.537446, 5.451402], [73.537446, 5.451402], [73.534923, 5.449856], [73.534923, 5.449856], [73.531261, 5.450426], [73.537446, 5.451402]]}}, {"type": "Feature", "properties": {"source": "Natural Earth 10m Physical Coastline (Indian Subcontinent & EEZ)"}, "geometry": {"type": "LineString", "coordinates": [[73.362966, 5.46308], [73.362966, 5.462795], [73.363129, 5.459377], [73.360932, 5.457953], [73.360688, 5.457831], [73.362966, 5.46308]]}}, {"type": "Feature", "properties": {"source": "Natural Earth 10m Physical Coastline (Indian Subcontinent & EEZ)"}, "geometry": {"type": "LineString", "coordinates": [[72.943126, 5.467597], [72.943044, 5.467475], [72.94158, 5.465562], [72.941091, 5.463568], [72.940278, 5.462144], [72.938243, 5.461493], [72.937022, 5.465522], [72.937022, 5.465562], [72.938162, 5.466702], [72.940603, 5.466783], [72.943126, 5.467597]]}}, {"type": "Feature", "properties": {"source": "Natural Earth 10m Physical Coastline (Indian Subcontinent & EEZ)"}, "geometry": {"type": "LineString", "coordinates": [[73.01588, 5.492865], [73.014334, 5.490912], [73.013845, 5.488918], [73.013031, 5.487454], [73.011078, 5.486843], [73.010997, 5.486802], [73.009939, 5.49022], [73.009776, 5.490871], [73.009776, 5.490912], [73.010916, 5.492133], [73.013194, 5.492133], [73.01588, 5.492865]]}}, {"type": "Feature", "properties": {"source": "Natural Earth 10m Physical Coastline (Indian Subcontinent & EEZ)"}, "geometry": {"type": "LineString", "coordinates": [[73.462413, 5.543606], [73.459321, 5.541734], [73.456472, 5.542629], [73.456309, 5.54267], [73.462413, 5.543606]]}}, {"type": "Feature", "properties": {"source": "Natural Earth 10m Physical Coastline (Indian Subcontinent & EEZ)"}, "geometry": {"type": "LineString", "coordinates": [[73.005626, 5.713324], [73.003754, 5.711127], [73.003184, 5.708726], [73.002289, 5.707099], [72.999766, 5.706977], [72.99879, 5.711941], [72.99879, 5.711982], [73.000173, 5.713202], [73.000255, 5.713202], [73.000824, 5.713121], [73.002778, 5.712836], [73.005626, 5.713324]]}}, {"type": "Feature", "properties": {"source": "Natural Earth 10m Physical Coastline (Indian Subcontinent & EEZ)"}, "geometry": {"type": "LineString", "coordinates": [[72.949392, 6.349799], [72.949392, 6.349677], [72.950938, 6.347724], [72.951182, 6.347602], [72.952973, 6.346625], [72.95338, 6.346259], [72.953949, 6.345608], [72.953136, 6.343492], [72.948497, 6.344428], [72.947765, 6.345933], [72.948985, 6.348049], [72.949392, 6.349799]]}}, {"type": "Feature", "properties": {"source": "Natural Earth 10m Physical Coastline (Indian Subcontinent & EEZ)"}, "geometry": {"type": "LineString", "coordinates": [[72.892589, 6.452094], [72.894216, 6.449937], [72.896169, 6.448879], [72.896902, 6.448188], [72.897227, 6.447903], [72.897227, 6.447821], [72.896332, 6.445787], [72.891775, 6.446723], [72.891612, 6.447008], [72.89088, 6.448228], [72.8921, 6.450263], [72.892589, 6.452094]]}}, {"type": "Feature", "properties": {"source": "Natural Earth 10m Physical Coastline (Indian Subcontinent & EEZ)"}, "geometry": {"type": "LineString", "coordinates": [[72.172699, 10.809231], [72.188162, 10.836127], [72.200043, 10.864447], [72.200043, 10.878079], [72.200043, 10.878119], [72.195649, 10.872707], [72.189301, 10.864936], [72.185151, 10.858303], [72.179047, 10.8487], [72.172618, 10.829983], [72.172699, 10.809231]]}}, {"type": "Feature", "properties": {"source": "Natural Earth 10m Physical Coastline (Indian Subcontinent & EEZ)"}, "geometry": {"type": "LineString", "coordinates": [[72.789073, 11.261664], [72.774181, 11.222886], [72.770356, 11.203681], [72.770356, 11.20364], [72.771169, 11.201117], [72.775401, 11.186591], [72.775483, 11.186754], [72.784923, 11.216376], [72.787934, 11.232245], [72.789073, 11.248033], [72.791515, 11.251654], [72.793956, 11.254299], [72.795584, 11.257229], [72.795909, 11.261664], [72.789236, 11.261664], [72.789073, 11.261664]]}}, {"type": "Feature", "properties": {"source": "Natural Earth 10m Physical Coastline (Indian Subcontinent & EEZ)"}, "geometry": {"type": "LineString", "coordinates": [[67.375499, 24.06273], [67.381521, 24.04621], [67.385427, 24.040188], [67.393403, 24.028062], [67.409434, 24.013495], [67.426931, 24.007514], [67.453949, 24.013414], [67.460785, 24.026679], [67.46518, 24.040595], [67.485281, 24.048489], [67.485362, 24.048529], [67.477794, 24.051215], [67.458018, 24.06273], [67.413259, 24.048774], [67.390391, 24.049262], [67.375499, 24.06273]]}}, {"type": "Feature", "properties": {"source": "Natural Earth 10m Physical Coastline (Indian Subcontinent & EEZ)"}, "geometry": {"type": "LineString", "coordinates": [[73.629568, 5.418524], [73.634532, 5.410956], [73.636729, 5.402899], [73.636729, 5.402859], [73.635916, 5.394477], [73.632498, 5.386257], [73.632498, 5.386054], [73.627778, 5.413275], [73.629568, 5.418524]]}}, {"type": "Feature", "properties": {"source": "Natural Earth 10m Physical Coastline (Indian Subcontinent & EEZ)"}, "geometry": {"type": "LineString", "coordinates": [[73.005626, 5.463202], [73.005544, 5.463121], [73.004161, 5.461412], [73.002615, 5.457587], [73.000987, 5.456244], [72.999034, 5.461005], [72.999034, 5.461086], [73.000011, 5.46247], [73.002778, 5.46247], [73.005626, 5.463202]]}}, {"type": "Feature", "properties": {"source": "Natural Earth 10m Physical Coastline (Indian Subcontinent & EEZ)"}, "geometry": {"type": "LineString", "coordinates": [[72.883962, 5.494086], [72.882498, 5.492011], [72.881847, 5.490058], [72.881114, 5.488471], [72.879161, 5.48786], [72.877696, 5.492092], [72.877696, 5.492133], [72.878754, 5.49315], [72.881196, 5.493232], [72.883962, 5.494086]]}}, {"type": "Feature", "properties": {"source": "Natural Earth 10m Physical Coastline (Indian Subcontinent & EEZ)"}, "geometry": {"type": "LineString", "coordinates": [[73.019054, 5.617825], [73.018972, 5.617662], [73.017345, 5.615709], [73.016856, 5.613756], [73.016124, 5.61225], [73.014171, 5.611599], [73.014008, 5.611558], [73.012869, 5.615709], [73.013927, 5.616889], [73.016449, 5.616889], [73.019054, 5.617825]]}}, {"type": "Feature", "properties": {"source": "Natural Earth 10m Physical Coastline (Indian Subcontinent & EEZ)"}, "geometry": {"type": "LineString", "coordinates": [[73.014659, 5.676988], [73.014659, 5.676947], [73.013194, 5.675035], [73.012462, 5.673], [73.011892, 5.671536], [73.009776, 5.670844], [73.008556, 5.674994], [73.008556, 5.675035], [73.009776, 5.676093], [73.012055, 5.676256], [73.014659, 5.676988]]}}, {"type": "Feature", "properties": {"source": "Natural Earth 10m Physical Coastline (Indian Subcontinent & EEZ)"}, "geometry": {"type": "LineString", "coordinates": [[73.392833, 5.737698], [73.392426, 5.736802], [73.380707, 5.714586], [73.380626, 5.714748], [73.379893, 5.715033], [73.379812, 5.715074], [73.379568, 5.715155], [73.379568, 5.715155], [73.382579, 5.722113], [73.392833, 5.737698]]}}, {"type": "Feature", "properties": {"source": "Natural Earth 10m Physical Coastline (Indian Subcontinent & EEZ)"}, "geometry": {"type": "LineString", "coordinates": [[72.986827, 5.770738], [72.98585, 5.76557], [72.982839, 5.762559], [72.982758, 5.762519], [72.986827, 5.770738]]}}, {"type": "Feature", "properties": {"source": "Natural Earth 10m Physical Coastline (Indian Subcontinent & EEZ)"}, "geometry": {"type": "LineString", "coordinates": [[73.382335, 5.794989], [73.382335, 5.794745], [73.38266, 5.791693], [73.384288, 5.789252], [73.384532, 5.787014], [73.384532, 5.786933], [73.384532, 5.786933], [73.380707, 5.784125], [73.376801, 5.78734], [73.377696, 5.789537], [73.380219, 5.791693], [73.382335, 5.794989]]}}, {"type": "Feature", "properties": {"source": "Natural Earth 10m Physical Coastline (Indian Subcontinent & EEZ)"}, "geometry": {"type": "LineString", "coordinates": [[72.976573, 5.813625], [72.976573, 5.813544], [72.975108, 5.804551], [72.975108, 5.804429], [72.972423, 5.807034], [72.970958, 5.808417], [72.970958, 5.808417], [72.971039, 5.810452], [72.973806, 5.811713], [72.976573, 5.813625]]}}, {"type": "Feature", "properties": {"source": "Natural Earth 10m Physical Coastline (Indian Subcontinent & EEZ)"}, "geometry": {"type": "LineString", "coordinates": [[73.44988, 5.840766], [73.449799, 5.840725], [73.433767, 5.830878], [73.433442, 5.830715], [73.438975, 5.838284], [73.443126, 5.841254], [73.446544, 5.841498], [73.44988, 5.840766]]}}, {"type": "Feature", "properties": {"source": "Natural Earth 10m Physical Coastline (Indian Subcontinent & EEZ)"}, "geometry": {"type": "LineString", "coordinates": [[72.963634, 5.864325], [72.963715, 5.86404], [72.966482, 5.850287], [72.966482, 5.850246], [72.962657, 5.853461], [72.961925, 5.856676], [72.961925, 5.856676], [72.963634, 5.864325]]}}, {"type": "Feature", "properties": {"source": "Natural Earth 10m Physical Coastline (Indian Subcontinent & EEZ)"}, "geometry": {"type": "LineString", "coordinates": [[73.429047, 5.911363], [73.429047, 5.9112], [73.428477, 5.908596], [73.428477, 5.908515], [73.428477, 5.906195], [73.428477, 5.904446], [73.42628, 5.903266], [73.423188, 5.906887], [73.424083, 5.908433], [73.426606, 5.909491], [73.429047, 5.911363]]}}, {"type": "Feature", "properties": {"source": "Natural Earth 10m Physical Coastline (Indian Subcontinent & EEZ)"}, "geometry": {"type": "LineString", "coordinates": [[72.931651, 5.969062], [72.930186, 5.956936], [72.925792, 5.963243], [72.925792, 5.963284], [72.926443, 5.966295], [72.931651, 5.969062]]}}, {"type": "Feature", "properties": {"source": "Natural Earth 10m Physical Coastline (Indian Subcontinent & EEZ)"}, "geometry": {"type": "LineString", "coordinates": [[73.389822, 5.970282], [73.395333, 5.957802], [73.386729, 5.961982], [73.384532, 5.964748], [73.389822, 5.970282]]}}, {"type": "Feature", "properties": {"source": "Natural Earth 10m Physical Coastline (Indian Subcontinent & EEZ)"}, "geometry": {"type": "LineString", "coordinates": [[72.915701, 5.98135], [72.915619, 5.981269], [72.913829, 5.979641], [72.913422, 5.977362], [72.912852, 5.976304], [72.911388, 5.977078], [72.909841, 5.977932], [72.909679, 5.982123], [72.910899, 5.982733], [72.913097, 5.981635], [72.915701, 5.98135]]}}, {"type": "Feature", "properties": {"source": "Natural Earth 10m Physical Coastline (Indian Subcontinent & EEZ)"}, "geometry": {"type": "LineString", "coordinates": [[73.250743, 6.083401], [73.250662, 6.083279], [73.249034, 6.079535], [73.245453, 6.079779], [73.250743, 6.083401]]}}, {"type": "Feature", "properties": {"source": "Natural Earth 10m Physical Coastline (Indian Subcontinent & EEZ)"}, "geometry": {"type": "LineString", "coordinates": [[73.252126, 6.111233], [73.248871, 6.110175], [73.246837, 6.107733], [73.247244, 6.107978], [73.251964, 6.111151], [73.252126, 6.111233]]}}, {"type": "Feature", "properties": {"source": "Natural Earth 10m Physical Coastline (Indian Subcontinent & EEZ)"}, "geometry": {"type": "LineString", "coordinates": [[73.22047, 6.132066], [73.220388, 6.131985], [73.219005, 6.129299], [73.21518, 6.128567], [73.22047, 6.132066]]}}, {"type": "Feature", "properties": {"source": "Natural Earth 10m Physical Coastline (Indian Subcontinent & EEZ)"}, "geometry": {"type": "LineString", "coordinates": [[73.270274, 6.156928], [73.270193, 6.156806], [73.268809, 6.154486], [73.268077, 6.152411], [73.267263, 6.150946], [73.26531, 6.150662], [73.265147, 6.150621], [73.265391, 6.153551], [73.266612, 6.154853], [73.26824, 6.155585], [73.270274, 6.156928]]}}, {"type": "Feature", "properties": {"source": "Natural Earth 10m Physical Coastline (Indian Subcontinent & EEZ)"}, "geometry": {"type": "LineString", "coordinates": [[73.219086, 6.172349], [73.215831, 6.17121], [73.214041, 6.168769], [73.218923, 6.172268], [73.219086, 6.172349]]}}, {"type": "Feature", "properties": {"source": "Natural Earth 10m Physical Coastline (Indian Subcontinent & EEZ)"}, "geometry": {"type": "LineString", "coordinates": [[73.270844, 6.189439], [73.270844, 6.189358], [73.268077, 6.178697], [73.265391, 6.182766], [73.265961, 6.185004], [73.268403, 6.186835], [73.270844, 6.189439]]}}, {"type": "Feature", "properties": {"source": "Natural Earth 10m Physical Coastline (Indian Subcontinent & EEZ)"}, "geometry": {"type": "LineString", "coordinates": [[73.03419, 6.222357], [73.030447, 6.221015], [73.028982, 6.218817], [73.029145, 6.21898], [73.034028, 6.222235], [73.03419, 6.222357]]}}, {"type": "Feature", "properties": {"source": "Natural Earth 10m Physical Coastline (Indian Subcontinent & EEZ)"}, "geometry": {"type": "LineString", "coordinates": [[73.24171, 6.239691], [73.242198, 6.236477], [73.243663, 6.234036], [73.243907, 6.231635], [73.240245, 6.228949], [73.236339, 6.232123], [73.236339, 6.232123], [73.237071, 6.23428], [73.239757, 6.236477], [73.24171, 6.239691]]}}, {"type": "Feature", "properties": {"source": "Natural Earth 10m Physical Coastline (Indian Subcontinent & EEZ)"}, "geometry": {"type": "LineString", "coordinates": [[73.128429, 6.286851], [73.12615, 6.284003], [73.123057, 6.283352], [73.122895, 6.283352], [73.128429, 6.286851]]}}, {"type": "Feature", "properties": {"source": "Natural Earth 10m Physical Coastline (Indian Subcontinent & EEZ)"}, "geometry": {"type": "LineString", "coordinates": [[73.21518, 6.294827], [73.209321, 6.286851], [73.208751, 6.286444], [73.209158, 6.286689], [73.213064, 6.289211], [73.21518, 6.294664], [73.21518, 6.294827]]}}, {"type": "Feature", "properties": {"source": "Natural Earth 10m Physical Coastline (Indian Subcontinent & EEZ)"}, "geometry": {"type": "LineString", "coordinates": [[73.083344, 6.30858], [73.083263, 6.308458], [73.081391, 6.305609], [73.078461, 6.305121], [73.078136, 6.30508], [73.083344, 6.30858]]}}, {"type": "Feature", "properties": {"source": "Natural Earth 10m Physical Coastline (Indian Subcontinent & EEZ)"}, "geometry": {"type": "LineString", "coordinates": [[73.197032, 6.32746], [73.197113, 6.327297], [73.198253, 6.324693], [73.199311, 6.324205], [73.200369, 6.323717], [73.201915, 6.32217], [73.20102, 6.318264], [73.195079, 6.319648], [73.194998, 6.319932], [73.194184, 6.321601], [73.195974, 6.324286], [73.197032, 6.32746]]}}, {"type": "Feature", "properties": {"source": "Natural Earth 10m Physical Coastline (Indian Subcontinent & EEZ)"}, "geometry": {"type": "LineString", "coordinates": [[73.124522, 6.332506], [73.120942, 6.331041], [73.119314, 6.328925], [73.11964, 6.329169], [73.124197, 6.332261], [73.124522, 6.332506]]}}, {"type": "Feature", "properties": {"source": "Natural Earth 10m Physical Coastline (Indian Subcontinent & EEZ)"}, "geometry": {"type": "LineString", "coordinates": [[73.187266, 6.350775], [73.184906, 6.349066], [73.183604, 6.347317], [73.18214, 6.34634], [73.180186, 6.347113], [73.180186, 6.347113], [73.181, 6.34984], [73.182628, 6.350491], [73.184825, 6.350328], [73.187266, 6.350775]]}}, {"type": "Feature", "properties": {"source": "Natural Earth 10m Physical Coastline (Indian Subcontinent & EEZ)"}, "geometry": {"type": "LineString", "coordinates": [[73.020518, 6.368964], [73.021821, 6.366767], [73.023936, 6.365871], [73.024913, 6.364814], [73.024181, 6.362698], [73.019298, 6.363593], [73.018728, 6.36522], [73.019867, 6.367174], [73.020518, 6.368964]]}}, {"type": "Feature", "properties": {"source": "Natural Earth 10m Physical Coastline (Indian Subcontinent & EEZ)"}, "geometry": {"type": "LineString", "coordinates": [[72.690929, 6.411607], [72.690847, 6.411566], [72.688813, 6.409735], [72.687185, 6.407416], [72.685883, 6.40648], [72.684825, 6.408393], [72.685883, 6.411607], [72.687511, 6.412258], [72.689138, 6.411607], [72.690929, 6.411607]]}}, {"type": "Feature", "properties": {"source": "Natural Earth 10m Physical Coastline (Indian Subcontinent & EEZ)"}, "geometry": {"type": "LineString", "coordinates": [[72.902843, 6.440172], [72.90447, 6.437974], [72.906423, 6.436916], [72.906912, 6.436428], [72.907481, 6.43594], [72.907481, 6.435858], [72.906586, 6.433824], [72.902029, 6.43476], [72.901866, 6.435045], [72.901134, 6.436347], [72.902192, 6.4383], [72.902843, 6.440172]]}}, {"type": "Feature", "properties": {"source": "Natural Earth 10m Physical Coastline (Indian Subcontinent & EEZ)"}, "geometry": {"type": "LineString", "coordinates": [[73.048813, 6.441342], [73.043142, 6.433702], [73.043305, 6.433865], [73.046235, 6.436265], [73.048813, 6.441342]]}}, {"type": "Feature", "properties": {"source": "Natural Earth 10m Physical Coastline (Indian Subcontinent & EEZ)"}, "geometry": {"type": "LineString", "coordinates": [[72.962087, 6.559027], [72.959972, 6.557522], [72.958995, 6.555487], [72.958018, 6.554348], [72.955821, 6.555325], [72.956798, 6.560004], [72.958344, 6.560696], [72.958425, 6.560655], [72.960216, 6.559516], [72.962087, 6.559027]]}}, {"type": "Feature", "properties": {"source": "Natural Earth 10m Physical Coastline (Indian Subcontinent & EEZ)"}, "geometry": {"type": "LineString", "coordinates": [[72.924001, 6.565253], [72.925548, 6.563056], [72.927501, 6.562079], [72.928722, 6.561103], [72.927745, 6.558946], [72.927745, 6.558905], [72.923106, 6.559882], [72.922537, 6.56151], [72.923513, 6.563381], [72.924001, 6.565253]]}}, {"type": "Feature", "properties": {"source": "Natural Earth 10m Physical Coastline (Indian Subcontinent & EEZ)"}, "geometry": {"type": "LineString", "coordinates": [[73.029959, 6.582343], [73.029877, 6.58218], [73.02947, 6.579657], [73.030121, 6.577541], [73.030365, 6.576117], [73.030447, 6.576077], [73.030447, 6.576077], [73.028168, 6.575181], [73.027354, 6.576483], [73.025564, 6.57925], [73.026134, 6.580797], [73.028331, 6.581366], [73.029959, 6.582343]]}}, {"type": "Feature", "properties": {"source": "Natural Earth 10m Physical Coastline (Indian Subcontinent & EEZ)"}, "geometry": {"type": "LineString", "coordinates": [[73.04477, 6.621894], [73.042654, 6.620347], [73.041515, 6.618354], [73.040701, 6.617174], [73.038422, 6.61815], [73.039399, 6.62287], [73.041026, 6.623603], [73.041108, 6.623562], [73.042979, 6.622504], [73.04477, 6.621894]]}}, {"type": "Feature", "properties": {"source": "Natural Earth 10m Physical Coastline (Indian Subcontinent & EEZ)"}, "geometry": {"type": "LineString", "coordinates": [[73.069509, 6.667955], [73.061778, 6.660956], [73.062266, 6.666897], [73.064138, 6.668402], [73.066661, 6.668118], [73.069509, 6.667955]]}}, {"type": "Feature", "properties": {"source": "Natural Earth 10m Physical Coastline (Indian Subcontinent & EEZ)"}, "geometry": {"type": "LineString", "coordinates": [[73.105968, 6.709947], [73.105968, 6.709906], [73.103526, 6.705878], [73.102306, 6.702338], [73.100434, 6.699774], [73.095958, 6.698472], [73.095876, 6.698432], [73.09669, 6.706122], [73.099294, 6.70893], [73.105968, 6.709947]]}}, {"type": "Feature", "properties": {"source": "Natural Earth 10m Physical Coastline (Indian Subcontinent & EEZ)"}, "geometry": {"type": "LineString", "coordinates": [[73.036632, 6.759711], [73.036632, 6.75963], [73.036143, 6.757148], [73.036143, 6.757107], [73.036225, 6.756781], [73.036794, 6.755072], [73.036876, 6.753485], [73.034679, 6.75259], [73.033865, 6.753852], [73.031993, 6.756578], [73.032888, 6.758246], [73.034841, 6.758734], [73.036632, 6.759711]]}}, {"type": "Feature", "properties": {"source": "Natural Earth 10m Physical Coastline (Indian Subcontinent & EEZ)"}, "geometry": {"type": "LineString", "coordinates": [[72.918468, 6.763983], [72.918468, 6.763983], [72.916515, 6.762437], [72.915375, 6.760443], [72.914317, 6.759223], [72.912364, 6.760077], [72.912283, 6.760159], [72.913259, 6.764879], [72.914887, 6.76557], [72.916759, 6.764472], [72.918468, 6.763983]]}}, {"type": "Feature", "properties": {"source": "Natural Earth 10m Physical Coastline (Indian Subcontinent & EEZ)"}, "geometry": {"type": "LineString", "coordinates": [[73.159516, 6.786526], [73.152517, 6.768215], [73.135997, 6.741197], [73.131684, 6.725043], [73.131847, 6.725165], [73.144786, 6.735541], [73.152843, 6.749213], [73.166515, 6.780341], [73.165538, 6.783149], [73.165538, 6.785631], [73.165538, 6.785712], [73.164236, 6.787055], [73.159516, 6.786526]]}}, {"type": "Feature", "properties": {"source": "Natural Earth 10m Physical Coastline (Indian Subcontinent & EEZ)"}, "geometry": {"type": "LineString", "coordinates": [[73.181651, 6.830512], [73.197276, 6.828111], [73.197276, 6.828111], [73.189464, 6.822821], [73.183767, 6.821153], [73.183767, 6.821112], [73.180837, 6.823432], [73.181651, 6.830512]]}}, {"type": "Feature", "properties": {"source": "Natural Earth 10m Physical Coastline (Indian Subcontinent & EEZ)"}, "geometry": {"type": "LineString", "coordinates": [[72.995779, 6.841498], [72.995697, 6.841457], [72.993663, 6.839911], [72.992442, 6.837877], [72.991547, 6.836737], [72.989513, 6.837592], [72.989431, 6.837633], [72.990245, 6.842434], [72.992035, 6.843004], [72.993907, 6.841986], [72.995779, 6.841498]]}}, {"type": "Feature", "properties": {"source": "Natural Earth 10m Physical Coastline (Indian Subcontinent & EEZ)"}, "geometry": {"type": "LineString", "coordinates": [[73.144379, 6.843411], [73.142263, 6.841864], [73.141287, 6.839911], [73.14031, 6.83869], [73.138031, 6.839667], [73.139008, 6.844428], [73.140636, 6.845038], [73.140636, 6.844997], [73.142589, 6.84394], [73.144379, 6.843411]]}}, {"type": "Feature", "properties": {"source": "Natural Earth 10m Physical Coastline (Indian Subcontinent & EEZ)"}, "geometry": {"type": "LineString", "coordinates": [[72.976085, 6.852851], [72.975597, 6.850287], [72.976248, 6.848131], [72.976248, 6.848049], [72.976329, 6.846666], [72.974213, 6.845852], [72.974132, 6.845852], [72.971528, 6.849758], [72.972341, 6.851386], [72.974376, 6.851996], [72.976085, 6.852851]]}}, {"type": "Feature", "properties": {"source": "Natural Earth 10m Physical Coastline (Indian Subcontinent & EEZ)"}, "geometry": {"type": "LineString", "coordinates": [[73.098155, 6.8522], [73.098074, 6.852118], [73.096039, 6.850572], [73.095063, 6.8487], [73.094005, 6.847561], [73.092784, 6.847968], [73.091807, 6.848334], [73.092947, 6.853095], [73.094493, 6.853827], [73.096365, 6.852769], [73.096446, 6.852729], [73.096446, 6.852729], [73.098155, 6.8522]]}}, {"type": "Feature", "properties": {"source": "Natural Earth 10m Physical Coastline (Indian Subcontinent & EEZ)"}, "geometry": {"type": "LineString", "coordinates": [[72.964692, 6.860663], [72.962657, 6.859198], [72.961436, 6.857327], [72.960623, 6.856065], [72.960623, 6.856024], [72.958751, 6.856838], [72.958507, 6.85696], [72.958344, 6.857001], [72.959239, 6.86164], [72.961111, 6.862454], [72.962901, 6.861314], [72.964692, 6.860663]]}}, {"type": "Feature", "properties": {"source": "Natural Earth 10m Physical Coastline (Indian Subcontinent & EEZ)"}, "geometry": {"type": "LineString", "coordinates": [[73.106212, 6.896715], [73.106212, 6.896674], [73.105724, 6.894029], [73.106293, 6.891913], [73.106537, 6.89053], [73.106619, 6.890448], [73.106619, 6.890448], [73.10434, 6.889553], [73.101736, 6.893541], [73.102306, 6.895209], [73.104503, 6.895738], [73.106212, 6.896715]]}}, {"type": "Feature", "properties": {"source": "Natural Earth 10m Physical Coastline (Indian Subcontinent & EEZ)"}, "geometry": {"type": "LineString", "coordinates": [[73.214041, 6.918606], [73.214041, 6.918524], [73.213064, 6.904608], [73.208751, 6.891099], [73.203949, 6.884955], [73.20102, 6.893134], [73.201915, 6.902248], [73.204926, 6.91177], [73.209158, 6.91828], [73.214041, 6.918606]]}}, {"type": "Feature", "properties": {"source": "Natural Earth 10m Physical Coastline (Indian Subcontinent & EEZ)"}, "geometry": {"type": "LineString", "coordinates": [[72.925955, 6.957424], [72.925955, 6.957017], [72.92628, 6.953803], [72.924585, 6.951704], [72.925955, 6.957424]]}}, {"type": "Feature", "properties": {"source": "Natural Earth 10m Physical Coastline (Indian Subcontinent & EEZ)"}, "geometry": {"type": "LineString", "coordinates": [[73.198497, 6.97134], [73.194672, 6.951239], [73.193858, 6.950995], [73.19337, 6.950995], [73.193207, 6.950995], [73.193044, 6.951077], [73.192556, 6.951239], [73.191905, 6.951646], [73.191173, 6.96133], [73.191905, 6.967597], [73.194102, 6.970893], [73.198497, 6.97134]]}}, {"type": "Feature", "properties": {"source": "Natural Earth 10m Physical Coastline (Indian Subcontinent & EEZ)"}, "geometry": {"type": "LineString", "coordinates": [[72.891938, 6.991034], [72.891938, 6.987698], [72.890554, 6.98546], [72.890473, 6.985419], [72.891938, 6.991034]]}}, {"type": "Feature", "properties": {"source": "Natural Earth 10m Physical Coastline (Indian Subcontinent & EEZ)"}, "geometry": {"type": "LineString", "coordinates": [[72.979747, 7.027737], [72.979747, 7.027533], [72.981456, 7.013983], [72.977306, 7.019029], [72.977224, 7.02261], [72.977224, 7.02265], [72.977224, 7.022691], [72.979747, 7.027737]]}}, {"type": "Feature", "properties": {"source": "Natural Earth 10m Physical Coastline (Indian Subcontinent & EEZ)"}, "geometry": {"type": "LineString", "coordinates": [[72.949962, 7.056545], [72.947765, 7.0539], [72.948497, 7.050849], [72.949962, 7.056423], [72.949962, 7.056545]]}}, {"type": "Feature", "properties": {"source": "Natural Earth 10m Physical Coastline (Indian Subcontinent & EEZ)"}, "geometry": {"type": "LineString", "coordinates": [[72.912852, 7.092719], [72.912852, 7.092597], [72.911876, 7.083197], [72.906423, 7.089016], [72.906586, 7.09101], [72.909679, 7.09162], [72.912852, 7.092719]]}}, {"type": "Feature", "properties": {"source": "Natural Earth 10m Physical Coastline (Indian Subcontinent & EEZ)"}, "geometry": {"type": "LineString", "coordinates": [[72.8838, 7.107245], [72.884532, 7.105699], [72.884532, 7.105658], [72.884532, 7.103705], [72.882498, 7.10163], [72.882498, 7.10163], [72.8838, 7.107245]]}}]}