{"type": "FeatureCollection", "features": [{"type": "Feature", "properties": {"source": "Natural Earth 10m Land (South Asia & Indian EEZ)"}, "geometry": {"type": "MultiPolygon", "coordinates": [[[[99.993663, 13.321723], [99.977387, 13.317369], [99.962738, 13.309882], [99.960704, 13.292426], [99.960867, 13.291571], [99.967133, 13.259019], [99.998546, 13.218085], [100.0, 13.21688625677402], [100.0, 12.809746161592507], [99.987641, 12.790473], [99.974294, 12.751207], [99.965017, 12.71015], [99.96046, 12.667914], [99.960785, 12.636176], [99.960948, 12.625393], [99.978038, 12.560777], [99.980805, 12.540351], [99.977061, 12.476874], [99.980805, 12.454657], [100.0, 12.409256425510076], [100.0, 12.34157667510124], [99.9817, 12.279934], [99.982758, 12.270453], [99.99171, 12.259467], [100.0, 12.25188508691309], [100.0, 12.166949159808848], [99.994314, 12.162584], [99.987641, 12.153022], [99.981456, 12.117174], [99.977387, 12.108303], [99.955333, 12.072496], [99.855317, 11.968411], [99.831228, 11.924709], [99.823253, 11.878648], [99.836925, 11.843451], [99.833751, 11.837714], [99.819591, 11.836371], [99.812511, 11.832099], [99.809825, 11.824612], [99.809581, 11.813463], [99.817068, 11.77558], [99.814952, 11.76968], [99.811778, 11.762274], [99.811046, 11.753079], [99.817068, 11.741441], [99.780447, 11.73725], [99.751801, 11.709866], [99.670584, 11.577867], [99.665538, 11.566799], [99.661306, 11.551011], [99.641856, 11.523261], [99.637543, 11.505316], [99.636078, 11.481838], [99.632009, 11.460639], [99.625743, 11.440497], [99.599946, 11.384223], [99.597341, 11.374945], [99.592947, 11.364203], [99.573741, 11.344062], [99.569347, 11.33397], [99.566254, 11.276313], [99.569347, 11.25552], [99.586192, 11.213853], [99.586192, 11.195136], [99.569347, 11.179145], [99.562022, 11.19892], [99.546153, 11.198432], [99.528575, 11.186835], [99.51531, 11.172919], [99.508149, 11.162177], [99.501313, 11.148749], [99.496349, 11.13288], [99.494151, 11.114569], [99.497569, 11.093085], [99.512055, 11.056952], [99.51531, 11.039211], [99.512462, 11.019232], [99.503429, 10.997056], [99.498709, 10.985297], [99.494151, 10.967475], [99.496104, 10.944241], [99.511567, 10.902411], [99.51531, 10.881537], [99.511567, 10.86636], [99.503266, 10.866848], [99.49586, 10.873847], [99.494151, 10.878119], [99.475352, 10.878852], [99.461192, 10.877427], [99.451671, 10.875312], [99.443207, 10.870347], [99.439708, 10.861029], [99.439708, 10.820054], [99.435069, 10.801825], [99.375011, 10.711982], [99.371349, 10.70307], [99.373709, 10.692572], [99.37672, 10.685492], [99.37436, 10.681383], [99.361095, 10.680121], [99.343516, 10.67536], [99.327159, 10.663275], [99.313162, 10.647366], [99.302419, 10.631049], [99.296153, 10.610907], [99.288259, 10.562934], [99.278168, 10.546047], [99.267263, 10.541693], [99.254731, 10.539944], [99.24464, 10.535142], [99.240408, 10.521877], [99.242686, 10.514472], [99.249034, 10.509996], [99.257986, 10.508002], [99.268321, 10.508205], [99.260997, 10.494818], [99.25172, 10.483954], [99.243826, 10.472357], [99.240408, 10.456977], [99.246755, 10.443915], [99.27768, 10.42357], [99.288748, 10.412014], [99.290538, 10.399237], [99.289317, 10.380845], [99.285004, 10.364488], [99.278168, 10.357367], [99.263845, 10.357327], [99.256358, 10.356147], [99.234141, 10.343695], [99.230724, 10.356513], [99.223399, 10.365383], [99.213064, 10.372056], [99.200043, 10.378485], [99.184744, 10.371283], [99.171641, 10.370266], [99.160655, 10.367987], [99.151622, 10.357367], [99.151378, 10.34634], [99.158458, 10.30272], [99.168956, 10.287746], [99.206309, 10.25434], [99.22462, 10.232367], [99.236095, 10.229315], [99.254649, 10.234442], [99.24171, 10.214504], [99.201345, 10.210639], [99.192556, 10.196275], [99.186778, 10.172431], [99.159923, 10.128323], [99.151622, 10.103461], [99.153494, 10.075832], [99.163097, 10.057685], [99.174001, 10.042914], [99.178884, 10.025295], [99.175792, 10.013495], [99.161632, 10.003323], [99.158458, 9.990546], [99.165294, 9.946479], [99.165294, 9.867621], [99.166759, 9.864691], [99.169932, 9.861802], [99.172374, 9.857408], [99.17213, 9.850246], [99.168305, 9.844468], [99.155772, 9.834784], [99.151622, 9.829169], [99.148204, 9.819241], [99.146169, 9.809719], [99.144949, 9.791246], [99.144786, 9.788235], [99.14796, 9.767401], [99.161957, 9.727118], [99.167247, 9.688137], [99.172862, 9.665229], [99.181407, 9.643256], [99.212087, 9.597724], [99.217784, 9.58218], [99.219981, 9.559149], [99.223155, 9.542629], [99.26531, 9.46601], [99.323578, 9.391547], [99.315684, 9.389594], [99.31072, 9.389838], [99.306, 9.390855], [99.299001, 9.391547], [99.290782, 9.390082], [99.29005, 9.38642], [99.29127, 9.381781], [99.288748, 9.377265], [99.263845, 9.363756], [99.254649, 9.356838], [99.235525, 9.33633], [99.230235, 9.31977], [99.234141, 9.278266], [99.255056, 9.232489], [99.301768, 9.222602], [99.350759, 9.219184], [99.378184, 9.192939], [99.410981, 9.196357], [99.443858, 9.19599], [99.474783, 9.200995], [99.50172, 9.220282], [99.509288, 9.2355], [99.514415, 9.253241], [99.521495, 9.269924], [99.535818, 9.281684], [99.548188, 9.283149], [99.593516, 9.274848], [99.610118, 9.277981], [99.623546, 9.284817], [99.6338, 9.291653], [99.641287, 9.294745], [99.672374, 9.302191], [99.689138, 9.31391], [99.689464, 9.315863], [99.727306, 9.313707], [99.733735, 9.312161], [99.739513, 9.320502], [99.752778, 9.31977], [99.771821, 9.312283], [99.781586, 9.308417], [99.786876, 9.312812], [99.797699, 9.318345], [99.803396, 9.322659], [99.81544, 9.311184], [99.853526, 9.294664], [99.854503, 9.285102], [99.853038, 9.273993], [99.85963, 9.257758], [99.877778, 9.226467], [99.885997, 9.233303], [99.886485, 9.157904], [99.891449, 9.138332], [99.899587, 9.125312], [99.908702, 9.114081], [99.91627, 9.101996], [99.919444, 9.086493], [99.919444, 9.038398], [99.921641, 9.028225], [99.931326, 9.011868], [99.933116, 9.000556], [99.931163, 8.999823], [99.926524, 8.994534], [99.921886, 8.987128], [99.919444, 8.980048], [99.919444, 8.955797], [99.931163, 8.878974], [99.92628, 8.863349], [99.93922, 8.832465], [99.959239, 8.637641], [99.967133, 8.605658], [99.984141, 8.579413], [100.0, 8.569934166893237], [100.0, 6.570779365418367], [99.997895, 6.576117], [99.995128, 6.587714], [99.991222, 6.597846], [99.984141, 6.6022], [99.971446, 6.595608], [99.964122, 6.593736], [99.960948, 6.598456], [99.963145, 6.605699], [99.972179, 6.617865], [99.973969, 6.622707], [99.971528, 6.632758], [99.962901, 6.649563], [99.960948, 6.660549], [99.956554, 6.664008], [99.947032, 6.663398], [99.937348, 6.66474], [99.933116, 6.674221], [99.928477, 6.692613], [99.917491, 6.705268], [99.891449, 6.725043], [99.867524, 6.7626], [99.851736, 6.776435], [99.833751, 6.770087], [99.82488, 6.769599], [99.817638, 6.78262], [99.809581, 6.808295], [99.802501, 6.817532], [99.797211, 6.821682], [99.710704, 6.854153], [99.685802, 6.877346], [99.686046, 6.917467], [99.69044, 6.935492], [99.695811, 6.93769], [99.710216, 6.937974], [99.713878, 6.942206], [99.712901, 6.951646], [99.707205, 6.961005], [99.6963, 6.965277], [99.680919, 6.973619], [99.68214, 6.992662], [99.686209, 7.013373], [99.67921, 7.02676], [99.695486, 7.059882], [99.70574, 7.075426], [99.716807, 7.081977], [99.719981, 7.088528], [99.748057, 7.126044], [99.740571, 7.137112], [99.723399, 7.131822], [99.704845, 7.121243], [99.692882, 7.116116], [99.677582, 7.123277], [99.671886, 7.135403], [99.672374, 7.170722], [99.637543, 7.150865], [99.621104, 7.13703], [99.614106, 7.136664], [99.61085, 7.150865], [99.603526, 7.150865], [99.583995, 7.15644], [99.557872, 7.197455], [99.54005, 7.244127], [99.545421, 7.266303], [99.566742, 7.278022], [99.585216, 7.306708], [99.598399, 7.342719], [99.603526, 7.376166], [99.597341, 7.376166], [99.569021, 7.322211], [99.549571, 7.301825], [99.524669, 7.311347], [99.520518, 7.326972], [99.525401, 7.370022], [99.521495, 7.383612], [99.508149, 7.384955], [99.497813, 7.370795], [99.490977, 7.35102], [99.488048, 7.335191], [99.492198, 7.299872], [99.488292, 7.285712], [99.470714, 7.279975], [99.460216, 7.282864], [99.44516, 7.2897], [99.431814, 7.297797], [99.426036, 7.304511], [99.420665, 7.30744], [99.392345, 7.312201], [99.378184, 7.32095], [99.365896, 7.336371], [99.336599, 7.383612], [99.345876, 7.400051], [99.347423, 7.423489], [99.344005, 7.46898], [99.341807, 7.475735], [99.331879, 7.491929], [99.329845, 7.503404], [99.325206, 7.504869], [99.303396, 7.504625], [99.295584, 7.507148], [99.308849, 7.528306], [99.307384, 7.550279], [99.300059, 7.575385], [99.292735, 7.620673], [99.285899, 7.621772], [99.277029, 7.617499], [99.268321, 7.6164], [99.259532, 7.620836], [99.249766, 7.627753], [99.246755, 7.634101], [99.258067, 7.636868], [99.262218, 7.643256], [99.255707, 7.657375], [99.243663, 7.671454], [99.230479, 7.677802], [99.214366, 7.679999], [99.206228, 7.68594], [99.192556, 7.705146], [99.172618, 7.719713], [99.153087, 7.730658], [99.137543, 7.74433], [99.130544, 7.767239], [99.124278, 7.767239], [99.121918, 7.733059], [99.112153, 7.705512], [99.091482, 7.69184], [99.056, 7.69892], [99.033214, 7.722805], [99.02768, 7.788886], [99.014415, 7.815009], [99.056, 7.847357], [99.062266, 7.859361], [99.064138, 7.878119], [99.070323, 7.907904], [99.069591, 7.924872], [99.050304, 7.905463], [99.040701, 7.901842], [99.028087, 7.903754], [99.02296, 7.909573], [99.007579, 7.935126], [99.000255, 7.942572], [98.984141, 7.947252], [98.967784, 7.956204], [98.96046, 7.976386], [98.961599, 7.986477], [98.96339, 7.992621], [98.963878, 7.998277], [98.96046, 8.006781], [98.953461, 8.015448], [98.937348, 8.024319], [98.929454, 8.030992], [98.923676, 8.041409], [98.92213, 8.048529], [98.917979, 8.051337], [98.905284, 8.048407], [98.898936, 8.042711], [98.891612, 8.024888], [98.888194, 8.021064], [98.872813, 8.016791], [98.857921, 8.00845], [98.843598, 8.002875], [98.829438, 8.006781], [98.824555, 8.01435], [98.817719, 8.036566], [98.812755, 8.044989], [98.800304, 8.052436], [98.794688, 8.048489], [98.792003, 8.040229], [98.788585, 8.034735], [98.775564, 8.023424], [98.770274, 8.023668], [98.768077, 8.038153], [98.765391, 8.047105], [98.752452, 8.060126], [98.747406, 8.068264], [98.745128, 8.087551], [98.747406, 8.136542], [98.743907, 8.149888], [98.747406, 8.181952], [98.747406, 8.199205], [98.744151, 8.214911], [98.727061, 8.253852], [98.712738, 8.225898], [98.706554, 8.225898], [98.703136, 8.298529], [98.6963, 8.308498], [98.677257, 8.303168], [98.648204, 8.284857], [98.637543, 8.287991], [98.63087, 8.287991], [98.63087, 8.281155], [98.624034, 8.281155], [98.622081, 8.292873], [98.626231, 8.346096], [98.631602, 8.354438], [98.64796, 8.366523], [98.655447, 8.379625], [98.6421, 8.385932], [98.620616, 8.390204], [98.603526, 8.397203], [98.598888, 8.374905], [98.585134, 8.368964], [98.567556, 8.367865], [98.552013, 8.360012], [98.541759, 8.349026], [98.526052, 8.33633], [98.510427, 8.331122], [98.500499, 8.343207], [98.493663, 8.343207], [98.491954, 8.331285], [98.486664, 8.324897], [98.479828, 8.325751], [98.473155, 8.335761], [98.466319, 8.335761], [98.466319, 8.32274], [98.445649, 8.3251], [98.428233, 8.316962], [98.422211, 8.306342], [98.453136, 8.294013], [98.456798, 8.277533], [98.456554, 8.258287], [98.462657, 8.243313], [98.462901, 8.216132], [98.446137, 8.175116], [98.424978, 8.148424], [98.411632, 8.164496], [98.405528, 8.164496], [98.404796, 8.155219], [98.402029, 8.148993], [98.391287, 8.136542], [98.375255, 8.150824], [98.356944, 8.185004], [98.331228, 8.195054], [98.328136, 8.202338], [98.323985, 8.209621], [98.312511, 8.212877], [98.301524, 8.213609], [98.293305, 8.215888], [98.286876, 8.219916], [98.281423, 8.225898], [98.277599, 8.240709], [98.277599, 8.283515], [98.271495, 8.297919], [98.26238, 8.312812], [98.242035, 8.40648], [98.199474, 8.534369], [98.198009, 8.556057], [98.202973, 8.573879], [98.209727, 8.581488], [98.213145, 8.572577], [98.215668, 8.553371], [98.223155, 8.540432], [98.247325, 8.514553], [98.253103, 8.534654], [98.244314, 8.546861], [98.230154, 8.556586], [98.219981, 8.569159], [98.219493, 8.575629], [98.222179, 8.580634], [98.225271, 8.584906], [98.226817, 8.589016], [98.226248, 8.605373], [98.226817, 8.610093], [98.238048, 8.641059], [98.240489, 8.651068], [98.238536, 8.673041], [98.22283, 8.712388], [98.219981, 8.726223], [98.224132, 8.735338], [98.231212, 8.740871], [98.239594, 8.745836], [98.247325, 8.753485], [98.250743, 8.759955], [98.252778, 8.766425], [98.256521, 8.828559], [98.261567, 8.850653], [98.283539, 8.884955], [98.292735, 8.924384], [98.312185, 8.951361], [98.32488, 8.975246], [98.333018, 8.980048], [98.336762, 8.977607], [98.351573, 8.973782], [98.364024, 8.973944], [98.360606, 8.983466], [98.358084, 8.995998], [98.367849, 9.009996], [98.391287, 9.035305], [98.361339, 9.023017], [98.342459, 9.018215], [98.332693, 9.026068], [98.329845, 9.052069], [98.342052, 9.062893], [98.365977, 9.06391], [98.382009, 9.071926], [98.370779, 9.103583], [98.341482, 9.141832], [98.32838, 9.164374], [98.323009, 9.189195], [98.322276, 9.209377], [98.326915, 9.203681], [98.339692, 9.199774], [98.34783, 9.202786], [98.355805, 9.209906], [98.370779, 9.226467], [98.352306, 9.235907], [98.351899, 9.25137], [98.361095, 9.268215], [98.364024, 9.281684], [98.375987, 9.298163], [98.383311, 9.316555], [98.397146, 9.378811], [98.40504, 9.396877], [98.425466, 9.432522], [98.443207, 9.520819], [98.457205, 9.548529], [98.486827, 9.528062], [98.519867, 9.553778], [98.531098, 9.566107], [98.528494, 9.575873], [98.520844, 9.577582], [98.50172, 9.575019], [98.493663, 9.575873], [98.489594, 9.58039], [98.48585, 9.593655], [98.483409, 9.596381], [98.46339, 9.604438], [98.47169, 9.621161], [98.490245, 9.634955], [98.500499, 9.634508], [98.502696, 9.638373], [98.511974, 9.650214], [98.514171, 9.654731], [98.511485, 9.662055], [98.493663, 9.685736], [98.51002, 9.686591], [98.513194, 9.694892], [98.506602, 9.705634], [98.493663, 9.71369], [98.500499, 9.719916], [98.515636, 9.710191], [98.531423, 9.703925], [98.543956, 9.706488], [98.549001, 9.723619], [98.553233, 9.724595], [98.56129, 9.733059], [98.565766, 9.742621], [98.559255, 9.747219], [98.538748, 9.747463], [98.529796, 9.749579], [98.521007, 9.754625], [98.516449, 9.747789], [98.51531, 9.744818], [98.514171, 9.740383], [98.507986, 9.740383], [98.509125, 9.748521], [98.5088, 9.770819], [98.507986, 9.774563], [98.516368, 9.782945], [98.524181, 9.78498], [98.532237, 9.785305], [98.541515, 9.788235], [98.555431, 9.798041], [98.566173, 9.810004], [98.574962, 9.824652], [98.583018, 9.842841], [98.574962, 9.835598], [98.558442, 9.815009], [98.549001, 9.809272], [98.54005, 9.810981], [98.534679, 9.81802], [98.530284, 9.825588], [98.512706, 9.836859], [98.520763, 9.854438], [98.536876, 9.872952], [98.549001, 9.883734], [98.553559, 9.876695], [98.559906, 9.873033], [98.567393, 9.873236], [98.576182, 9.87759], [98.570486, 9.884223], [98.58546, 9.894965], [98.589854, 9.905463], [98.586436, 9.909329], [98.578868, 9.911322], [98.571625, 9.915473], [98.573578, 9.920885], [98.583832, 9.930325], [98.59197, 9.942694], [98.599864, 9.948147], [98.622081, 9.947821], [98.63087, 9.952704], [98.633149, 9.962958], [98.623546, 9.96719], [98.612559, 9.965969], [98.610362, 9.96011], [98.59962, 9.973863], [98.599783, 9.980455], [98.603526, 9.993598], [98.64796, 10.069322], [98.662283, 10.085273], [98.689626, 10.162055], [98.712901, 10.205512], [98.72047, 10.227932], [98.725352, 10.251614], [98.727061, 10.27204], [98.730805, 10.291734], [98.746267, 10.329006], [98.747406, 10.350531], [98.739919, 10.347357], [98.735037, 10.343085], [98.731212, 10.337348], [98.718923, 10.312567], [98.70281, 10.262763], [98.696056, 10.2237], [98.687022, 10.208401], [98.66505, 10.185452], [98.644216, 10.155015], [98.589854, 10.04206], [98.560557, 10.002143], [98.543142, 9.987454], [98.53533, 9.997382], [98.533458, 10.006741], [98.524425, 10.021064], [98.521007, 10.028998], [98.52003, 10.038886], [98.521495, 10.059394], [98.521007, 10.069322], [98.514822, 10.101508], [98.513927, 10.146918], [98.493663, 10.179185], [98.490489, 10.190619], [98.489594, 10.197903], [98.490733, 10.204332], [98.507579, 10.24494], [98.512218, 10.26142], [98.5171, 10.30744], [98.528494, 10.343248], [98.528494, 10.364203], [98.512218, 10.422797], [98.494151, 10.45246], [98.493419, 10.472724], [98.500499, 10.515041], [98.495453, 10.556871], [98.46339, 10.630032], [98.458995, 10.672675], [98.459321, 10.715399], [98.463552, 10.729438], [98.476573, 10.734687], [98.498302, 10.731594], [98.510997, 10.722886], [98.528494, 10.693101], [98.538748, 10.704413], [98.538341, 10.718695], [98.531016, 10.732164], [98.521007, 10.740953], [98.532563, 10.746772], [98.543712, 10.745063], [98.55421, 10.737982], [98.563243, 10.727281], [98.569998, 10.743109], [98.577403, 10.770413], [98.583018, 10.781928], [98.599864, 10.805487], [98.602712, 10.819485], [98.59669, 10.837144], [98.606944, 10.836371], [98.615977, 10.838446], [98.624034, 10.843207], [98.63087, 10.850816], [98.620128, 10.85456], [98.59547, 10.856838], [98.586436, 10.861029], [98.581798, 10.867255], [98.578868, 10.87519], [98.581554, 10.882025], [98.61378, 10.890286], [98.625011, 10.902004], [98.634044, 10.913723], [98.64796, 10.919094], [98.652843, 10.917182], [98.663829, 10.908271], [98.673106, 10.905463], [98.675059, 10.908515], [98.68922, 10.913398], [98.703624, 10.916164], [98.706554, 10.912828], [98.712413, 10.924384], [98.716807, 10.942206], [98.717621, 10.960679], [98.712738, 10.974311], [98.720225, 10.980536], [98.713878, 10.989976], [98.696544, 11.00259], [98.692882, 11.00845], [98.695323, 11.020087], [98.700938, 11.02497], [98.708344, 11.027655], [98.716482, 11.032375], [98.722423, 11.044867], [98.718272, 11.058824], [98.710623, 11.076077], [98.706554, 11.097846], [98.688813, 11.092475], [98.67628, 11.100572], [98.658214, 11.131985], [98.702647, 11.143622], [98.724132, 11.156195], [98.733165, 11.176011], [98.733165, 11.207099], [98.745616, 11.236029], [98.750987, 11.257066], [98.757091, 11.263373], [98.759288, 11.268948], [98.74643, 11.285875], [98.726573, 11.333441], [98.721934, 11.350084], [98.721365, 11.367255], [98.727061, 11.385199], [98.702647, 11.379055], [98.698009, 11.388007], [98.706554, 11.423082], [98.715343, 11.443183], [98.735688, 11.450141], [98.774913, 11.453518], [98.765636, 11.467434], [98.763438, 11.506252], [98.754405, 11.522406], [98.745291, 11.524848], [98.728852, 11.517646], [98.720225, 11.522406], [98.717947, 11.531887], [98.725759, 11.548407], [98.720225, 11.557115], [98.733572, 11.573432], [98.736339, 11.588772], [98.733165, 11.624823], [98.735606, 11.642035], [98.741547, 11.665025], [98.752208, 11.681708], [98.768077, 11.68008], [98.780284, 11.68651], [98.787934, 11.683336], [98.795177, 11.676825], [98.805919, 11.673245], [98.817149, 11.677395], [98.818696, 11.687201], [98.818126, 11.698676], [98.822602, 11.707953], [98.83546, 11.71011], [98.85434, 11.707099], [98.872895, 11.700914], [98.884776, 11.693671], [98.891612, 11.693671], [98.87672, 11.722642], [98.804942, 11.736518], [98.78297, 11.755113], [98.790294, 11.77969], [98.812022, 11.802639], [98.825694, 11.825873], [98.80893, 11.851304], [98.816091, 11.833808], [98.810232, 11.822008], [98.800548, 11.813788], [98.79127, 11.802476], [98.768077, 11.761949], [98.761485, 11.760891], [98.744151, 11.762519], [98.740733, 11.758531], [98.737966, 11.756496], [98.725841, 11.74433], [98.723643, 11.741441], [98.712169, 11.736518], [98.708995, 11.724514], [98.708263, 11.709947], [98.703136, 11.697455], [98.692638, 11.686754], [98.684337, 11.682807], [98.674164, 11.685248], [98.647634, 11.700507], [98.616873, 11.7237], [98.610362, 11.731269], [98.608735, 11.7414], [98.603282, 11.753607], [98.603526, 11.761949], [98.605968, 11.769192], [98.617849, 11.789252], [98.623302, 11.79328], [98.628917, 11.791938], [98.632091, 11.792873], [98.63087, 11.803616], [98.603526, 11.803616], [98.619314, 11.825873], [98.624034, 11.830268], [98.631358, 11.832099], [98.64088, 11.832261], [98.648692, 11.831488], [98.651378, 11.830268], [98.66033, 11.845201], [98.667979, 11.863593], [98.680919, 11.877346], [98.706554, 11.878648], [98.694102, 11.89289], [98.673106, 11.892076], [98.63087, 11.878648], [98.549001, 11.878648], [98.558116, 11.899115], [98.578136, 11.906684], [98.627452, 11.905951], [98.64503, 11.910224], [98.664073, 11.920356], [98.67921, 11.932807], [98.690929, 11.954332], [98.702891, 11.959052], [98.714854, 11.961168], [98.720225, 11.964301], [98.721446, 11.997789], [98.720225, 12.008368], [98.713145, 12.025214], [98.705333, 12.036851], [98.703136, 12.048082], [98.712738, 12.063625], [98.66505, 12.060248], [98.658458, 12.067125], [98.64503, 12.07807], [98.6338, 12.090318], [98.634288, 12.101142], [98.640961, 12.113674], [98.636241, 12.122545], [98.629649, 12.131985], [98.63087, 12.146186], [98.637869, 12.151068], [98.650727, 12.155097], [98.673106, 12.159166], [98.673106, 12.166653], [98.658214, 12.166653], [98.667654, 12.17768], [98.695811, 12.193101], [98.709727, 12.20425], [98.713715, 12.215766], [98.710216, 12.228013], [98.703298, 12.237779], [98.6963, 12.241767], [98.662934, 12.236802], [98.64088, 12.224555], [98.62143, 12.20897], [98.59669, 12.193996], [98.588552, 12.197699], [98.570811, 12.203518], [98.563243, 12.207668], [98.54713, 12.223456], [98.539073, 12.241767], [98.540212, 12.260972], [98.552013, 12.279608], [98.56837, 12.29092], [98.587657, 12.297065], [98.676768, 12.315253], [98.697765, 12.327948], [98.706554, 12.347886], [98.699962, 12.363959], [98.684255, 12.373236], [98.651378, 12.385728], [98.626801, 12.409573], [98.62086, 12.413723], [98.607432, 12.41828], [98.605154, 12.428941], [98.610362, 12.450914], [98.611339, 12.473049], [98.616222, 12.485745], [98.628429, 12.492133], [98.651378, 12.495592], [98.68922, 12.495592], [98.701427, 12.498725], [98.708751, 12.505561], [98.709727, 12.512397], [98.703136, 12.51553], [98.694835, 12.517035], [98.681488, 12.52558], [98.673106, 12.529731], [98.661957, 12.531317], [98.650727, 12.530951], [98.639985, 12.531887], [98.63087, 12.537258], [98.623057, 12.558173], [98.631196, 12.579332], [98.644379, 12.600653], [98.651378, 12.62226], [98.654633, 12.625718], [98.661876, 12.625474], [98.669444, 12.624457], [98.673106, 12.625393], [98.672211, 12.631741], [98.66505, 12.64643], [98.667654, 12.674791], [98.673106, 12.687445], [98.680349, 12.697008], [98.686697, 12.702826], [98.691173, 12.710435], [98.692882, 12.725287], [98.689301, 12.728095], [98.661632, 12.721584], [98.648448, 12.723334], [98.641775, 12.728095], [98.64088, 12.734687], [98.644542, 12.742011], [98.652354, 12.745429], [98.663097, 12.745103], [98.673025, 12.746812], [98.678722, 12.756293], [98.670177, 12.760932], [98.627696, 12.756252], [98.617849, 12.766262], [98.617442, 12.777411], [98.618988, 12.775092], [98.624034, 12.77619], [98.634532, 12.781195], [98.641775, 12.782416], [98.646983, 12.785793], [98.651378, 12.797309], [98.634288, 12.878607], [98.624766, 12.884223], [98.601248, 12.911038], [98.589854, 12.919582], [98.600108, 12.941636], [98.606781, 12.950629], [98.614024, 12.954291], [98.610362, 12.959621], [98.59669, 12.995917], [98.586192, 13.016506], [98.583832, 13.026597], [98.580414, 13.065375], [98.582042, 13.077053], [98.589854, 13.084662], [98.583344, 13.113959], [98.578461, 13.186754], [98.565929, 13.201361], [98.553071, 13.208075], [98.500499, 13.249172], [98.495128, 13.285468], [98.489919, 13.297838], [98.479991, 13.283881], [98.475271, 13.292914], [98.47283, 13.302924], [98.472423, 13.313625], [98.473155, 13.324897], [98.46046, 13.35578], [98.460134, 13.36933], [98.473155, 13.379462], [98.47169, 13.38642], [98.471202, 13.394192], [98.473155, 13.413031], [98.464203, 13.407701], [98.458995, 13.39997], [98.45281, 13.379462], [98.453787, 13.396389], [98.450938, 13.411363], [98.445323, 13.424302], [98.439138, 13.43476], [98.434418, 13.438463], [98.428233, 13.441799], [98.422374, 13.446601], [98.41863, 13.454576], [98.419444, 13.462226], [98.42921, 13.471177], [98.431651, 13.478746], [98.426443, 13.490058], [98.403331, 13.522447], [98.394054, 13.542792], [98.383962, 13.551907], [98.370616, 13.559516], [98.357188, 13.56387], [98.361095, 13.576158], [98.356619, 13.584866], [98.336111, 13.598578], [98.336436, 13.619818], [98.298839, 13.671047], [98.288259, 13.69477], [98.295665, 13.687974], [98.302013, 13.700995], [98.276703, 13.70718], [98.257335, 13.706366], [98.244802, 13.714057], [98.240489, 13.746039], [98.251964, 13.782538], [98.254161, 13.797797], [98.251964, 13.811672], [98.248383, 13.82453], [98.247813, 13.837592], [98.254161, 13.851793], [98.248057, 13.862779], [98.233653, 13.917304], [98.233653, 13.961656], [98.231212, 13.97248], [98.227794, 13.981269], [98.227224, 13.988959], [98.233653, 13.996487], [98.233653, 14.002631], [98.222423, 14.013088], [98.208669, 14.029608], [98.197032, 14.048163], [98.192149, 14.064683], [98.185802, 14.064683], [98.184581, 14.052558], [98.180024, 14.031643], [98.178966, 14.019721], [98.18214, 14.014309], [98.1963, 13.99787], [98.199474, 13.992743], [98.198253, 13.964911], [98.19337, 13.951809], [98.182384, 13.937812], [98.180186, 13.925035], [98.19516, 13.886949], [98.199474, 13.869208], [98.197276, 13.850328], [98.187999, 13.815131], [98.179454, 13.732408], [98.193533, 13.686265], [98.196056, 13.668362], [98.19337, 13.651557], [98.185802, 13.632758], [98.182384, 13.627102], [98.178884, 13.622626], [98.175304, 13.616604], [98.17156, 13.606024], [98.168956, 13.59398], [98.168468, 13.584296], [98.17156, 13.56387], [98.183442, 13.551703], [98.18686, 13.54385], [98.178966, 13.537095], [98.171072, 13.537828], [98.163829, 13.543524], [98.151052, 13.557603], [98.149669, 13.550116], [98.145844, 13.542914], [98.144298, 13.537095], [98.1421, 13.548082], [98.142751, 13.561713], [98.141368, 13.573228], [98.134288, 13.578111], [98.129731, 13.582343], [98.134776, 13.591742], [98.143728, 13.601264], [98.151052, 13.606024], [98.146983, 13.611151], [98.141368, 13.621161], [98.137462, 13.626532], [98.151866, 13.630357], [98.158458, 13.64232], [98.158051, 13.658189], [98.151052, 13.673733], [98.167654, 13.673163], [98.168793, 13.680813], [98.160411, 13.690253], [98.147634, 13.69477], [98.12379, 13.693508], [98.116384, 13.695054], [98.103282, 13.700995], [98.1067, 13.707017], [98.113455, 13.722805], [98.116954, 13.728949], [98.092052, 13.739691], [98.082774, 13.769965], [98.088878, 13.795111], [98.110118, 13.790351], [98.104015, 13.834703], [98.103282, 13.87637], [98.109141, 13.892483], [98.11085, 13.902167], [98.1067, 13.90644], [98.101248, 13.908026], [98.093028, 13.912177], [98.08546, 13.917914], [98.082286, 13.924465], [98.079275, 13.948065], [98.065603, 13.989325], [98.061697, 14.010077], [98.066254, 14.032701], [98.08839, 14.063463], [98.096446, 14.078355], [98.097423, 14.09219], [98.107677, 14.110012], [98.110118, 14.123033], [98.108572, 14.132636], [98.096446, 14.167792], [98.110118, 14.167792], [98.106456, 14.18122], [98.101085, 14.19184], [98.095225, 14.193793], [98.08961, 14.181383], [98.041759, 14.242865], [98.014822, 14.299506], [97.9935, 14.330512], [97.986013, 14.352607], [97.981293, 14.376451], [97.979747, 14.397406], [97.982595, 14.419257], [97.995942, 14.449693], [98.000255, 14.468736], [97.991466, 14.460028], [97.984223, 14.449652], [97.97641, 14.443752], [97.966075, 14.44831], [97.962087, 14.45775], [97.951834, 14.502916], [97.921397, 14.557685], [97.913585, 14.586737], [97.925059, 14.612779], [97.900076, 14.630316], [97.885509, 14.655951], [97.885509, 14.684068], [97.904063, 14.70897], [97.943126, 14.720201], [97.968516, 14.696519], [97.992442, 14.663723], [98.027599, 14.647528], [97.992442, 14.693101], [97.982188, 14.715277], [98.000255, 14.722073], [97.985362, 14.728176], [97.971039, 14.735907], [97.96461, 14.747056], [97.972911, 14.763617], [97.965668, 14.769517], [97.958832, 14.77851], [97.953868, 14.787746], [97.951834, 14.794338], [97.94988, 14.798896], [97.945323, 14.795315], [97.938162, 14.784735], [97.939952, 14.782416], [97.94337, 14.776679], [97.946056, 14.76968], [97.945567, 14.763617], [97.931163, 14.752183], [97.917166, 14.758612], [97.906749, 14.775946], [97.904063, 14.797756], [97.897227, 14.797756], [97.894542, 14.77969], [97.902192, 14.737698], [97.893809, 14.729478], [97.888357, 14.726955], [97.883067, 14.721503], [97.875499, 14.716742], [97.863048, 14.715806], [97.856212, 14.718492], [97.850352, 14.723619], [97.845958, 14.729926], [97.84254, 14.736314], [97.815115, 14.850816], [97.794932, 14.880154], [97.79477, 14.880316], [97.800304, 14.890326], [97.802501, 14.900946], [97.802257, 14.924709], [97.804454, 14.935981], [97.813731, 14.950181], [97.815929, 14.958808], [97.812836, 14.983344], [97.804373, 14.998684], [97.791189, 15.008734], [97.774262, 15.017483], [97.779796, 15.025784], [97.787446, 15.030707], [97.796886, 15.032457], [97.80836, 15.031155], [97.804373, 15.038235], [97.799083, 15.051459], [97.79477, 15.058498], [97.806814, 15.075263], [97.810232, 15.09512], [97.80714, 15.174954], [97.810883, 15.191148], [97.822765, 15.209296], [97.794932, 15.208808], [97.780284, 15.211493], [97.769379, 15.223334], [97.743175, 15.266832], [97.740896, 15.27558], [97.740245, 15.291815], [97.742035, 15.317939], [97.738292, 15.329006], [97.72641, 15.339586], [97.729503, 15.348944], [97.73406, 15.355292], [97.740896, 15.358954], [97.750499, 15.360093], [97.760753, 15.394232], [97.766938, 15.38935], [97.775157, 15.393134], [97.79477, 15.407904], [97.786876, 15.41942], [97.761404, 15.490546], [97.761892, 15.503892], [97.774262, 15.531399], [97.767426, 15.544013], [97.742931, 15.604478], [97.743663, 15.610256], [97.747325, 15.617743], [97.747325, 15.626166], [97.74464, 15.634426], [97.740245, 15.641262], [97.744477, 15.650702], [97.743663, 15.664862], [97.738455, 15.679918], [97.730235, 15.692125], [97.725597, 15.701321], [97.727387, 15.710028], [97.7317, 15.718411], [97.733897, 15.726304], [97.730805, 15.733954], [97.716807, 15.749457], [97.712901, 15.75731], [97.714122, 15.763373], [97.723399, 15.771796], [97.72641, 15.777818], [97.727061, 15.843207], [97.721365, 15.856187], [97.706065, 15.860338], [97.71225, 15.887681], [97.691417, 15.912299], [97.637218, 15.949164], [97.609711, 15.983873], [97.582286, 16.009101], [97.575694, 16.017401], [97.575938, 16.022162], [97.568858, 16.062405], [97.569347, 16.072577], [97.571788, 16.080024], [97.576996, 16.084703], [97.585948, 16.08633], [97.600841, 16.092475], [97.612153, 16.107408], [97.61964, 16.125434], [97.639008, 16.238349], [97.648204, 16.259223], [97.65089, 16.271308], [97.649913, 16.28384], [97.646739, 16.29328], [97.637218, 16.312201], [97.626475, 16.35163], [97.623057, 16.394477], [97.626638, 16.437567], [97.637218, 16.477362], [97.651866, 16.507229], [97.673839, 16.533433], [97.703136, 16.552069], [97.740082, 16.559231], [97.740245, 16.559272], [97.735525, 16.566799], [97.729503, 16.572496], [97.721853, 16.57685], [97.712901, 16.579779], [97.703543, 16.573554], [97.652843, 16.539862], [97.630382, 16.531968], [97.612966, 16.530585], [97.54835, 16.538153], [97.52296, 16.536444], [97.499848, 16.531968], [97.493988, 16.528998], [97.489431, 16.524482], [97.484141, 16.520209], [97.476329, 16.518297], [97.470714, 16.519232], [97.458751, 16.523383], [97.452159, 16.524563], [97.423106, 16.523424], [97.402599, 16.516913], [97.386485, 16.503892], [97.370291, 16.483547], [97.337413, 16.631578], [97.337413, 16.655504], [97.329828, 16.679847], [97.311194, 16.652366], [97.285836, 16.658922], [97.255445, 16.697869], [97.240276, 16.731901], [97.230173, 16.769142], [97.230209, 16.796646], [97.244802, 16.81745], [97.235688, 16.829535], [97.233084, 16.83983], [97.233409, 16.848944], [97.240489, 16.874579], [97.233084, 16.874579], [97.224294, 16.853258], [97.220876, 16.840644], [97.219493, 16.826158], [97.208995, 16.833197], [97.204845, 16.845201], [97.2046, 16.859809], [97.205821, 16.874579], [97.219493, 16.901272], [97.211436, 16.907864], [97.202403, 16.906806], [97.19158, 16.901272], [97.183279, 16.921536], [97.186697, 16.947008], [97.198985, 16.997463], [97.198253, 17.013495], [97.195079, 17.021877], [97.178477, 17.038479], [97.17213, 17.046576], [97.164561, 17.059312], [97.158539, 17.073717], [97.157237, 17.086859], [97.17449, 17.112494], [97.202403, 17.106024], [97.233653, 17.09516], [97.260997, 17.107327], [97.222341, 17.125434], [97.202647, 17.131578], [97.181895, 17.134019], [97.158051, 17.129299], [97.14796, 17.116889], [97.141938, 17.099351], [97.130626, 17.079413], [97.114431, 17.100328], [97.100271, 17.133775], [97.095958, 17.165758], [97.10963, 17.18244], [97.10963, 17.189276], [97.088715, 17.193508], [97.081798, 17.209784], [97.078624, 17.23135], [97.068614, 17.25137], [97.048676, 17.26081], [97.023611, 17.267483], [97.007172, 17.278062], [97.013357, 17.29914], [96.904552, 17.375312], [96.895518, 17.38467], [96.889903, 17.394721], [96.887055, 17.411851], [96.888357, 17.444281], [96.883067, 17.457424], [96.871593, 17.441718], [96.863455, 17.403388], [96.855724, 17.388495], [96.852061, 17.394029], [96.844493, 17.402655], [96.842052, 17.409003], [96.835704, 17.406195], [96.829845, 17.402411], [96.82488, 17.398383], [96.821544, 17.394721], [96.82838, 17.388495], [96.851248, 17.359565], [96.884613, 17.338853], [96.910655, 17.317084], [96.910899, 17.284857], [96.890473, 17.260932], [96.865489, 17.240302], [96.849376, 17.212958], [96.855724, 17.168769], [96.895274, 17.101549], [96.910167, 17.06684], [96.910899, 17.024807], [96.904959, 17.010403], [96.886892, 16.979397], [96.87908, 16.934719], [96.868337, 16.928412], [96.835216, 16.936021], [96.838064, 16.926459], [96.84254, 16.91767], [96.848399, 16.909329], [96.855724, 16.901272], [96.842784, 16.902493], [96.820811, 16.907538], [96.807872, 16.908677], [96.807872, 16.901272], [96.821544, 16.894355], [96.834321, 16.88524], [96.844005, 16.873928], [96.848888, 16.860297], [96.84669, 16.844916], [96.831879, 16.821926], [96.825694, 16.799384], [96.81129, 16.764716], [96.796397, 16.762356], [96.789399, 16.75609], [96.790863, 16.747463], [96.801036, 16.737372], [96.783214, 16.712348], [96.766124, 16.697089], [96.725841, 16.669135], [96.716319, 16.658352], [96.698416, 16.62995], [96.679473, 16.574868], [96.640027, 16.545373], [96.615943, 16.518005], [96.55898, 16.496897], [96.497627, 16.484187], [96.436261, 16.477768], [96.400157, 16.504055], [96.377126, 16.508124], [96.357107, 16.5185], [96.289806, 16.56684], [96.273123, 16.582099], [96.265961, 16.596829], [96.264985, 16.621772], [96.261567, 16.640692], [96.255626, 16.657294], [96.235525, 16.697821], [96.229259, 16.718736], [96.22641, 16.739407], [96.225759, 16.761298], [96.234548, 16.776923], [96.274913, 16.80268], [96.28712, 16.813137], [96.257579, 16.815904], [96.206554, 16.777493], [96.171153, 16.771552], [96.176931, 16.762274], [96.194102, 16.74315], [96.197765, 16.734036], [96.2046, 16.696479], [96.214854, 16.679633], [96.240896, 16.650133], [96.246104, 16.631293], [96.243826, 16.619452], [96.233653, 16.597886], [96.231944, 16.587226], [96.23463, 16.576361], [96.246349, 16.554877], [96.294444, 16.491523], [96.310069, 16.464586], [96.327322, 16.453437], [96.336436, 16.439439], [96.3213, 16.415269], [96.304698, 16.406399], [96.285336, 16.365993], [96.221818, 16.344787], [96.164236, 16.332709], [96.144054, 16.324897], [96.118988, 16.321763], [96.097667, 16.328559], [96.088552, 16.349799], [96.077403, 16.360826], [96.006602, 16.387356], [96.06658, 16.335639], [96.067556, 16.310248], [96.018809, 16.256741], [95.979991, 16.223131], [95.961925, 16.216702], [95.942393, 16.219062], [95.941742, 16.226549], [95.948578, 16.239325], [95.951427, 16.257636], [95.933849, 16.243109], [95.92213, 16.225409], [95.907888, 16.211737], [95.883067, 16.209174], [95.886241, 16.217678], [95.889903, 16.243964], [95.818126, 16.176011], [95.797699, 16.144924], [95.776622, 16.140692], [95.755544, 16.14525], [95.74586, 16.158352], [95.744802, 16.174628], [95.741222, 16.19481], [95.73463, 16.212836], [95.724864, 16.222846], [95.73227, 16.127265], [95.725271, 16.106431], [95.697032, 16.065985], [95.690684, 16.048489], [95.690684, 16.000678], [95.687348, 15.988227], [95.664724, 15.949205], [95.523448, 15.803656], [95.461599, 15.760728], [95.431977, 15.733629], [95.415782, 15.722968], [95.396495, 15.716376], [95.374197, 15.715033], [95.310557, 15.723212], [95.294444, 15.727851], [95.287934, 15.740139], [95.282563, 15.838324], [95.290294, 15.846747], [95.302257, 15.852484], [95.312673, 15.866523], [95.317719, 15.884182], [95.313975, 15.900702], [95.338552, 15.922024], [95.354747, 15.951361], [95.364268, 15.984565], [95.369151, 16.017401], [95.3685, 16.038804], [95.363617, 16.054511], [95.348643, 16.08633], [95.34547, 16.104967], [95.34962, 16.116929], [95.356619, 16.129136], [95.361583, 16.148383], [95.355479, 16.148383], [95.347911, 16.138821], [95.338227, 16.129869], [95.330251, 16.11994], [95.327485, 16.107408], [95.331798, 16.091051], [95.345551, 16.060858], [95.348643, 16.041571], [95.345714, 15.996487], [95.341807, 15.983873], [95.31186, 15.947089], [95.29713, 15.902981], [95.27475, 15.876451], [95.251638, 15.868232], [95.23878, 15.893948], [95.246104, 15.915229], [95.262706, 15.940904], [95.27589, 15.970649], [95.27296, 16.00373], [95.239024, 15.950344], [95.223969, 15.918606], [95.217621, 15.884263], [95.224376, 15.810126], [95.212738, 15.786566], [95.173595, 15.777818], [95.144542, 15.78913], [95.125743, 15.817613], [95.116222, 15.855292], [95.115245, 15.893948], [95.137543, 16.006659], [95.128917, 16.03852], [95.107758, 15.983873], [95.097667, 16.025133], [95.110199, 16.06745], [95.13795, 16.100328], [95.173595, 16.113593], [95.207205, 16.111558], [95.217621, 16.113593], [95.225922, 16.11994], [95.222504, 16.124172], [95.21225, 16.126532], [95.200694, 16.127265], [95.193696, 16.129381], [95.188813, 16.138821], [95.183604, 16.140937], [95.178477, 16.13996], [95.163097, 16.134711], [95.155528, 16.134019], [95.148692, 16.132025], [95.142426, 16.134833], [95.135753, 16.148383], [95.128917, 16.148383], [95.121593, 16.131659], [95.094005, 16.093655], [95.070567, 16.074856], [95.067882, 16.048326], [95.073741, 15.997504], [95.072927, 15.970649], [95.055024, 15.846137], [95.046886, 15.822089], [95.033946, 15.805732], [95.023774, 15.802191], [95.009939, 15.799302], [94.997569, 15.795315], [94.992442, 15.788398], [94.990489, 15.781236], [94.986176, 15.773342], [94.980724, 15.766832], [94.975597, 15.764146], [94.949962, 15.762641], [94.937755, 15.764146], [94.903575, 15.777818], [94.858653, 15.78262], [94.846853, 15.790595], [94.858653, 15.808824], [94.869314, 15.815497], [94.880544, 15.82038], [94.890391, 15.827053], [94.896739, 15.83926], [94.896332, 15.847398], [94.892833, 15.856635], [94.887706, 15.864203], [94.882579, 15.867174], [94.863943, 15.844143], [94.853201, 15.840277], [94.848399, 15.863756], [94.850108, 15.895453], [94.848399, 15.908149], [94.835948, 15.936672], [94.834727, 15.949164], [94.83961, 15.962063], [94.850352, 15.978095], [94.862804, 15.991767], [94.872569, 15.997504], [94.889496, 15.999457], [94.907237, 16.006049], [94.920665, 16.018622], [94.924083, 16.03852], [94.889334, 16.017401], [94.884532, 16.036038], [94.880219, 16.079983], [94.863536, 16.112372], [94.863129, 16.127753], [94.868419, 16.142035], [94.887055, 16.170803], [94.900076, 16.183783], [94.917328, 16.192369], [94.940929, 16.195543], [94.959239, 16.200873], [94.975108, 16.214342], [94.986827, 16.232245], [94.992442, 16.2508], [94.988048, 16.244371], [94.974783, 16.231513], [94.971934, 16.226549], [94.96697, 16.220404], [94.942882, 16.216376], [94.924653, 16.208808], [94.902517, 16.209621], [94.893077, 16.205756], [94.868419, 16.173896], [94.865733, 16.168891], [94.854666, 16.160224], [94.849457, 16.139797], [94.848399, 16.096503], [94.850597, 16.085761], [94.859874, 16.065416], [94.862071, 16.055609], [94.864024, 16.049628], [94.867686, 16.045315], [94.869395, 16.040961], [94.856456, 16.0185], [94.855235, 16.013983], [94.846202, 15.999986], [94.786876, 15.962144], [94.774181, 15.943345], [94.745372, 15.880845], [94.735199, 15.868394], [94.721202, 15.856676], [94.703868, 15.848456], [94.683849, 15.846747], [94.658702, 15.854478], [94.648936, 15.868598], [94.644542, 15.887112], [94.635509, 15.908149], [94.632823, 15.889716], [94.622406, 15.891547], [94.610199, 15.904975], [94.601329, 15.92121], [94.628673, 15.939154], [94.665538, 15.957913], [94.703136, 15.982367], [94.73227, 16.017401], [94.74171, 16.067288], [94.749034, 16.07567], [94.758067, 16.083441], [94.76588, 16.093166], [94.769786, 16.102281], [94.771983, 16.110989], [94.772716, 16.131008], [94.776622, 16.134914], [94.785167, 16.139635], [94.792654, 16.147895], [94.793712, 16.162014], [94.775157, 16.151557], [94.765961, 16.139472], [94.752208, 16.107408], [94.725434, 16.06391], [94.718028, 16.044664], [94.705333, 16.020657], [94.68922, 16.00731], [94.671397, 15.996568], [94.614757, 15.943671], [94.589854, 15.931586], [94.56658, 15.935492], [94.562348, 15.961859], [94.588715, 15.996243], [94.642345, 16.044664], [94.663341, 16.079983], [94.678884, 16.121283], [94.686697, 16.165351], [94.683849, 16.209174], [94.668712, 16.240871], [94.665212, 16.257636], [94.673595, 16.274726], [94.685313, 16.291978], [94.704926, 16.353217], [94.710704, 16.360338], [94.720551, 16.362128], [94.73227, 16.360663], [94.73227, 16.367499], [94.72169, 16.378485], [94.705821, 16.47309], [94.706228, 16.484442], [94.710704, 16.497219], [94.717296, 16.502916], [94.725434, 16.505113], [94.731619, 16.510199], [94.73227, 16.524563], [94.697276, 16.508368], [94.68393, 16.51081], [94.677013, 16.531968], [94.670177, 16.50967], [94.683849, 16.422065], [94.683849, 16.364081], [94.678477, 16.348538], [94.655121, 16.322699], [94.64975, 16.308824], [94.643728, 16.283515], [94.62794, 16.260199], [94.6067, 16.243109], [94.583995, 16.236518], [94.582042, 16.243476], [94.592621, 16.259223], [94.615001, 16.285549], [94.635509, 16.326483], [94.629731, 16.344184], [94.618175, 16.342027], [94.6067, 16.325995], [94.598888, 16.293647], [94.59254, 16.283515], [94.583669, 16.274848], [94.573985, 16.271308], [94.562022, 16.273749], [94.554047, 16.279731], [94.547618, 16.286566], [94.539887, 16.291693], [94.521169, 16.295478], [94.515636, 16.287258], [94.518809, 16.247382], [94.517345, 16.223944], [94.513194, 16.205146], [94.507009, 16.189602], [94.455577, 16.105618], [94.428071, 16.074164], [94.396495, 16.058987], [94.375743, 16.056057], [94.360606, 16.049262], [94.351329, 16.034369], [94.347992, 16.007148], [94.340017, 15.996243], [94.321462, 15.989936], [94.300792, 15.989732], [94.286632, 15.997504], [94.265636, 15.975084], [94.251475, 15.968451], [94.239513, 15.976304], [94.21461, 16.014797], [94.209809, 16.028998], [94.209239, 16.044501], [94.215099, 16.15766], [94.237804, 16.273139], [94.235362, 16.348375], [94.238129, 16.360663], [94.24171, 16.366034], [94.25408, 16.379462], [94.258637, 16.387356], [94.273123, 16.466498], [94.268321, 16.527493], [94.273123, 16.538153], [94.308604, 16.527777], [94.331065, 16.528632], [94.341319, 16.548407], [94.348969, 16.578111], [94.346202, 16.592434], [94.327647, 16.600246], [94.327647, 16.606431], [94.352061, 16.618598], [94.36199, 16.635484], [94.362315, 16.685858], [94.364431, 16.701117], [94.373383, 16.729315], [94.375499, 16.74079], [94.379649, 16.755357], [94.398448, 16.775784], [94.40268, 16.788275], [94.400645, 16.830634], [94.396495, 16.846625], [94.383474, 16.872016], [94.378917, 16.886949], [94.382335, 16.901272], [94.390636, 16.906643], [94.400645, 16.904446], [94.411876, 16.900702], [94.423188, 16.901272], [94.435313, 16.910142], [94.464692, 16.949652], [94.444347, 16.949652], [94.453868, 16.965237], [94.457774, 16.982896], [94.456716, 17.050605], [94.457856, 17.059556], [94.461925, 17.069648], [94.478363, 17.093085], [94.484141, 17.105699], [94.48878, 17.124213], [94.485688, 17.141018], [94.457774, 17.153754], [94.452647, 17.166205], [94.454356, 17.18008], [94.464692, 17.189276], [94.510916, 17.169013], [94.518809, 17.172512], [94.522472, 17.177802], [94.530447, 17.181952], [94.537852, 17.187405], [94.539887, 17.196723], [94.535004, 17.205146], [94.526622, 17.209418], [94.517833, 17.212551], [94.511974, 17.21719], [94.508637, 17.230129], [94.511974, 17.275214], [94.518891, 17.288153], [94.533214, 17.290351], [94.545421, 17.296088], [94.546153, 17.319648], [94.559337, 17.316311], [94.57252, 17.311103], [94.584483, 17.30329], [94.594493, 17.292304], [94.576834, 17.358344], [94.567719, 17.462877], [94.56658, 17.47663], [94.570079, 17.493964], [94.570323, 17.505194], [94.56658, 17.518866], [94.559337, 17.532904], [94.555431, 17.538398], [94.553884, 17.543606], [94.553477, 17.556383], [94.560313, 17.582099], [94.576915, 17.576239], [94.597016, 17.557766], [94.615001, 17.545559], [94.609223, 17.559556], [94.590668, 17.593248], [94.591075, 17.604193], [94.595225, 17.615465], [94.589529, 17.62641], [94.573985, 17.641791], [94.562999, 17.661689], [94.556895, 17.68244], [94.553477, 17.727362], [94.543956, 17.748033], [94.50172, 17.786607], [94.492198, 17.816799], [94.489513, 17.876207], [94.483409, 17.902289], [94.447439, 17.973334], [94.444347, 17.988105], [94.450857, 18.002427], [94.481781, 18.015204], [94.492198, 18.025946], [94.494884, 18.048814], [94.490571, 18.072496], [94.480968, 18.094224], [94.461925, 18.121772], [94.460623, 18.132799], [94.460623, 18.144192], [94.457856, 18.155707], [94.452322, 18.165107], [94.441091, 18.176418], [94.436778, 18.182359], [94.430186, 18.222154], [94.422862, 18.242499], [94.406505, 18.251288], [94.360606, 18.24608], [94.341563, 18.247504], [94.327647, 18.258734], [94.325857, 18.267727], [94.326182, 18.281643], [94.327973, 18.295111], [94.331065, 18.303127], [94.339203, 18.305976], [94.350271, 18.292914], [94.365896, 18.29857], [94.378591, 18.287095], [94.389171, 18.286038], [94.396983, 18.291449], [94.409028, 18.308824], [94.417003, 18.313951], [94.405284, 18.330308], [94.399587, 18.348212], [94.389659, 18.362698], [94.365489, 18.368598], [94.350597, 18.37523], [94.344005, 18.391262], [94.339203, 18.410224], [94.331065, 18.425971], [94.279633, 18.480211], [94.258962, 18.509019], [94.244965, 18.539252], [94.258962, 18.535712], [94.262218, 18.545111], [94.25294, 18.627997], [94.24879, 18.638861], [94.148936, 18.731024], [94.148936, 18.738511], [94.156423, 18.738511], [94.174571, 18.725043], [94.211599, 18.725531], [94.279307, 18.738511], [94.263682, 18.74551], [94.252452, 18.752143], [94.228038, 18.735541], [94.212413, 18.741848], [94.182953, 18.785631], [94.153087, 18.821031], [94.147309, 18.83983], [94.148936, 18.868232], [94.138194, 18.860093], [94.133556, 18.846503], [94.133311, 18.831855], [94.135102, 18.820461], [94.11964, 18.816636], [94.098399, 18.821723], [94.078461, 18.833075], [94.066905, 18.848334], [94.05714, 18.843736], [94.053233, 18.840888], [94.038097, 18.859117], [94.032074, 18.888577], [94.036632, 18.918036], [94.053233, 18.93651], [94.040375, 18.971177], [94.039073, 18.984931], [94.041189, 18.997626], [94.051036, 19.014594], [94.053233, 19.022162], [94.063487, 19.040188], [94.066091, 19.042873], [94.064464, 19.049384], [94.061697, 19.057074], [94.060069, 19.063707], [94.086925, 19.080512], [94.094249, 19.087348], [94.080089, 19.087348], [94.056651, 19.080959], [94.04656, 19.081122], [94.030528, 19.087958], [94.029063, 19.095404], [94.034434, 19.105862], [94.039073, 19.122056], [94.037852, 19.13227], [94.031912, 19.153998], [94.032725, 19.169257], [94.037364, 19.181871], [94.050548, 19.208319], [94.053233, 19.221381], [94.045909, 19.304674], [94.049978, 19.320705], [94.059906, 19.329901], [94.069672, 19.350898], [94.073904, 19.373847], [94.066905, 19.388983], [94.056977, 19.363349], [94.03061, 19.315904], [94.025238, 19.286566], [94.033214, 19.235093], [94.033376, 19.204535], [94.022227, 19.190985], [94.010427, 19.179999], [93.994395, 19.159084], [93.973481, 19.146308], [93.947113, 19.159654], [93.942638, 19.169908], [93.941173, 19.194973], [93.937266, 19.204657], [93.925466, 19.210273], [93.916026, 19.203925], [93.910411, 19.190985], [93.909923, 19.176703], [93.914887, 19.169582], [93.947113, 19.139146], [93.955414, 19.126899], [93.955577, 19.118313], [93.952403, 19.109849], [93.950206, 19.098212], [93.952485, 19.03205], [93.957774, 19.012193], [93.964529, 19.001044], [93.981212, 18.980658], [93.984386, 18.967841], [93.983409, 18.956692], [93.978689, 18.941596], [93.97755, 18.933417], [93.973888, 18.922797], [93.950206, 18.895494], [93.947927, 18.894232], [93.939301, 18.89053], [93.937266, 18.88935], [93.937185, 18.883775], [93.939138, 18.876207], [93.941905, 18.869859], [93.944102, 18.868232], [93.930431, 18.858629], [93.920258, 18.867377], [93.9074, 18.881781], [93.865733, 18.895494], [93.813731, 18.943996], [93.793956, 18.953925], [93.750255, 18.970404], [93.73463, 18.981187], [93.726736, 18.991767], [93.721202, 19.001288], [93.714854, 19.010199], [93.703868, 19.018459], [93.693533, 19.020575], [93.686046, 19.018215], [93.678884, 19.019599], [93.669688, 19.032701], [93.667735, 19.043931], [93.670909, 19.066881], [93.66627, 19.077379], [93.660411, 19.085761], [93.65504, 19.097073], [93.65089, 19.108791], [93.649181, 19.118638], [93.642345, 19.134223], [93.607432, 19.162258], [93.594005, 19.176703], [93.567149, 19.231106], [93.556407, 19.238186], [93.497813, 19.31391], [93.487071, 19.333726], [93.483246, 19.350653], [93.484141, 19.392727], [93.490896, 19.40762], [93.507823, 19.422593], [93.530121, 19.432074], [93.552989, 19.430569], [93.560395, 19.423814], [93.563813, 19.41474], [93.568044, 19.406724], [93.577159, 19.403266], [93.611339, 19.403266], [93.631114, 19.372301], [93.636974, 19.349066], [93.621349, 19.334377], [93.665294, 19.305609], [93.687511, 19.296698], [93.71754, 19.293402], [93.722911, 19.268459], [93.754649, 19.247138], [93.796886, 19.235175], [93.834239, 19.238186], [93.865489, 19.254096], [93.929942, 19.29975], [93.950206, 19.320705], [93.950938, 19.325263], [93.949067, 19.337592], [93.950206, 19.341783], [93.953136, 19.343451], [93.961436, 19.346137], [93.963878, 19.348049], [93.980968, 19.37226], [93.987315, 19.386705], [93.988048, 19.404934], [93.984386, 19.437445], [93.990245, 19.449652], [93.991059, 19.45718], [93.984386, 19.464057], [93.978363, 19.463772], [93.947113, 19.457913], [93.923839, 19.462388], [93.914561, 19.472805], [93.9192, 19.48428], [93.937266, 19.492011], [93.926768, 19.497016], [93.916026, 19.498928], [93.892426, 19.498847], [93.882091, 19.501899], [93.855235, 19.526801], [93.814708, 19.553046], [93.794444, 19.571234], [93.785655, 19.591295], [93.777192, 19.603095], [93.739594, 19.617499], [93.731212, 19.632554], [93.738455, 19.651353], [93.756114, 19.661078], [93.778656, 19.662502], [93.800059, 19.65648], [93.794444, 19.67357], [93.802501, 19.68887], [93.816173, 19.703355], [93.827403, 19.718573], [93.813162, 19.739488], [93.806814, 19.745836], [93.799164, 19.717719], [93.783865, 19.691107], [93.761078, 19.674872], [93.731212, 19.677639], [93.720958, 19.685289], [93.713145, 19.697659], [93.709483, 19.713528], [93.711274, 19.731635], [93.718761, 19.743598], [93.741873, 19.754055], [93.751638, 19.765692], [93.721934, 19.768988], [93.708832, 19.753811], [93.702485, 19.734361], [93.693533, 19.724799], [93.648448, 19.725165], [93.636241, 19.735012], [93.635509, 19.759508], [93.623302, 19.733588], [93.615571, 19.723863], [93.60141, 19.718573], [93.60141, 19.783433], [93.606456, 19.796129], [93.660655, 19.870836], [93.679942, 19.883368], [93.703949, 19.885199], [93.738048, 19.882473], [93.72877, 19.893785], [93.725597, 19.905585], [93.730479, 19.914293], [93.745372, 19.916571], [93.740001, 19.925116], [93.733653, 19.932115], [93.726248, 19.936591], [93.71754, 19.93769], [93.711681, 19.933824], [93.711599, 19.919664], [93.70753, 19.916571], [93.656505, 19.916205], [93.645518, 19.913479], [93.638194, 19.910305], [93.629161, 19.909491], [93.611339, 19.910346], [93.608409, 19.906643], [93.600841, 19.888577], [93.594005, 19.882473], [93.58074, 19.881334], [93.566742, 19.885932], [93.554698, 19.893866], [93.546723, 19.902899], [93.551606, 19.905748], [93.559581, 19.912909], [93.565929, 19.916571], [93.529063, 19.93008], [93.518321, 19.939602], [93.531912, 19.951361], [93.5171, 19.958564], [93.511974, 19.970445], [93.516856, 19.981187], [93.531912, 19.984849], [93.529552, 19.992174], [93.525645, 19.999172], [93.513682, 19.993069], [93.503429, 19.986274], [93.49586, 19.977362], [93.492198, 19.964993], [93.487315, 19.970201], [93.475434, 19.97956], [93.47047, 19.984849], [93.463227, 19.961819], [93.457042, 19.95425], [93.446544, 19.951361], [93.435313, 19.95539], [93.423188, 19.965318], [93.413585, 19.977525], [93.409679, 19.988593], [93.40447, 20.012926], [93.383962, 20.064399], [93.382335, 20.088528], [93.374848, 20.088528], [93.374522, 20.050605], [93.372081, 20.030829], [93.361827, 20.026435], [93.355968, 20.038398], [93.340668, 20.1022], [93.333832, 20.1022], [93.326508, 20.081285], [93.312755, 20.065375], [93.293956, 20.054185], [93.272472, 20.047512], [93.24464, 20.049872], [93.21518, 20.059312], [93.190278, 20.064439], [93.17628, 20.053697], [93.161388, 20.060614], [93.147472, 20.070014], [93.136078, 20.081529], [93.128429, 20.094672], [93.129893, 20.0751], [93.136729, 20.059231], [93.155772, 20.026435], [93.17628, 19.957506], [93.23585, 19.847235], [93.238292, 19.82099], [93.217621, 19.837104], [93.201427, 19.862779], [93.17628, 19.916571], [93.160655, 19.966254], [93.148123, 19.99433], [93.131521, 20.006578], [93.109141, 19.993801], [93.102061, 19.964097], [93.10613, 19.93065], [93.12436, 19.893866], [93.129893, 19.862372], [93.134532, 19.848293], [93.147309, 19.833035], [93.151134, 19.830146], [93.155772, 19.827826], [93.158946, 19.823676], [93.168956, 19.809394], [93.168793, 19.807318], [93.149181, 19.828925], [93.139415, 19.831692], [93.134532, 19.834052], [93.125011, 19.846666], [93.112641, 19.874335], [93.059418, 19.951117], [93.052745, 19.968411], [93.048676, 19.994818], [93.038422, 20.012926], [93.011729, 20.040107], [92.991547, 20.067532], [92.980724, 20.077948], [92.975922, 20.087836], [92.974132, 20.117255], [92.970225, 20.129462], [92.988292, 20.124986], [93.042491, 20.129462], [93.054454, 20.134752], [93.064708, 20.147121], [93.080089, 20.170478], [93.082693, 20.165025], [93.084972, 20.161119], [93.086681, 20.156806], [93.086925, 20.14997], [93.094249, 20.14997], [93.115489, 20.202623], [93.120942, 20.211982], [93.120942, 20.218207], [93.089203, 20.210354], [93.047374, 20.167955], [93.018565, 20.14997], [92.990489, 20.154934], [92.987478, 20.186672], [93.001231, 20.239325], [93.018809, 20.256496], [93.04127, 20.332017], [93.056163, 20.349189], [93.080821, 20.358547], [93.091319, 20.381008], [93.100434, 20.431098], [93.081879, 20.416978], [93.07252, 20.376614], [93.059581, 20.36225], [93.043224, 20.364936], [93.03419, 20.384223], [93.031016, 20.409654], [93.032237, 20.431098], [93.070567, 20.496161], [93.085623, 20.532945], [93.073253, 20.554633], [93.068696, 20.535712], [93.060313, 20.513373], [93.049083, 20.491767], [93.035655, 20.475165], [93.022634, 20.452541], [93.02003, 20.424018], [93.024913, 20.368476], [93.016287, 20.324856], [92.994802, 20.286607], [92.936046, 20.211982], [92.898448, 20.135688], [92.89503, 20.133246], [92.889415, 20.127997], [92.880544, 20.123196], [92.867686, 20.122016], [92.860362, 20.124945], [92.855235, 20.130601], [92.84669, 20.143134], [92.78297, 20.189846], [92.772146, 20.201483], [92.773611, 20.216742], [92.778168, 20.231635], [92.786632, 20.245917], [92.79949, 20.259182], [92.864024, 20.300767], [92.901215, 20.308051], [92.942882, 20.321234], [92.93393, 20.325914], [92.925304, 20.327826], [92.905284, 20.32807], [92.893321, 20.329535], [92.889659, 20.333645], [92.887706, 20.340277], [92.880707, 20.349189], [92.856619, 20.367621], [92.846934, 20.377346], [92.840505, 20.390123], [92.831554, 20.478949], [92.826915, 20.495063], [92.815278, 20.504706], [92.792654, 20.506252], [92.79656, 20.483832], [92.78533, 20.462958], [92.769298, 20.455064], [92.758556, 20.472113], [92.773448, 20.477281], [92.778982, 20.478258], [92.750987, 20.498521], [92.74171, 20.529283], [92.736583, 20.563137], [92.720714, 20.592231], [92.699555, 20.619534], [92.662852, 20.679185], [92.63502, 20.697984], [92.659434, 20.652818], [92.704438, 20.589057], [92.708263, 20.578681], [92.71697, 20.499986], [92.737478, 20.44477], [92.738455, 20.428371], [92.731212, 20.382717], [92.739268, 20.27969], [92.731212, 20.259182], [92.723888, 20.27143], [92.706309, 20.292914], [92.697113, 20.308254], [92.653168, 20.41828], [92.632579, 20.446601], [92.539887, 20.527533], [92.529145, 20.543402], [92.52003, 20.589667], [92.507009, 20.60928], [92.470551, 20.643378], [92.463227, 20.653876], [92.459646, 20.662584], [92.453624, 20.668524], [92.43922, 20.670722], [92.428966, 20.673896], [92.408458, 20.687974], [92.398204, 20.691148], [92.381114, 20.700141], [92.37086, 20.72134], [92.360688, 20.766913], [92.305431, 20.917711], [92.288097, 20.94359], [92.281016, 20.959418], [92.270518, 21.049018], [92.265147, 21.061103], [92.258556, 21.022528], [92.257091, 20.981106], [92.261485, 20.940253], [92.271983, 20.90351], [92.300629, 20.862372], [92.305431, 20.851955], [92.307628, 20.833197], [92.325938, 20.780585], [92.333263, 20.767727], [92.336274, 20.757148], [92.333995, 20.746405], [92.325531, 20.738715], [92.319347, 20.742011], [92.31422, 20.749254], [92.309093, 20.753241], [92.301036, 20.762274], [92.278087, 20.814114], [92.209727, 20.930813], [92.192882, 20.995673], [92.18629, 21.005845], [92.134125, 21.047512], [92.12436, 21.060452], [92.108084, 21.089911], [92.096853, 21.105862], [92.052501, 21.154771], [92.045421, 21.170966], [92.043956, 21.192043], [92.052257, 21.256659], [92.050466, 21.280463], [92.045258, 21.299547], [91.989757, 21.394232], [91.980479, 21.403754], [91.969412, 21.409613], [91.959727, 21.423977], [91.952973, 21.44184], [91.949718, 21.458401], [91.955903, 21.458401], [91.958018, 21.455024], [91.958832, 21.454413], [91.960134, 21.45425], [91.96339, 21.452135], [91.970876, 21.470038], [91.982921, 21.488837], [91.999034, 21.499498], [92.017914, 21.493109], [92.005382, 21.504299], [91.995372, 21.52261], [91.989757, 21.543402], [91.990001, 21.561998], [91.998546, 21.573188], [92.012462, 21.585395], [92.022146, 21.599351], [92.017914, 21.616034], [92.03297, 21.633002], [92.035818, 21.640448], [92.031749, 21.650133], [92.037771, 21.659573], [92.035899, 21.668158], [92.028575, 21.674791], [92.022797, 21.676825], [92.025564, 21.687242], [92.029307, 21.696234], [92.029307, 21.704901], [92.025401, 21.712836], [92.023936, 21.704657], [92.022146, 21.701565], [92.017914, 21.698554], [92.025401, 21.698554], [92.01238, 21.664211], [92.000743, 21.649807], [91.983897, 21.650133], [91.976085, 21.662055], [91.978852, 21.67772], [91.984223, 21.693508], [91.983897, 21.70539], [91.977061, 21.70539], [91.971934, 21.688218], [91.962657, 21.689521], [91.953624, 21.701402], [91.949718, 21.715969], [91.952973, 21.738349], [91.961925, 21.743842], [91.974783, 21.746487], [91.990001, 21.759996], [91.983897, 21.766832], [91.967296, 21.755439], [91.960297, 21.763821], [91.966563, 21.778876], [91.990001, 21.787909], [91.990001, 21.794827], [91.943696, 21.791409], [91.924083, 21.785224], [91.908702, 21.781155], [91.899262, 21.789496], [91.90089, 21.8133], [91.911388, 21.834703], [91.929373, 21.843166], [91.921641, 21.85342], [91.925548, 21.86286], [91.93629, 21.870836], [91.949718, 21.876695], [91.949718, 21.884182], [91.93922, 21.883043], [91.929942, 21.878648], [91.92213, 21.871568], [91.915701, 21.862454], [91.91033, 21.874905], [91.90561, 21.895575], [91.901215, 21.93537], [91.898204, 21.944892], [91.884044, 21.96015], [91.88087, 21.969184], [91.88087, 22.007025], [91.855235, 22.109198], [91.853526, 22.143622], [91.863943, 22.139594], [91.867198, 22.137397], [91.862071, 22.150621], [91.853282, 22.148749], [91.846039, 22.135972], [91.846039, 22.116889], [91.839854, 22.116889], [91.829112, 22.134101], [91.819347, 22.155951], [91.812999, 22.180325], [91.812022, 22.205024], [91.816905, 22.220282], [91.825857, 22.230048], [91.834727, 22.237616], [91.839854, 22.246649], [91.83839, 22.263088], [91.829845, 22.271308], [91.819184, 22.275824], [91.812022, 22.281399], [91.808849, 22.306342], [91.826508, 22.318264], [91.852387, 22.325344], [91.874034, 22.336005], [91.884939, 22.353827], [91.908051, 22.42475], [91.901866, 22.424058], [91.887706, 22.42475], [91.885509, 22.409654], [91.875743, 22.37108], [91.877452, 22.363349], [91.870453, 22.3581], [91.859141, 22.346625], [91.844005, 22.334947], [91.826345, 22.329169], [91.823253, 22.324164], [91.798595, 22.311916], [91.791352, 22.301907], [91.793956, 22.286038], [91.804535, 22.278469], [91.817231, 22.274075], [91.826345, 22.267768], [91.825938, 22.248481], [91.80893, 22.236274], [91.78712, 22.237942], [91.771658, 22.260321], [91.754405, 22.374661], [91.743663, 22.411078], [91.676036, 22.534613], [91.548106, 22.700344], [91.516368, 22.712226], [91.498709, 22.727281], [91.48463, 22.74551], [91.476817, 22.761176], [91.469005, 22.757066], [91.462413, 22.761908], [91.458018, 22.772284], [91.456309, 22.784817], [91.458344, 22.797065], [91.467784, 22.809312], [91.473969, 22.838324], [91.490001, 22.880561], [91.490489, 22.904527], [91.483084, 22.904527], [91.479666, 22.885891], [91.462413, 22.833441], [91.452485, 22.822659], [91.430431, 22.816311], [91.416759, 22.799994], [91.411632, 22.777818], [91.414724, 22.75373], [91.399669, 22.764309], [91.38502, 22.770697], [91.368337, 22.773993], [91.346446, 22.774848], [91.346446, 22.767401], [91.367442, 22.761664], [91.370128, 22.752183], [91.360118, 22.743394], [91.342621, 22.739447], [91.290782, 22.73843], [91.308849, 22.7331], [91.325043, 22.726142], [91.332774, 22.720201], [91.329926, 22.705715], [91.317393, 22.697211], [91.300548, 22.693264], [91.284434, 22.692288], [91.283458, 22.693345], [91.252778, 22.699286], [91.248383, 22.698228], [91.244802, 22.698391], [91.243419, 22.702216], [91.243907, 22.717434], [91.243419, 22.720201], [91.231212, 22.724311], [91.216075, 22.72606], [91.181895, 22.726467], [91.181895, 22.720201], [91.194591, 22.709662], [91.199229, 22.698798], [91.192149, 22.691636], [91.168956, 22.692288], [91.168956, 22.684882], [91.226899, 22.671088], [91.253429, 22.660712], [91.264496, 22.640815], [91.261078, 22.627875], [91.253103, 22.613837], [91.241569, 22.575396], [91.221365, 22.557193], [91.202743, 22.54322], [91.176566, 22.536419], [91.127343, 22.527026], [91.089201, 22.54443], [91.06958, 22.571557], [91.058604, 22.614325], [91.048676, 22.626166], [91.037934, 22.643866], [91.026703, 22.674262], [91.018321, 22.683092], [91.003754, 22.678656], [91.018728, 22.664455], [91.032237, 22.636868], [91.040212, 22.607733], [91.037934, 22.588609], [91.017589, 22.579291], [90.985118, 22.574368], [90.954926, 22.575832], [90.941742, 22.585883], [90.935557, 22.599677], [90.908214, 22.617865], [90.902029, 22.627102], [90.898774, 22.636176], [90.884125, 22.654486], [90.876475, 22.682807], [90.865489, 22.687161], [90.835948, 22.684882], [90.831309, 22.690579], [90.819509, 22.726467], [90.811778, 22.732367], [90.802582, 22.736396], [90.794932, 22.74136], [90.788341, 22.759223], [90.774181, 22.778062], [90.771007, 22.784817], [90.769542, 22.795356], [90.757335, 22.822659], [90.750011, 22.856757], [90.741954, 22.874213], [90.732921, 22.889065], [90.725597, 22.905707], [90.722667, 22.928453], [90.717459, 22.940619], [90.640147, 23.038031], [90.629405, 23.064399], [90.627126, 23.075873], [90.627208, 23.086656], [90.638682, 23.147895], [90.640147, 23.18887], [90.645844, 23.210924], [90.657074, 23.230373], [90.665212, 23.248765], [90.661143, 23.267646], [90.667328, 23.267646], [90.65089, 23.300238], [90.650157, 23.313544], [90.661143, 23.322252], [90.657725, 23.323228], [90.654796, 23.32331], [90.653168, 23.324652], [90.653656, 23.329739], [90.628429, 23.321519], [90.611339, 23.342475], [90.601736, 23.372463], [90.599132, 23.391181], [90.600271, 23.449937], [90.608735, 23.472724], [90.633311, 23.486762], [90.69158, 23.486477], [90.715017, 23.498358], [90.715831, 23.535142], [90.711192, 23.548814], [90.705577, 23.554511], [90.695811, 23.555487], [90.678233, 23.55508], [90.675466, 23.55093], [90.684337, 23.541734], [90.702159, 23.528388], [90.695323, 23.50788], [90.677745, 23.517279], [90.666759, 23.518215], [90.647472, 23.50788], [90.622081, 23.500067], [90.607758, 23.491116], [90.603363, 23.494696], [90.588145, 23.534166], [90.592052, 23.562486], [90.608165, 23.585761], [90.633311, 23.596625], [90.627126, 23.603461], [90.625336, 23.599351], [90.625255, 23.598334], [90.624034, 23.59809], [90.61964, 23.596625], [90.61199, 23.606106], [90.59547, 23.604397], [90.558767, 23.590399], [90.564464, 23.576402], [90.559418, 23.567939], [90.547211, 23.563788], [90.531505, 23.562486], [90.514659, 23.563788], [90.50172, 23.567939], [90.476329, 23.582953], [90.484386, 23.56745], [90.498383, 23.557278], [90.514985, 23.551418], [90.531505, 23.548814], [90.568696, 23.547512], [90.576834, 23.539496], [90.578949, 23.449856], [90.575938, 23.438951], [90.568126, 23.432929], [90.559906, 23.418402], [90.553722, 23.400702], [90.551931, 23.384955], [90.518321, 23.398261], [90.322439, 23.433295], [90.284434, 23.446194], [90.250336, 23.466946], [90.24936, 23.45539], [90.2588, 23.444566], [90.38852, 23.372382], [90.404145, 23.360419], [90.413422, 23.347968], [90.419688, 23.335598], [90.428477, 23.326117], [90.460216, 23.319729], [90.487966, 23.30683], [90.503591, 23.301744], [90.569102, 23.294989], [90.577322, 23.288398], [90.606619, 23.247219], [90.61085, 23.23078], [90.614513, 23.195461], [90.610362, 23.201158], [90.602712, 23.211005], [90.593516, 23.219875], [90.598399, 23.200426], [90.602875, 23.141303], [90.599132, 23.117499], [90.571951, 23.081732], [90.565603, 23.075873], [90.553722, 23.078559], [90.55128, 23.0869], [90.555919, 23.096829], [90.565603, 23.103827], [90.565603, 23.110663], [90.558767, 23.110663], [90.547618, 23.096747], [90.536632, 23.086819], [90.522797, 23.080146], [90.503591, 23.075873], [90.466075, 23.07685], [90.453624, 23.072333], [90.448904, 23.055732], [90.450125, 23.049343], [90.454356, 23.027533], [90.468272, 22.99608], [90.48699, 22.966132], [90.507009, 22.942084], [90.509288, 22.936998], [90.507579, 22.92536], [90.510427, 22.918199], [90.51295, 22.91706], [90.516856, 22.916815], [90.521007, 22.915676], [90.524099, 22.912014], [90.535981, 22.903388], [90.54005, 22.896552], [90.534923, 22.887152], [90.52003, 22.880194], [90.505138, 22.881659], [90.490489, 22.885199], [90.476329, 22.884101], [90.457205, 22.861762], [90.44809, 22.828437], [90.436046, 22.800605], [90.40797, 22.794664], [90.424001, 22.781684], [90.419932, 22.768256], [90.406423, 22.763088], [90.394298, 22.774848], [90.372569, 22.76142], [90.387218, 22.751288], [90.415782, 22.742499], [90.435232, 22.733303], [90.444591, 22.751654], [90.461681, 22.748847], [90.479015, 22.735012], [90.489919, 22.720201], [90.492931, 22.709906], [90.496755, 22.678656], [90.508962, 22.64643], [90.512706, 22.611477], [90.51002, 22.604234], [90.500173, 22.592353], [90.491384, 22.587836], [90.468598, 22.584703], [90.459239, 22.579291], [90.453461, 22.564195], [90.442149, 22.508734], [90.442068, 22.493638], [90.444998, 22.504136], [90.451182, 22.510159], [90.458018, 22.514635], [90.462657, 22.520982], [90.463552, 22.53144], [90.46046, 22.551174], [90.462657, 22.561957], [90.472504, 22.575588], [90.487315, 22.583726], [90.505138, 22.586249], [90.524099, 22.583075], [90.559744, 22.562323], [90.57781, 22.533677], [90.589692, 22.500434], [90.606619, 22.465766], [90.591319, 22.470526], [90.586192, 22.473212], [90.586436, 22.450588], [90.593598, 22.432318], [90.613455, 22.396877], [90.618419, 22.376654], [90.619314, 22.355902], [90.613455, 22.314887], [90.581554, 22.238227], [90.557953, 22.203355], [90.538341, 22.198879], [90.511729, 22.185289], [90.50115, 22.176703], [90.496755, 22.167792], [90.494395, 22.154242], [90.488292, 22.138617], [90.459646, 22.091946], [90.450043, 22.080797], [90.43865, 22.075995], [90.425466, 22.078843], [90.408458, 22.085924], [90.393809, 22.094713], [90.387462, 22.102607], [90.39324, 22.127387], [90.417491, 22.175035], [90.421641, 22.198879], [90.410004, 22.227281], [90.40797, 22.240424], [90.414073, 22.271796], [90.410899, 22.284247], [90.394298, 22.288235], [90.398692, 22.267483], [90.388682, 22.223212], [90.39088, 22.208808], [90.399099, 22.202216], [90.405528, 22.19953], [90.410492, 22.195705], [90.414236, 22.185777], [90.412852, 22.178046], [90.408214, 22.17121], [90.400564, 22.164049], [90.399181, 22.16234], [90.397146, 22.160631], [90.395193, 22.157213], [90.392589, 22.143012], [90.388682, 22.143459], [90.3838, 22.145738], [90.380056, 22.143622], [90.377126, 22.133612], [90.37379, 22.102607], [90.369884, 22.08983], [90.365733, 22.081204], [90.347423, 22.055325], [90.334727, 22.041815], [90.332205, 22.038072], [90.327891, 22.020494], [90.308604, 21.984036], [90.304373, 21.965766], [90.299978, 21.92768], [90.290701, 21.890326], [90.282888, 21.870795], [90.272716, 21.857408], [90.217621, 21.813463], [90.203787, 21.804592], [90.184825, 21.800971], [90.164399, 21.804267], [90.126801, 21.818793], [90.10906, 21.822089], [90.092947, 21.830268], [90.088552, 21.846747], [90.095388, 21.859442], [90.112478, 21.856269], [90.104991, 21.870266], [90.11085, 21.880113], [90.12086, 21.889309], [90.126231, 21.90119], [90.124522, 21.909735], [90.121837, 21.915351], [90.121349, 21.921576], [90.126231, 21.931952], [90.116222, 21.919338], [90.098481, 21.878607], [90.088878, 21.869859], [90.079356, 21.866929], [90.066905, 21.85342], [90.057872, 21.849351], [90.049327, 21.85102], [90.036306, 21.861151], [90.024425, 21.862454], [90.031261, 21.889228], [90.033946, 21.943549], [90.044932, 21.966132], [90.05421, 21.973375], [90.065766, 21.979885], [90.077159, 21.987982], [90.085785, 22.00023], [90.090587, 22.015448], [90.09254, 22.027981], [90.095958, 22.040107], [90.105642, 22.054267], [90.146739, 22.089016], [90.151622, 22.094875], [90.158865, 22.10692], [90.164073, 22.113227], [90.172862, 22.117011], [90.181814, 22.114814], [90.189708, 22.110826], [90.195079, 22.109524], [90.216156, 22.123236], [90.2317, 22.145657], [90.239106, 22.172268], [90.236095, 22.198879], [90.218272, 22.155707], [90.205821, 22.132961], [90.191661, 22.123114], [90.164806, 22.119818], [90.148285, 22.110785], [90.088878, 22.051174], [90.081798, 22.041002], [90.073741, 22.019232], [90.061046, 22.0008], [90.057953, 21.99372], [90.052419, 21.989], [90.038097, 21.986558], [90.028168, 21.988105], [89.996349, 22.00023], [90.002126, 22.014106], [90.003184, 22.029364], [90.010753, 22.041205], [90.020193, 22.048814], [90.028982, 22.052965], [90.035411, 22.059801], [90.038097, 22.075344], [90.034679, 22.10517], [90.039073, 22.116278], [90.042735, 22.131252], [90.052094, 22.141099], [90.063243, 22.145738], [90.072602, 22.152045], [90.07838, 22.164049], [90.052582, 22.155463], [90.04005, 22.138088], [90.024425, 22.089016], [90.015391, 22.077867], [89.988536, 22.053046], [89.982758, 22.044623], [89.985199, 21.999416], [89.982758, 21.986558], [89.967784, 21.974555], [89.949718, 21.980902], [89.934418, 21.997707], [89.928233, 22.017279], [89.92628, 22.027167], [89.917491, 22.049872], [89.914561, 22.061672], [89.912364, 22.135565], [89.903087, 22.176907], [89.90089, 22.201972], [89.898285, 22.211656], [89.885509, 22.230618], [89.880382, 22.240424], [89.876638, 22.253485], [89.875336, 22.263983], [89.876801, 22.274726], [89.880382, 22.288235], [89.900157, 22.33393], [89.982758, 22.445258], [89.988292, 22.45775], [89.991954, 22.469875], [89.997895, 22.480862], [90.010102, 22.49022], [89.982758, 22.473212], [89.979503, 22.470079], [89.947439, 22.439683], [89.933604, 22.423529], [89.928233, 22.407701], [89.920421, 22.391832], [89.903087, 22.39643], [89.872895, 22.418606], [89.874848, 22.39765], [89.880544, 22.380601], [89.884125, 22.363511], [89.880382, 22.342231], [89.838715, 22.267768], [89.850841, 22.246527], [89.861339, 22.211005], [89.872895, 22.143622], [89.874278, 22.108832], [89.871349, 22.091864], [89.862966, 22.079047], [89.846202, 22.070624], [89.831554, 22.071967], [89.816173, 22.075995], [89.797211, 22.075995], [89.797211, 22.068508], [89.81837, 22.060045], [89.835948, 22.049465], [89.847911, 22.033881], [89.852387, 22.010443], [89.851085, 22.000881], [89.845958, 21.982896], [89.846202, 21.972317], [89.850271, 21.963121], [89.86378, 21.943305], [89.871837, 21.924262], [89.881602, 21.912991], [89.887218, 21.900092], [89.880382, 21.884182], [89.87322, 21.881578], [89.850922, 21.877509], [89.825206, 21.856269], [89.819591, 21.849555], [89.817638, 21.844916], [89.81422, 21.840806], [89.804698, 21.835761], [89.786388, 21.828925], [89.775727, 21.827582], [89.771169, 21.832343], [89.76588, 21.846747], [89.753429, 21.843899], [89.738455, 21.834418], [89.725841, 21.828925], [89.709158, 21.830064], [89.69044, 21.833726], [89.67335, 21.840074], [89.661306, 21.849351], [89.656912, 21.857123], [89.653168, 21.867743], [89.652599, 21.878852], [89.663341, 21.896308], [89.661306, 21.905829], [89.646983, 21.925116], [89.618988, 21.869859], [89.630382, 21.851467], [89.64975, 21.826361], [89.672048, 21.804267], [89.692068, 21.794827], [89.700694, 21.784857], [89.689952, 21.765204], [89.668224, 21.750881], [89.643565, 21.756903], [89.631521, 21.764065], [89.620372, 21.76435], [89.59547, 21.759996], [89.592784, 21.754381], [89.60377, 21.727688], [89.605968, 21.719062], [89.586925, 21.700832], [89.565684, 21.713365], [89.53712, 21.753811], [89.53891, 21.77147], [89.527354, 21.812812], [89.530284, 21.835761], [89.538341, 21.848619], [89.556895, 21.868801], [89.564464, 21.884182], [89.567638, 21.900702], [89.563487, 21.973131], [89.5713, 22.031236], [89.576671, 22.051703], [89.600597, 22.091254], [89.605968, 22.113227], [89.60255, 22.134508], [89.593761, 22.155422], [89.581391, 22.174058], [89.567882, 22.18891], [89.567231, 22.202826], [89.597911, 22.240302], [89.605968, 22.256903], [89.607107, 22.278266], [89.610606, 22.298896], [89.616954, 22.318427], [89.626475, 22.336005], [89.615489, 22.328274], [89.606212, 22.315619], [89.592459, 22.288235], [89.580821, 22.277248], [89.577159, 22.2685], [89.586192, 22.245429], [89.580333, 22.236762], [89.561046, 22.22309], [89.549164, 22.205268], [89.550304, 22.192125], [89.5713, 22.157904], [89.576345, 22.145494], [89.578787, 22.135891], [89.579356, 22.113227], [89.576996, 22.101264], [89.566742, 22.082099], [89.564464, 22.072211], [89.556488, 22.00845], [89.551443, 21.994045], [89.532888, 21.984687], [89.52475, 22.000149], [89.523448, 22.044623], [89.526134, 22.055121], [89.536469, 22.075832], [89.53712, 22.089016], [89.492035, 22.188381], [89.489431, 22.208808], [89.494151, 22.253567], [89.493012, 22.273505], [89.483165, 22.295071], [89.475759, 22.295071], [89.467459, 22.22899], [89.475759, 22.102607], [89.483165, 22.102607], [89.48406, 22.116685], [89.48878, 22.129584], [89.494151, 22.136868], [89.496837, 22.133979], [89.49822, 22.125312], [89.50172, 22.113105], [89.506847, 22.10102], [89.51295, 22.092434], [89.518321, 22.081], [89.517426, 22.066474], [89.509125, 22.041205], [89.504161, 22.036689], [89.491873, 22.034573], [89.489431, 22.031236], [89.490408, 22.023993], [89.492686, 22.019192], [89.496837, 22.013861], [89.500499, 22.00259], [89.512706, 21.978095], [89.52003, 21.969184], [89.521821, 21.962307], [89.512543, 21.909125], [89.502289, 21.897528], [89.489106, 21.888373], [89.475759, 21.876695], [89.46461, 21.859198], [89.463634, 21.845038], [89.467052, 21.828599], [89.469493, 21.804389], [89.465831, 21.781317], [89.456228, 21.762397], [89.442719, 21.746649], [89.406423, 21.717353], [89.395193, 21.716376], [89.36964, 21.743313], [89.364268, 21.758205], [89.362804, 21.78384], [89.365896, 21.828925], [89.371267, 21.847154], [89.384288, 21.877834], [89.386974, 21.90119], [89.38266, 21.921332], [89.364024, 21.955064], [89.35963, 21.972317], [89.352224, 21.972317], [89.345958, 21.957017], [89.348806, 21.944159], [89.355235, 21.931627], [89.35963, 21.91767], [89.35963, 21.901679], [89.355968, 21.892524], [89.339122, 21.876695], [89.328868, 21.864651], [89.322602, 21.854641], [89.306163, 21.817613], [89.30128, 21.809394], [89.296235, 21.809068], [89.290701, 21.822089], [89.283946, 21.822089], [89.284434, 21.79682], [89.294688, 21.757799], [89.290701, 21.733344], [89.273692, 21.698798], [89.276622, 21.687567], [89.297537, 21.678127], [89.285899, 21.665595], [89.268728, 21.653998], [89.248709, 21.645901], [89.229259, 21.643948], [89.21046, 21.65412], [89.204438, 21.672675], [89.208263, 21.690619], [89.218598, 21.698554], [89.220714, 21.709418], [89.189708, 21.791246], [89.188243, 21.799709], [89.187673, 21.81151], [89.18336, 21.815619], [89.174083, 21.810045], [89.164561, 21.800198], [89.160411, 21.791327], [89.154552, 21.786851], [89.141287, 21.790229], [89.119395, 21.800971], [89.10906, 21.809516], [89.104666, 21.815863], [89.079926, 21.897406], [89.07781, 21.914252], [89.080414, 21.934882], [89.091075, 21.976793], [89.091482, 22.00023], [89.084239, 22.021186], [89.062022, 22.049506], [89.057384, 22.06509], [89.063487, 22.111029], [89.060395, 22.129869], [89.060313, 22.130601], [89.043712, 22.137397], [89.048595, 22.122952], [89.045665, 22.112047], [89.039887, 22.100898], [89.036876, 22.085598], [89.04005, 22.069525], [89.054047, 22.043647], [89.057384, 22.031236], [89.065603, 21.967108], [89.060883, 21.938463], [89.036876, 21.925116], [89.023123, 21.931098], [89.013031, 21.929429], [89.008067, 21.920559], [89.009532, 21.904608], [88.993012, 21.912665], [88.96046, 21.934312], [88.944672, 21.938788], [88.937836, 21.948717], [88.934581, 21.969306], [88.928722, 21.986558], [88.91391, 21.986558], [88.90504, 21.969428], [88.910818, 21.946479], [88.924083, 21.926337], [88.937836, 21.91767], [88.951915, 21.913886], [88.968272, 21.904731], [88.99586, 21.884182], [89.01588, 21.853339], [89.030935, 21.770453], [89.043712, 21.733344], [89.047862, 21.728013], [89.067882, 21.709133], [89.082774, 21.678209], [89.085216, 21.674709], [89.088227, 21.633734], [89.082693, 21.617336], [89.06422, 21.609198], [89.053233, 21.609809], [89.044688, 21.613511], [89.038829, 21.619452], [89.036876, 21.626899], [89.033946, 21.633246], [89.027599, 21.624579], [89.021658, 21.611802], [89.019786, 21.606106], [89.000255, 21.60342], [88.975759, 21.615912], [88.933849, 21.643948], [88.896983, 21.650133], [88.891612, 21.65351], [88.886078, 21.661811], [88.881602, 21.672024], [88.872081, 21.74901], [88.866059, 21.766832], [88.858653, 21.766832], [88.855724, 21.748847], [88.841563, 21.716254], [88.838227, 21.701972], [88.842947, 21.684149], [88.859874, 21.652574], [88.858653, 21.636542], [88.844249, 21.622219], [88.823985, 21.617255], [88.805837, 21.62287], [88.797862, 21.640204], [88.814789, 21.653876], [88.81837, 21.65762], [88.818533, 21.665839], [88.816661, 21.675035], [88.810883, 21.691718], [88.804942, 21.671861], [88.800466, 21.661851], [88.7942, 21.65762], [88.784028, 21.655951], [88.779063, 21.65119], [88.77711, 21.643541], [88.776866, 21.63345], [88.781749, 21.614244], [88.791026, 21.598863], [88.796641, 21.584418], [88.790538, 21.568264], [88.762462, 21.555854], [88.727875, 21.559882], [88.70753, 21.578315], [88.722179, 21.609198], [88.687999, 21.678127], [88.684906, 21.697211], [88.703624, 21.810614], [88.698009, 21.825507], [88.694509, 21.83983], [88.714692, 21.897854], [88.71697, 21.951972], [88.722179, 21.966132], [88.733165, 21.9772], [88.746837, 21.987128], [88.758311, 21.999457], [88.763031, 22.017279], [88.754649, 22.037584], [88.717052, 22.058051], [88.708507, 22.072211], [88.714854, 22.086982], [88.730154, 22.103583], [88.763031, 22.130561], [88.743907, 22.12934], [88.726573, 22.121161], [88.712169, 22.109036], [88.701671, 22.095852], [88.694835, 22.081529], [88.692882, 22.065863], [88.699474, 22.053209], [88.718516, 22.048041], [88.730724, 22.037177], [88.723318, 22.013088], [88.701671, 21.97602], [88.698416, 21.962592], [88.689952, 21.94599], [88.678722, 21.936672], [88.667003, 21.945014], [88.656261, 21.941067], [88.642589, 21.940904], [88.63087, 21.945461], [88.625987, 21.955512], [88.627452, 21.970404], [88.631684, 21.979804], [88.646332, 22.00023], [88.653494, 22.018012], [88.652599, 22.031806], [88.648774, 22.046047], [88.64503, 22.075141], [88.639496, 22.097235], [88.639496, 22.109524], [88.656993, 22.151068], [88.674001, 22.162055], [88.683116, 22.184963], [88.679942, 22.204413], [88.660167, 22.205024], [88.661143, 22.198961], [88.656016, 22.183254], [88.649669, 22.169094], [88.646332, 22.167792], [88.644298, 22.162299], [88.634939, 22.144965], [88.63087, 22.1258], [88.622081, 22.116034], [88.619151, 22.109524], [88.618337, 22.102973], [88.619965, 22.078315], [88.625499, 22.059272], [88.625987, 22.048041], [88.620372, 22.029975], [88.60255, 22.006415], [88.598643, 21.990302], [88.600271, 21.947211], [88.598399, 21.929348], [88.567068, 21.850816], [88.564626, 21.832343], [88.56544, 21.771186], [88.564626, 21.766832], [88.581309, 21.769436], [88.604177, 21.778754], [88.624034, 21.778022], [88.632823, 21.750067], [88.630219, 21.731757], [88.623383, 21.710273], [88.612641, 21.697496], [88.598643, 21.70539], [88.591807, 21.70539], [88.59962, 21.637274], [88.595063, 21.612128], [88.578136, 21.62344], [88.578136, 21.571682], [88.572276, 21.557929], [88.55893, 21.555569], [88.54477, 21.561998], [88.536469, 21.5751], [88.530284, 21.564399], [88.529633, 21.553371], [88.534434, 21.542914], [88.543956, 21.534084], [88.51295, 21.524644], [88.493907, 21.534817], [88.487966, 21.556545], [88.495616, 21.581855], [88.502126, 21.589342], [88.5088, 21.594387], [88.514008, 21.600816], [88.516124, 21.612616], [88.516612, 21.62641], [88.518809, 21.639146], [88.52296, 21.649888], [88.529633, 21.65762], [88.509532, 21.712307], [88.504893, 21.741523], [88.512706, 21.763414], [88.532888, 21.795315], [88.531016, 21.824123], [88.51588, 21.850816], [88.495616, 21.876695], [88.514659, 21.916205], [88.514985, 21.937201], [88.495616, 21.951809], [88.499848, 21.933661], [88.492361, 21.922024], [88.481212, 21.909898], [88.474457, 21.890326], [88.477061, 21.871812], [88.492035, 21.837144], [88.495616, 21.818671], [88.4935, 21.805162], [88.488292, 21.803656], [88.481456, 21.805162], [88.474457, 21.800971], [88.468272, 21.777248], [88.457693, 21.758857], [88.45338, 21.741767], [88.452159, 21.722805], [88.454763, 21.70539], [88.468598, 21.677151], [88.472179, 21.663275], [88.468272, 21.643948], [88.456309, 21.62401], [88.441905, 21.616156], [88.426117, 21.611029], [88.409679, 21.59927], [88.393077, 21.600246], [88.383556, 21.631415], [88.382823, 21.671332], [88.392589, 21.698554], [88.380626, 21.696194], [88.364513, 21.686957], [88.355724, 21.684963], [88.346202, 21.688625], [88.340668, 21.697496], [88.336436, 21.708726], [88.331228, 21.719062], [88.326345, 21.711086], [88.324718, 21.701361], [88.327403, 21.691107], [88.345714, 21.6706], [88.349457, 21.660956], [88.348806, 21.650295], [88.34547, 21.636542], [88.33546, 21.61579], [88.321788, 21.605658], [88.309744, 21.610175], [88.304454, 21.63345], [88.302013, 21.745185], [88.298188, 21.764106], [88.289806, 21.780219], [88.273123, 21.797919], [88.261567, 21.798651], [88.264171, 21.775295], [88.295421, 21.676581], [88.297048, 21.653876], [88.294444, 21.642808], [88.28419, 21.621243], [88.283376, 21.609198], [88.287608, 21.600287], [88.300629, 21.589342], [88.304454, 21.581855], [88.305837, 21.571682], [88.303722, 21.568793], [88.297862, 21.566555], [88.28712, 21.558295], [88.278982, 21.555162], [88.266124, 21.55386], [88.254405, 21.554674], [88.249278, 21.558295], [88.245942, 21.579901], [88.237478, 21.601711], [88.224376, 21.613023], [88.208263, 21.602973], [88.189464, 21.641791], [88.181895, 21.665229], [88.180919, 21.684963], [88.19044, 21.704088], [88.203461, 21.724351], [88.21046, 21.74726], [88.201427, 21.774319], [88.209727, 21.78856], [88.203787, 21.805406], [88.154063, 21.888088], [88.156423, 21.897854], [88.159434, 21.906155], [88.146739, 21.959215], [88.149913, 21.976386], [88.156261, 21.990871], [88.164317, 22.003119], [88.206798, 22.053371], [88.222423, 22.077948], [88.212738, 22.100043], [88.20338, 22.15176], [88.198009, 22.167792], [88.165294, 22.185004], [88.118419, 22.200181], [88.081309, 22.217353], [88.077322, 22.240424], [88.059744, 22.229478], [88.043468, 22.224758], [88.027029, 22.227851], [88.009044, 22.240424], [87.985118, 22.265937], [87.972667, 22.283189], [87.967459, 22.298489], [87.964203, 22.319281], [87.950694, 22.356187], [87.94752, 22.373847], [87.946137, 22.394924], [87.94044, 22.413031], [87.927989, 22.424221], [87.906586, 22.42475], [87.906586, 22.418606], [87.922862, 22.397773], [87.935802, 22.35517], [87.94752, 22.277655], [87.95281, 22.262437], [87.965343, 22.244818], [87.991954, 22.215888], [88.008474, 22.204901], [88.025401, 22.200914], [88.057384, 22.198879], [88.09547, 22.19123], [88.132579, 22.179145], [88.160981, 22.156562], [88.173513, 22.116889], [88.164317, 22.089789], [88.140636, 22.060126], [88.111176, 22.034857], [88.084727, 22.020697], [88.048595, 22.020738], [88.043142, 22.017279], [88.045177, 22.006537], [88.049001, 21.995429], [88.050792, 21.985012], [88.046886, 21.97602], [88.0324, 21.95718], [87.983653, 21.854193], [87.97047, 21.836493], [87.957774, 21.828925], [87.948009, 21.825385], [87.909028, 21.798814], [87.902192, 21.79682], [87.899181, 21.794827], [87.895681, 21.789374], [87.894786, 21.778754], [87.892914, 21.774319], [87.867198, 21.7508], [87.833995, 21.729315], [87.755707, 21.691718], [87.703787, 21.655504], [87.683849, 21.650133], [87.6421, 21.652086], [87.621349, 21.650621], [87.477387, 21.613593], [87.468761, 21.611396], [87.404929, 21.586644], [87.341807, 21.562405], [87.293468, 21.553656], [87.256114, 21.561998], [87.247334, 21.557327], [87.245942, 21.556586], [87.235199, 21.554511], [87.211436, 21.554592], [87.200938, 21.551988], [87.113048, 21.507961], [87.063731, 21.475002], [86.917654, 21.327379], [86.866954, 21.256049], [86.83725, 21.174709], [86.844005, 21.082221], [86.952159, 20.849107], [86.965668, 20.805976], [86.953868, 20.780585], [86.93629, 20.787502], [86.916515, 20.788072], [86.878754, 20.780585], [86.889334, 20.764472], [86.910655, 20.756415], [86.957205, 20.753241], [86.979991, 20.755561], [86.986583, 20.751858], [86.994884, 20.738959], [87.000011, 20.728217], [87.001801, 20.71898], [86.998709, 20.711127], [86.988617, 20.70425], [86.975759, 20.710679], [86.961192, 20.712836], [86.948253, 20.709052], [86.940196, 20.697984], [86.951915, 20.697008], [86.961192, 20.695054], [86.968516, 20.691148], [86.974294, 20.684394], [86.9817, 20.68537], [86.986501, 20.684394], [86.990245, 20.679999], [86.994884, 20.670722], [87.019379, 20.680365], [87.033376, 20.690172], [87.043224, 20.697984], [87.027517, 20.679674], [87.003591, 20.65705], [86.976248, 20.637885], [86.923188, 20.621731], [86.774181, 20.511949], [86.751475, 20.489163], [86.733897, 20.462226], [86.72462, 20.431952], [86.72047, 20.368476], [86.741954, 20.379543], [86.756358, 20.393744], [86.769786, 20.400702], [86.788748, 20.390123], [86.788259, 20.402818], [86.789806, 20.4147], [86.796153, 20.437323], [86.809825, 20.415107], [86.7942, 20.37816], [86.768321, 20.343451], [86.751475, 20.32807], [86.739268, 20.324205], [86.719737, 20.31509], [86.701671, 20.303778], [86.693696, 20.293931], [86.701671, 20.284654], [86.719737, 20.291734], [86.754649, 20.314439], [86.717459, 20.286933], [86.628184, 20.235256], [86.583832, 20.218207], [86.53419, 20.206122], [86.511485, 20.197455], [86.495128, 20.184068], [86.490408, 20.174058], [86.478852, 20.12934], [86.468516, 20.10928], [86.467133, 20.094672], [86.41505, 20.036322], [86.391449, 20.020209], [86.396739, 20.009955], [86.404145, 20.002631], [86.414073, 19.998847], [86.42628, 19.999172], [86.397227, 19.982856], [86.348399, 20.008857], [86.275401, 20.067369], [86.231293, 20.064887], [86.209158, 20.066636], [86.199718, 20.077948], [86.195974, 20.080308], [86.173025, 20.1022], [86.168468, 20.113186], [86.163097, 20.134833], [86.158702, 20.143134], [86.152517, 20.143134], [86.14503, 20.122016], [86.154307, 20.089993], [86.158702, 20.081041], [86.167735, 20.072943], [86.187755, 20.063666], [86.213715, 20.042426], [86.230235, 20.035305], [86.268565, 20.026435], [86.273448, 20.02619], [86.284679, 20.027493], [86.289073, 20.026435], [86.293224, 20.02143], [86.294119, 20.015692], [86.2942, 20.010403], [86.295909, 20.006578], [86.302908, 19.999091], [86.308116, 19.992092], [86.314952, 19.986884], [86.326671, 19.984849], [86.341563, 19.979885], [86.356456, 19.970404], [86.372406, 19.964993], [86.268565, 19.910346], [86.111583, 19.855699], [86.089041, 19.844224], [86.07838, 19.843573], [86.066742, 19.851996], [86.056651, 19.856879], [86.04656, 19.852525], [86.037934, 19.845282], [86.032074, 19.841498], [86.01352, 19.839057], [85.888845, 19.802965], [85.846365, 19.795844], [85.808604, 19.773383], [85.788829, 19.765692], [85.778087, 19.764635], [85.744395, 19.765692], [85.734386, 19.763617], [85.714854, 19.754218], [85.684581, 19.747748], [85.624278, 19.718573], [85.625987, 19.722886], [85.635997, 19.72663], [85.63795, 19.731635], [85.614268, 19.727932], [85.549164, 19.690619], [85.480479, 19.666327], [85.456798, 19.663316], [85.44988, 19.666693], [85.44752, 19.674628], [85.446788, 19.690619], [85.443126, 19.69245], [85.43686, 19.691352], [85.430431, 19.691718], [85.42628, 19.697455], [85.427013, 19.704088], [85.431651, 19.704901], [85.43686, 19.704657], [85.439301, 19.707994], [85.450857, 19.716295], [85.47755, 19.723863], [85.521983, 19.739081], [85.525564, 19.734036], [85.523448, 19.728705], [85.518891, 19.721584], [85.514985, 19.711127], [85.558849, 19.738105], [85.576508, 19.745836], [85.567638, 19.7508], [85.563243, 19.756903], [85.564138, 19.76439], [85.570323, 19.773179], [85.567149, 19.791653], [85.570323, 19.875637], [85.55714, 19.881781], [85.514985, 19.889309], [85.476817, 19.901028], [85.463552, 19.902899], [85.440115, 19.896226], [85.41627, 19.879788], [85.374522, 19.837795], [85.319591, 19.793647], [85.30421, 19.79267], [85.290294, 19.789944], [85.278087, 19.78559], [85.268077, 19.780015], [85.246837, 19.762641], [85.220958, 19.736029], [85.20338, 19.707261], [85.206554, 19.683783], [85.189952, 19.670966], [85.175141, 19.636908], [85.165538, 19.6258], [85.150157, 19.613471], [85.140147, 19.596584], [85.139334, 19.579779], [85.151378, 19.567776], [85.151378, 19.560289], [85.139171, 19.557074], [85.122895, 19.549018], [85.108897, 19.538967], [85.102875, 19.529608], [85.104503, 19.514879], [85.108735, 19.506781], [85.115489, 19.507473], [85.124034, 19.519355], [85.128754, 19.509508], [85.130219, 19.498725], [85.128673, 19.487982], [85.124034, 19.478339], [85.135753, 19.481594], [85.141775, 19.487128], [85.145763, 19.493476], [85.151378, 19.498847], [85.162446, 19.503485], [85.171153, 19.504462], [85.178559, 19.504299], [85.185557, 19.505683], [85.202891, 19.517157], [85.201915, 19.527086], [85.1963, 19.538479], [85.199229, 19.554104], [85.206309, 19.548], [85.214529, 19.547268], [85.223643, 19.549954], [85.233246, 19.554104], [85.203787, 19.570502], [85.193044, 19.57392], [85.193044, 19.580797], [85.212901, 19.581122], [85.223643, 19.590237], [85.232595, 19.601549], [85.247569, 19.60871], [85.247569, 19.614936], [85.241873, 19.617011], [85.237315, 19.620551], [85.234386, 19.625678], [85.233246, 19.632554], [85.236339, 19.635321], [85.247813, 19.653144], [85.247569, 19.65648], [85.260753, 19.656073], [85.309093, 19.642239], [85.350597, 19.677639], [85.36378, 19.678046], [85.37436, 19.674709], [85.383067, 19.676093], [85.391449, 19.690619], [85.399181, 19.679145], [85.403168, 19.671291], [85.404959, 19.661933], [85.405284, 19.645941], [85.402192, 19.643988], [85.388682, 19.638251], [85.384613, 19.635972], [85.382172, 19.63109], [85.380382, 19.619615], [85.37794, 19.614936], [85.368419, 19.6081], [85.352306, 19.599433], [85.336762, 19.596096], [85.330089, 19.604967], [85.326427, 19.618801], [85.31837, 19.619534], [85.311046, 19.6105], [85.309093, 19.595038], [85.303477, 19.59748], [85.293793, 19.599555], [85.288422, 19.601264], [85.302501, 19.586656], [85.305837, 19.580146], [85.302908, 19.57392], [85.330577, 19.576402], [85.576508, 19.690619], [85.540294, 19.669582], [85.46339, 19.631049], [85.380219, 19.593817], [85.336681, 19.575181], [85.285411, 19.536282], [85.240571, 19.518052], [85.180431, 19.475002], [85.069509, 19.372138], [84.99586, 19.32331], [84.872081, 19.219875], [84.791026, 19.120592], [84.777761, 19.116197], [84.775157, 19.115302], [84.764415, 19.12344], [84.750662, 19.138373], [84.73878, 19.14765], [84.733653, 19.139146], [84.731212, 19.128811], [84.720958, 19.114244], [84.719981, 19.10163], [84.72283, 19.096015], [84.735362, 19.083197], [84.740489, 19.073676], [84.756847, 19.097642], [84.760997, 19.10163], [84.767833, 19.101793], [84.775238, 19.100491], [84.78004, 19.097073], [84.778331, 19.09101], [84.75115, 19.0539], [84.741059, 19.028144], [84.699474, 18.977484], [84.679535, 18.945705], [84.66505, 18.930121], [84.63087, 18.915717], [84.547862, 18.796088], [84.54184, 18.775784], [84.448253, 18.68065], [84.437185, 18.662787], [84.432628, 18.645697], [84.423676, 18.636461], [84.370453, 18.601304], [84.349457, 18.56981], [84.332856, 18.553697], [84.312266, 18.546698], [84.306326, 18.543687], [84.288585, 18.529771], [84.281749, 18.52558], [84.272716, 18.524319], [84.250011, 18.524237], [84.246918, 18.52558], [84.237641, 18.510932], [84.24936, 18.501654], [84.271007, 18.50019], [84.297699, 18.516303], [84.326182, 18.537421], [84.349946, 18.552924], [84.331228, 18.538642], [84.287934, 18.505764], [84.240082, 18.460761], [84.230479, 18.446234], [84.188324, 18.418036], [84.17449, 18.399848], [84.152843, 18.383612], [84.143891, 18.374823], [84.138927, 18.364163], [84.136485, 18.353583], [84.132823, 18.343411], [84.124034, 18.333808], [84.113129, 18.298285], [84.077403, 18.271552], [83.775157, 18.139594], [83.613943, 18.045152], [83.582286, 18.01911], [83.576182, 18.009752], [83.562836, 17.9831], [83.55836, 17.977525], [83.556651, 17.973456], [83.53891, 17.956285], [83.534434, 17.953315], [83.526134, 17.942532], [83.486583, 17.916897], [83.472911, 17.902493], [83.465587, 17.902493], [83.462901, 17.908515], [83.451915, 17.922919], [83.448985, 17.906887], [83.452403, 17.886217], [83.452973, 17.868476], [83.431163, 17.854234], [83.425304, 17.838609], [83.417735, 17.80622], [83.402354, 17.784491], [83.341319, 17.717434], [83.319102, 17.703192], [83.313243, 17.701158], [83.304373, 17.692206], [83.298595, 17.690131], [83.292735, 17.691148], [83.289561, 17.693264], [83.287446, 17.69538], [83.284679, 17.696357], [83.282237, 17.699286], [83.280284, 17.705959], [83.276378, 17.71308], [83.26824, 17.717475], [83.246918, 17.716254], [83.242035, 17.706529], [83.249278, 17.69538], [83.271983, 17.688137], [83.292491, 17.677476], [83.298595, 17.672797], [83.299083, 17.664293], [83.289236, 17.65762], [83.26824, 17.648586], [83.255138, 17.638129], [83.246918, 17.634223], [83.212901, 17.634914], [83.233897, 17.607733], [83.238943, 17.592963], [83.222911, 17.586493], [83.209239, 17.583686], [83.196137, 17.576809], [83.171397, 17.559801], [83.088227, 17.530707], [83.053233, 17.506496], [83.019867, 17.490912], [82.99643, 17.473456], [82.975841, 17.453681], [82.969574, 17.4501], [82.95281, 17.44595], [82.945486, 17.443101], [82.896821, 17.409329], [82.888682, 17.410142], [82.883311, 17.422065], [82.869151, 17.414008], [82.854259, 17.402818], [82.837657, 17.392768], [82.796397, 17.383043], [82.758149, 17.359198], [82.718516, 17.348619], [82.474864, 17.205959], [82.451915, 17.18244], [82.435069, 17.153795], [82.422862, 17.13996], [82.387706, 17.126939], [82.370372, 17.110093], [82.342052, 17.073188], [82.311697, 17.046617], [82.299327, 17.030341], [82.291677, 16.99844], [82.252696, 16.929185], [82.250743, 16.907864], [82.255138, 16.885321], [82.267914, 16.867499], [82.29835, 16.858466], [82.303559, 16.854193], [82.308116, 16.849555], [82.31422, 16.846625], [82.319591, 16.847235], [82.327159, 16.849433], [82.333344, 16.852118], [82.334646, 16.854071], [82.352061, 16.845404], [82.362478, 16.859076], [82.361176, 16.891343], [82.357432, 16.924872], [82.348888, 16.956488], [82.361176, 16.936021], [82.366547, 16.908637], [82.367442, 16.860297], [82.365571, 16.811591], [82.352061, 16.761298], [82.345958, 16.706122], [82.338145, 16.678412], [82.31422, 16.62816], [82.312348, 16.619859], [82.313813, 16.612982], [82.312836, 16.60814], [82.303966, 16.606431], [82.299327, 16.610093], [82.293793, 16.625637], [82.286876, 16.62816], [82.280935, 16.620836], [82.285492, 16.606513], [82.296072, 16.59101], [82.307384, 16.579779], [82.259044, 16.565497], [82.203461, 16.512681], [82.188243, 16.504055], [82.173025, 16.500922], [82.122895, 16.477362], [82.090668, 16.454779], [82.068614, 16.444281], [82.037364, 16.447659], [82.022716, 16.435736], [82.007823, 16.419582], [81.992686, 16.408433], [81.9817, 16.407864], [81.967947, 16.408922], [81.956228, 16.407172], [81.94809, 16.391547], [81.940766, 16.388373], [81.899913, 16.38581], [81.880544, 16.381659], [81.861664, 16.375393], [81.783214, 16.338568], [81.76295, 16.322577], [81.717621, 16.312201], [81.711599, 16.312201], [81.696056, 16.314927], [81.676931, 16.327379], [81.656261, 16.337348], [81.636404, 16.332709], [81.620942, 16.339504], [81.584972, 16.342108], [81.568126, 16.346381], [81.573904, 16.358344], [81.569184, 16.36758], [81.556977, 16.373033], [81.540212, 16.373684], [81.549083, 16.352362], [81.535981, 16.350043], [81.49586, 16.360663], [81.475352, 16.358629], [81.416677, 16.340155], [81.421153, 16.350979], [81.426117, 16.35871], [81.428233, 16.365668], [81.424083, 16.373684], [81.411388, 16.382514], [81.398936, 16.382636], [81.386974, 16.376776], [81.375743, 16.367499], [81.35963, 16.374335], [81.345225, 16.373603], [81.331554, 16.369778], [81.317393, 16.367499], [81.259613, 16.332709], [81.248546, 16.320136], [81.249848, 16.311021], [81.256033, 16.301825], [81.259613, 16.288642], [81.254161, 16.271308], [81.230317, 16.243598], [81.218516, 16.199449], [81.190278, 16.138861], [81.180024, 16.086737], [81.161957, 16.057074], [81.156016, 16.03852], [81.155447, 15.9855], [81.14975, 15.969631], [81.135102, 15.966498], [81.088227, 15.92121], [81.043305, 15.89411], [81.026866, 15.880845], [80.998871, 15.846747], [80.998383, 15.834703], [81.00294, 15.825263], [81.0088, 15.817816], [81.012543, 15.811957], [81.019216, 15.792385], [81.019054, 15.784166], [81.012543, 15.777818], [81.004731, 15.77851], [80.99586, 15.784329], [80.988292, 15.791205], [80.979015, 15.803412], [80.949474, 15.827867], [80.940684, 15.832994], [80.921641, 15.838609], [80.910004, 15.852688], [80.904307, 15.871283], [80.90268, 15.890815], [80.910167, 15.965888], [80.908946, 15.983466], [80.906016, 15.999823], [80.896495, 16.031073], [80.892263, 16.020941], [80.896495, 16.010565], [80.889008, 16.00373], [80.885753, 16.008694], [80.882823, 16.011461], [80.875336, 16.017401], [80.891287, 15.978258], [80.895763, 15.936021], [80.890147, 15.89525], [80.855724, 15.822699], [80.830251, 15.747626], [80.820079, 15.726874], [80.80714, 15.716376], [80.80836, 15.803941], [80.802745, 15.842434], [80.776134, 15.884263], [80.760102, 15.892971], [80.736339, 15.89761], [80.69044, 15.900702], [80.682465, 15.903266], [80.67628, 15.907172], [80.670177, 15.907701], [80.663097, 15.900702], [80.660411, 15.893948], [80.662852, 15.88935], [80.618419, 15.887681], [80.600108, 15.882229], [80.584321, 15.872545], [80.571137, 15.86872], [80.56072, 15.880845], [80.553884, 15.880845], [80.541677, 15.868069], [80.52589, 15.85692], [80.491873, 15.83926], [80.482677, 15.836412], [80.475597, 15.835924], [80.469086, 15.834662], [80.461436, 15.829657], [80.445486, 15.814399], [80.43629, 15.808295], [80.393321, 15.797024], [80.35963, 15.775824], [80.279633, 15.70067], [80.263194, 15.674547], [80.219493, 15.56745], [80.217459, 15.548163], [80.201345, 15.518297], [80.197602, 15.503079], [80.211192, 15.496649], [80.20045, 15.482164], [80.183849, 15.452297], [80.172862, 15.4383], [80.14031, 15.406399], [80.126801, 15.388129], [80.121267, 15.370022], [80.090587, 15.304877], [80.09254, 15.296576], [80.082367, 15.204088], [80.052989, 15.092597], [80.054535, 15.014146], [80.061534, 14.974677], [80.073416, 14.942043], [80.073009, 14.920559], [80.105154, 14.763861], [80.108165, 14.714342], [80.110688, 14.704779], [80.116954, 14.698147], [80.128184, 14.688463], [80.151866, 14.672797], [80.159841, 14.662665], [80.166352, 14.62816], [80.173595, 14.616523], [80.178477, 14.60578], [80.175955, 14.592963], [80.169688, 14.585842], [80.160899, 14.57982], [80.141856, 14.571234], [80.149181, 14.565009], [80.159353, 14.565741], [80.183279, 14.571112], [80.190196, 14.571234], [80.196951, 14.565009], [80.196056, 14.559027], [80.192393, 14.553209], [80.190196, 14.547593], [80.188243, 14.525702], [80.175955, 14.468736], [80.178722, 14.38939], [80.174978, 14.34455], [80.159434, 14.324774], [80.137055, 14.269924], [80.128184, 14.256537], [80.097911, 14.254299], [80.087169, 14.250312], [80.071788, 14.232245], [80.070079, 14.229193], [80.055024, 14.221584], [80.046641, 14.20661], [80.050629, 14.196112], [80.073497, 14.20185], [80.090994, 14.216742], [80.106619, 14.234036], [80.121104, 14.242011], [80.13559, 14.229193], [80.123383, 14.193508], [80.125824, 14.148505], [80.149669, 14.027737], [80.16391, 13.987982], [80.237153, 13.839667], [80.249278, 13.800279], [80.245453, 13.755601], [80.227387, 13.720526], [80.220958, 13.696967], [80.227712, 13.677069], [80.238048, 13.660224], [80.259044, 13.591742], [80.288097, 13.527086], [80.309581, 13.479315], [80.313731, 13.440904], [80.306895, 13.440904], [80.277761, 13.512519], [80.245453, 13.591742], [80.197276, 13.643622], [80.183604, 13.679185], [80.152517, 13.71894], [80.141856, 13.728949], [80.141775, 13.649115], [80.13559, 13.619086], [80.121267, 13.627265], [80.117686, 13.638861], [80.121267, 13.663764], [80.117849, 13.674506], [80.109874, 13.680732], [80.100841, 13.686265], [80.094005, 13.69477], [80.093598, 13.671332], [80.091319, 13.659125], [80.075531, 13.648383], [80.052989, 13.619086], [80.056488, 13.59516], [80.069509, 13.574408], [80.101329, 13.537095], [80.112071, 13.511542], [80.119395, 13.500678], [80.131847, 13.496161], [80.153087, 13.494208], [80.175955, 13.489325], [80.219737, 13.487779], [80.227712, 13.485582], [80.235118, 13.478095], [80.243419, 13.472154], [80.253429, 13.468655], [80.260183, 13.468451], [80.26588, 13.468248], [80.26238, 13.451239], [80.27475, 13.440009], [80.293142, 13.429145], [80.306895, 13.413031], [80.312266, 13.423163], [80.313731, 13.427232], [80.326996, 13.430365], [80.333995, 13.413031], [80.344005, 13.375434], [80.34783, 13.349066], [80.345551, 13.321234], [80.336274, 13.270941], [80.334158, 13.242906], [80.323741, 13.246894], [80.319835, 13.249172], [80.318044, 13.230902], [80.313731, 13.215033], [80.318207, 13.216986], [80.334158, 13.221177], [80.332774, 13.198147], [80.324229, 13.180365], [80.313813, 13.164293], [80.306895, 13.146064], [80.30714, 13.135647], [80.313731, 13.10578], [80.307953, 13.096015], [80.289724, 13.076728], [80.285818, 13.067572], [80.282725, 13.029364], [80.269054, 12.957261], [80.263194, 12.835354], [80.25172, 12.762519], [80.233653, 12.711005], [80.228689, 12.674994], [80.222179, 12.65998], [80.203868, 12.632148], [80.196462, 12.613715], [80.185069, 12.567125], [80.18336, 12.54682], [80.179698, 12.53262], [80.156016, 12.474514], [80.121267, 12.416815], [80.117035, 12.400946], [80.095958, 12.36225], [80.087169, 12.35102], [80.063731, 12.33747], [80.059825, 12.334215], [80.057465, 12.331244], [80.025727, 12.276516], [80.005138, 12.256049], [79.952159, 12.229926], [79.943858, 12.217841], [79.953136, 12.213568], [79.973806, 12.222398], [80.005138, 12.241767], [79.947602, 12.153632], [79.933604, 12.138739], [79.927501, 12.129869], [79.896983, 12.068752], [79.870128, 12.037421], [79.861827, 12.02204], [79.860525, 12.011542], [79.861827, 11.977973], [79.85963, 11.972724], [79.850352, 11.959133], [79.849539, 11.955064], [79.844981, 11.933254], [79.820323, 11.878648], [79.803233, 11.796088], [79.792735, 11.788072], [79.785899, 11.769192], [79.7671, 11.673651], [79.763438, 11.634263], [79.754161, 11.596991], [79.751964, 11.576972], [79.757335, 11.536078], [79.780772, 11.465074], [79.785981, 11.426174], [79.792979, 11.426174], [79.797374, 11.434882], [79.799164, 11.442206], [79.797618, 11.44831], [79.792979, 11.453518], [79.809337, 11.451361], [79.816661, 11.443061], [79.821951, 11.391059], [79.819347, 11.381496], [79.810313, 11.378892], [79.782725, 11.378892], [79.776052, 11.380357], [79.769298, 11.380927], [79.7588, 11.378363], [79.749848, 11.373684], [79.740408, 11.366441], [79.684337, 11.312201], [79.67628, 11.296454], [79.683116, 11.296454], [79.6963, 11.303412], [79.742035, 11.335598], [79.751964, 11.340522], [79.759288, 11.358344], [79.776378, 11.362982], [79.796886, 11.359036], [79.823741, 11.346666], [79.829926, 11.346096], [79.833018, 11.341986], [79.834972, 11.263861], [79.855317, 11.159857], [79.852224, 11.006985], [79.84669, 10.979844], [79.840668, 10.950141], [79.847341, 10.809638], [79.849864, 10.755194], [79.850271, 10.592108], [79.85963, 10.551459], [79.86378, 10.37873], [79.8567, 10.29328], [79.851329, 10.282213], [79.834321, 10.278754], [79.814626, 10.272406], [79.795095, 10.269232], [79.778575, 10.275377], [79.78004, 10.296617], [79.757091, 10.309068], [79.633149, 10.328599], [79.621267, 10.324164], [79.614106, 10.309556], [79.630382, 10.310492], [79.646495, 10.309638], [79.661794, 10.307074], [79.67628, 10.30272], [79.684581, 10.298733], [79.694672, 10.291653], [79.703624, 10.289049], [79.730805, 10.289049], [79.758962, 10.282213], [79.773692, 10.273668], [79.772472, 10.261705], [79.759776, 10.258246], [79.580089, 10.295885], [79.563487, 10.297105], [79.556651, 10.298651], [79.552745, 10.30272], [79.551768, 10.3133], [79.556895, 10.316067], [79.565196, 10.315741], [79.573904, 10.316962], [79.604015, 10.329088], [79.607107, 10.336005], [79.586925, 10.343695], [79.567719, 10.335883], [79.528575, 10.338324], [79.532237, 10.330024], [79.532237, 10.323188], [79.511485, 10.316596], [79.459727, 10.308295], [79.437266, 10.309556], [79.411957, 10.32099], [79.398123, 10.324652], [79.385509, 10.320136], [79.36378, 10.301907], [79.304942, 10.268134], [79.286143, 10.252834], [79.272227, 10.234442], [79.270274, 10.223334], [79.270681, 10.20954], [79.269216, 10.197821], [79.261974, 10.192857], [79.248302, 10.189195], [79.240001, 10.179755], [79.236339, 10.166571], [79.237478, 10.151923], [79.244314, 10.084947], [79.254161, 10.054267], [79.279063, 10.035834], [79.240733, 10.010565], [79.200369, 9.970282], [79.141856, 9.891181], [79.121349, 9.850246], [79.103526, 9.830146], [79.100841, 9.826077], [79.094086, 9.802314], [79.07781, 9.782172], [79.038829, 9.747219], [78.980805, 9.667182], [78.979828, 9.658637], [78.980235, 9.649115], [78.977306, 9.637926], [78.97283, 9.631293], [78.962087, 9.622707], [78.956798, 9.617499], [78.94752, 9.602851], [78.938324, 9.583686], [78.931488, 9.561672], [78.925304, 9.513617], [78.913259, 9.47427], [78.915294, 9.45303], [78.933442, 9.416449], [78.959727, 9.384955], [79.039887, 9.314683], [79.074718, 9.299872], [79.115571, 9.291246], [79.25172, 9.28852], [79.273774, 9.296698], [79.29713, 9.312649], [79.320079, 9.32331], [79.341075, 9.315863], [79.345714, 9.306545], [79.34254, 9.299018], [79.336681, 9.290473], [79.333669, 9.278266], [79.335704, 9.267646], [79.340587, 9.260932], [79.345225, 9.255927], [79.347341, 9.250312], [79.353526, 9.240912], [79.367931, 9.227607], [79.438243, 9.176337], [79.453624, 9.159003], [79.440278, 9.151353], [79.424001, 9.159084], [79.361013, 9.213446], [79.292735, 9.250312], [79.232432, 9.25788], [79.21697, 9.267401], [79.20102, 9.266506], [79.184093, 9.271796], [79.165375, 9.274237], [79.129405, 9.256334], [79.098643, 9.257229], [79.087169, 9.253811], [79.060802, 9.264594], [79.025727, 9.273749], [78.988943, 9.278266], [78.956798, 9.274848], [78.948985, 9.270494], [78.928966, 9.253811], [78.918468, 9.251614], [78.911306, 9.252143], [78.90447, 9.253567], [78.895518, 9.253811], [78.861013, 9.248969], [78.843761, 9.243964], [78.815196, 9.22842], [78.77711, 9.219387], [78.761567, 9.209703], [78.751964, 9.200588], [78.740733, 9.192816], [78.727794, 9.187445], [78.67628, 9.184149], [78.661306, 9.177191], [78.655121, 9.161566], [78.648936, 9.151435], [78.634776, 9.144599], [78.618826, 9.14053], [78.48585, 9.124823], [78.44988, 9.116604], [78.41212, 9.09984], [78.377452, 9.07746], [78.239757, 8.965562], [78.217621, 8.938951], [78.182791, 8.877102], [78.177908, 8.86107], [78.17449, 8.79442], [78.170421, 8.771877], [78.162364, 8.753485], [78.175792, 8.763902], [78.188731, 8.765448], [78.20045, 8.76968], [78.210216, 8.788275], [78.21518, 8.765448], [78.2046, 8.753323], [78.186534, 8.74494], [78.1692, 8.733629], [78.164806, 8.726508], [78.154959, 8.698879], [78.140473, 8.680609], [78.136729, 8.669867], [78.142589, 8.657904], [78.114594, 8.657904], [78.135509, 8.6258], [78.142345, 8.593085], [78.128266, 8.488023], [78.123302, 8.477525], [78.114594, 8.466132], [78.087169, 8.440497], [78.079845, 8.431952], [78.062755, 8.373196], [78.055919, 8.363715], [78.038829, 8.360907], [77.999766, 8.344916], [77.806163, 8.228664], [77.793468, 8.215318], [77.768321, 8.181545], [77.752452, 8.173814], [77.643809, 8.155707], [77.595225, 8.138983], [77.561046, 8.114569], [77.565278, 8.082506], [77.510916, 8.075995], [77.449718, 8.08747], [77.315603, 8.127753], [77.308604, 8.130927], [77.294688, 8.14704], [77.286794, 8.15351], [77.26295, 8.168402], [77.238943, 8.175116], [77.225271, 8.184394], [77.128754, 8.271796], [77.110362, 8.285183], [76.99586, 8.368109], [76.962576, 8.40469], [76.880138, 8.520697], [76.826508, 8.56981], [76.813731, 8.601264], [76.74171, 8.684516], [76.731293, 8.707953], [76.695649, 8.739814], [76.66033, 8.79975], [76.644542, 8.818996], [76.558604, 8.890692], [76.543956, 8.912502], [76.548106, 8.924221], [76.559093, 8.925238], [76.573253, 8.904446], [76.591156, 8.908149], [76.609874, 8.917955], [76.620616, 8.925442], [76.60727, 8.925767], [76.593761, 8.921047], [76.581554, 8.919908], [76.572276, 8.931627], [76.573985, 8.942572], [76.582286, 8.956366], [76.593272, 8.968207], [76.603282, 8.973212], [76.657563, 8.966376], [76.660818, 8.969875], [76.65211, 8.977281], [76.640391, 8.984442], [76.634288, 8.986884], [76.641938, 8.99136], [76.656505, 8.995063], [76.668468, 8.999823], [76.668468, 9.007392], [76.657888, 9.010688], [76.644054, 9.00788], [76.632091, 9.002346], [76.62672, 8.997463], [76.620616, 8.987128], [76.606456, 8.989407], [76.582774, 9.000556], [76.576834, 8.994127], [76.565929, 8.963284], [76.558604, 8.952094], [76.551117, 8.966376], [76.558116, 8.973049], [76.561534, 8.97899], [76.56544, 8.99433], [76.549653, 8.984442], [76.538829, 8.972602], [76.534434, 8.957831], [76.538097, 8.939114], [76.528087, 8.946967], [76.521495, 8.96133], [76.517914, 8.977444], [76.516856, 8.990627], [76.513845, 9.002143], [76.500173, 9.022284], [76.489268, 9.055569], [76.46046, 9.114936], [76.462413, 9.138332], [76.464529, 9.132514], [76.466645, 9.128974], [76.468272, 9.124579], [76.469086, 9.116604], [76.476573, 9.116604], [76.476248, 9.131252], [76.482758, 9.17182], [76.473318, 9.164252], [76.470958, 9.160142], [76.469086, 9.151353], [76.462413, 9.151353], [76.44337, 9.212144], [76.428233, 9.245347], [76.414561, 9.246975], [76.416026, 9.236314], [76.446788, 9.159613], [76.448741, 9.145168], [76.442556, 9.145168], [76.362966, 9.325181], [76.311778, 9.492987], [76.291026, 9.633205], [76.29713, 9.658433], [76.277354, 9.809272], [76.253184, 9.883734], [76.246755, 9.893744], [76.240245, 9.939399], [76.236339, 9.952704], [76.251475, 9.963121], [76.269542, 9.950995], [76.284679, 9.928534], [76.291026, 9.908596], [76.285655, 9.904364], [76.262218, 9.911566], [76.256847, 9.908596], [76.25766, 9.895819], [76.26059, 9.884711], [76.266856, 9.876044], [76.277354, 9.870754], [76.278575, 9.876899], [76.28419, 9.891181], [76.289073, 9.877143], [76.288259, 9.861233], [76.284434, 9.848212], [76.280772, 9.842841], [76.289806, 9.843817], [76.299978, 9.847805], [76.304698, 9.856269], [76.29713, 9.870754], [76.308604, 9.879625], [76.313813, 9.861314], [76.338878, 9.699408], [76.346202, 9.699408], [76.347341, 9.726874], [76.337576, 9.789252], [76.346202, 9.816107], [76.323985, 9.846177], [76.320079, 9.86164], [76.332693, 9.870754], [76.337413, 9.856187], [76.353038, 9.82982], [76.359223, 9.816107], [76.361095, 9.80386], [76.358653, 9.781806], [76.359223, 9.768297], [76.368012, 9.715562], [76.377126, 9.695502], [76.394054, 9.678941], [76.392426, 9.662828], [76.386567, 9.649848], [76.379161, 9.637763], [76.372895, 9.624335], [76.353282, 9.535346], [76.357432, 9.520697], [76.37672, 9.514472], [76.425792, 9.505276], [76.435069, 9.507636], [76.458995, 9.497301], [76.477061, 9.50373], [76.503266, 9.53498], [76.484386, 9.543769], [76.466563, 9.556383], [76.448497, 9.563422], [76.428233, 9.555406], [76.417247, 9.561428], [76.406993, 9.569078], [76.419688, 9.594184], [76.419607, 9.614488], [76.41505, 9.636176], [76.414561, 9.682685], [76.410004, 9.700263], [76.402599, 9.710598], [76.394054, 9.706244], [76.3921, 9.716946], [76.394786, 9.735175], [76.394054, 9.747219], [76.390798, 9.756985], [76.382091, 9.774726], [76.380382, 9.785102], [76.384044, 9.802639], [76.391287, 9.812201], [76.396495, 9.822659], [76.394054, 9.842841], [76.38559, 9.861518], [76.36378, 9.899237], [76.359223, 9.915432], [76.320811, 9.953315], [76.311534, 9.966946], [76.294281, 9.951321], [76.278168, 9.977932], [76.269298, 10.016262], [76.273936, 10.035834], [76.255056, 10.047675], [76.245128, 10.1022], [76.236339, 10.103461], [76.227712, 10.109565], [76.222911, 10.117621], [76.215343, 10.138251], [76.20753, 10.117133], [76.213552, 10.098822], [76.223481, 10.082099], [76.229015, 10.065904], [76.230968, 10.025824], [76.235037, 10.005072], [76.242686, 9.987454], [76.228201, 9.999945], [76.21461, 10.024482], [76.182384, 10.105658], [76.181163, 10.121161], [76.184906, 10.13581], [76.184581, 10.144924], [76.177745, 10.155341], [76.177501, 10.17064], [76.224132, 10.196926], [76.236339, 10.210273], [76.237315, 10.216986], [76.24171, 10.223944], [76.242686, 10.231024], [76.240245, 10.238959], [76.234386, 10.237942], [76.227794, 10.23428], [76.22283, 10.234442], [76.21339, 10.253241], [76.206309, 10.262885], [76.194835, 10.268622], [76.207856, 10.234565], [76.209483, 10.21601], [76.201671, 10.199693], [76.184093, 10.189358], [76.170584, 10.193752], [76.160492, 10.206244], [76.153168, 10.22016], [76.138194, 10.261054], [76.120616, 10.343573], [76.10613, 10.38467], [76.070079, 10.432807], [76.065115, 10.449856], [76.063324, 10.47016], [76.052419, 10.513983], [76.044607, 10.529283], [76.018728, 10.553412], [76.008067, 10.567084], [75.999685, 10.605536], [75.939138, 10.72606], [75.934744, 10.74433], [75.93214, 10.750963], [75.926931, 10.757717], [75.922048, 10.76557], [75.921072, 10.775702], [75.924083, 10.780707], [75.936534, 10.790717], [75.94158, 10.79621], [75.911143, 10.809231], [75.894542, 10.849758], [75.880138, 10.932685], [75.832774, 11.097846], [75.742931, 11.310126], [75.737804, 11.319485], [75.733653, 11.325181], [75.730805, 11.331732], [75.729259, 11.343655], [75.739513, 11.350735], [75.742442, 11.35871], [75.735525, 11.371527], [75.722179, 11.367499], [75.711192, 11.381781], [75.69516, 11.419989], [75.677094, 11.4501], [75.664806, 11.462633], [75.650157, 11.46776], [75.630138, 11.468736], [75.616547, 11.473619], [75.608897, 11.484931], [75.606293, 11.505316], [75.600841, 11.523383], [75.581879, 11.549791], [75.585297, 11.563381], [75.530772, 11.693671], [75.506114, 11.72724], [75.379731, 11.864976], [75.372569, 11.864732], [75.355805, 11.857652], [75.35255, 11.861558], [75.349376, 11.871975], [75.324555, 11.899115], [75.307628, 11.932196], [75.326508, 11.935858], [75.400238, 11.920233], [75.400238, 11.926459], [75.386567, 11.935126], [75.382823, 11.945502], [75.385997, 11.958319], [75.393403, 11.97484], [75.380219, 11.968695], [75.361339, 11.951239], [75.349132, 11.947577], [75.331716, 11.94953], [75.316091, 11.955634], [75.302257, 11.966051], [75.290375, 11.981106], [75.278819, 12.003241], [75.281098, 12.010647], [75.314708, 12.008368], [75.329763, 12.012641], [75.324962, 12.02265], [75.305593, 12.041775], [75.30421, 12.043158], [75.264334, 12.013332], [75.260509, 11.997789], [75.276703, 11.967434], [75.245616, 12.002916], [75.239268, 12.008368], [75.233246, 12.010484], [75.228201, 12.015082], [75.224457, 12.019355], [75.222179, 12.02204], [75.216482, 12.021064], [75.210623, 12.016995], [75.207042, 12.01203], [75.208507, 12.008368], [75.193696, 12.022284], [75.18629, 12.041571], [75.180512, 12.077297], [75.143809, 12.161322], [75.13087, 12.207831], [75.139659, 12.241767], [75.139659, 12.248603], [75.12672, 12.245836], [75.11964, 12.239], [75.113943, 12.23017], [75.105479, 12.221259], [75.10613, 12.23371], [75.104747, 12.24608], [75.098643, 12.269029], [75.082856, 12.305894], [75.018403, 12.41474], [75.010997, 12.435777], [75.009939, 12.443793], [75.006602, 12.449449], [74.99936, 12.454901], [74.992035, 12.461737], [74.98878, 12.471381], [74.985362, 12.49136], [74.976736, 12.507025], [74.955251, 12.537258], [74.879649, 12.725491], [74.870128, 12.742865], [74.855724, 12.759426], [74.854259, 12.765286], [74.854747, 12.787014], [74.852306, 12.797309], [74.844005, 12.80801], [74.834972, 12.815823], [74.827647, 12.824652], [74.824962, 12.838202], [74.85141, 12.825507], [74.859141, 12.824612], [74.866954, 12.830024], [74.881114, 12.848049], [74.889822, 12.851874], [74.901134, 12.85342], [74.917491, 12.85814], [74.932872, 12.866441], [74.940929, 12.878607], [74.894786, 12.871161], [74.850597, 12.857164], [74.817556, 12.861762], [74.770274, 13.052436], [74.783376, 13.084662], [74.774099, 13.093411], [74.769216, 13.099555], [74.76295, 13.118801], [74.761892, 13.143134], [74.759776, 13.155219], [74.75294, 13.160386], [74.74879, 13.170844], [74.737804, 13.221381], [74.733409, 13.262763], [74.715099, 13.331041], [74.707205, 13.348375], [74.696137, 13.365953], [74.689464, 13.381578], [74.694591, 13.393134], [74.687511, 13.410346], [74.68336, 13.442816], [74.680919, 13.468248], [74.690766, 13.439114], [74.693696, 13.415269], [74.708263, 13.413031], [74.701915, 13.420356], [74.702403, 13.442613], [74.701427, 13.461371], [74.677094, 13.52676], [74.677989, 13.54914], [74.671397, 13.603949], [74.673513, 13.619086], [74.669932, 13.622016], [74.667979, 13.625149], [74.667166, 13.628607], [74.666677, 13.632758], [74.672862, 13.628892], [74.677094, 13.630316], [74.679698, 13.636461], [74.680919, 13.646959], [74.687185, 13.646959], [74.696788, 13.640448], [74.709972, 13.64057], [74.723806, 13.645575], [74.735606, 13.653795], [74.720551, 13.652289], [74.712901, 13.656195], [74.701427, 13.673733], [74.688324, 13.68594], [74.688975, 13.690863], [74.701427, 13.69477], [74.687755, 13.711819], [74.676036, 13.701077], [74.660492, 13.660061], [74.646983, 13.692084], [74.623057, 13.774156], [74.614594, 13.835517], [74.595958, 13.871487], [74.583995, 13.903876], [74.550792, 13.945502], [74.536388, 13.969875], [74.504731, 14.01024], [74.495372, 14.030585], [74.494802, 14.040717], [74.496267, 14.06151], [74.495372, 14.071519], [74.491384, 14.080634], [74.479177, 14.095649], [74.474864, 14.105699], [74.473155, 14.161689], [74.467459, 14.181383], [74.438731, 14.22012], [74.429047, 14.240424], [74.43336, 14.263373], [74.447032, 14.253974], [74.471039, 14.248684], [74.494965, 14.247463], [74.508962, 14.250312], [74.500011, 14.257961], [74.436371, 14.27969], [74.427745, 14.28384], [74.415375, 14.301093], [74.412608, 14.344794], [74.403575, 14.362982], [74.396983, 14.372748], [74.394379, 14.384914], [74.394216, 14.410793], [74.391856, 14.419013], [74.386729, 14.424221], [74.381602, 14.43122], [74.374278, 14.467271], [74.353852, 14.505072], [74.351899, 14.530219], [74.367035, 14.512356], [74.377452, 14.484605], [74.388845, 14.462714], [74.407237, 14.461982], [74.397634, 14.475409], [74.401134, 14.479722], [74.427745, 14.476264], [74.385427, 14.524115], [74.372406, 14.530219], [74.374685, 14.533759], [74.377126, 14.541002], [74.379242, 14.544582], [74.368337, 14.549709], [74.364106, 14.54914], [74.358735, 14.544582], [74.355479, 14.557074], [74.355805, 14.562405], [74.358735, 14.571234], [74.342947, 14.563666], [74.340994, 14.551174], [74.342947, 14.536851], [74.339041, 14.523993], [74.32488, 14.517239], [74.309825, 14.519436], [74.300548, 14.527411], [74.303559, 14.537665], [74.295909, 14.565009], [74.295177, 14.587307], [74.307384, 14.601874], [74.339041, 14.605943], [74.339041, 14.612779], [74.323904, 14.618598], [74.312266, 14.615465], [74.301117, 14.60932], [74.28712, 14.605943], [74.27589, 14.610175], [74.268077, 14.61994], [74.266856, 14.631293], [74.276215, 14.640082], [74.269216, 14.658922], [74.263194, 14.701606], [74.25294, 14.71894], [74.23406, 14.734076], [74.22047, 14.738105], [74.208751, 14.731838], [74.194347, 14.715806], [74.180675, 14.742174], [74.173839, 14.749945], [74.169444, 14.750881], [74.157725, 14.748969], [74.153331, 14.749945], [74.146495, 14.761868], [74.145844, 14.763617], [74.111339, 14.780341], [74.096446, 14.793362], [74.091319, 14.811428], [74.109141, 14.802639], [74.114024, 14.808417], [74.114268, 14.82095], [74.118663, 14.831855], [74.128754, 14.83747], [74.140473, 14.838772], [74.151541, 14.83511], [74.159516, 14.82567], [74.169688, 14.844468], [74.178966, 14.856269], [74.190684, 14.863105], [74.208018, 14.866645], [74.21811, 14.865383], [74.226899, 14.862738], [74.233084, 14.864569], [74.235199, 14.876532], [74.230724, 14.880113], [74.220876, 14.882066], [74.211192, 14.887356], [74.208018, 14.900824], [74.19752, 14.890855], [74.166189, 14.876532], [74.159516, 14.869778], [74.154063, 14.862128], [74.14088, 14.852688], [74.125011, 14.845852], [74.111827, 14.846177], [74.103038, 14.85692], [74.091156, 14.8876], [74.081065, 14.893988], [74.077159, 14.898383], [74.035981, 14.921291], [74.030284, 14.935207], [74.031016, 14.949774], [74.035981, 14.979641], [74.031261, 14.995307], [74.020193, 15.001776], [74.006847, 15.004869], [73.995779, 15.010688], [73.972992, 15.056871], [73.964366, 15.064643], [73.913097, 15.078925], [73.922537, 15.107856], [73.928966, 15.120592], [73.937022, 15.130439], [73.958263, 15.143134], [73.962169, 15.152045], [73.954112, 15.16828], [73.947276, 15.160834], [73.891287, 15.343207], [73.882579, 15.355292], [73.869477, 15.359565], [73.848399, 15.360093], [73.827403, 15.36518], [73.810395, 15.37759], [73.782888, 15.407904], [73.839366, 15.404039], [73.848399, 15.404486], [73.860118, 15.407864], [73.871918, 15.401842], [73.884939, 15.398017], [73.899587, 15.407904], [73.93336, 15.395413], [73.945323, 15.385688], [73.954112, 15.366278], [73.958507, 15.367174], [73.961681, 15.368232], [73.964203, 15.370185], [73.967784, 15.373765], [73.959972, 15.380683], [73.937022, 15.411322], [73.927582, 15.417385], [73.885916, 15.435207], [73.879161, 15.435777], [73.865082, 15.434312], [73.858572, 15.435207], [73.854177, 15.4383], [73.846853, 15.447089], [73.841563, 15.448879], [73.806163, 15.452216], [73.796397, 15.448879], [73.795177, 15.460761], [73.800466, 15.475002], [73.808849, 15.488023], [73.817556, 15.496649], [73.828136, 15.50141], [73.872244, 15.510932], [73.863129, 15.516343], [73.859548, 15.521145], [73.860525, 15.525865], [73.865977, 15.531399], [73.865977, 15.537584], [73.796397, 15.500393], [73.786388, 15.492174], [73.766287, 15.49726], [73.751231, 15.513129], [73.756114, 15.537584], [73.741222, 15.559963], [73.736827, 15.571723], [73.735118, 15.586005], [73.737071, 15.598538], [73.74171, 15.604193], [73.746593, 15.608385], [73.748709, 15.616767], [73.760427, 15.632025], [73.787364, 15.641791], [73.838145, 15.654283], [73.838145, 15.661119], [73.801036, 15.661851], [73.783865, 15.659125], [73.776622, 15.650865], [73.76824, 15.646918], [73.733246, 15.625067], [73.728282, 15.619574], [73.718272, 15.627143], [73.707042, 15.643704], [73.697927, 15.662828], [73.690766, 15.693793], [73.685883, 15.704291], [73.686778, 15.713121], [73.700857, 15.723212], [73.689871, 15.724473], [73.672374, 15.726508], [73.656016, 15.730292], [73.646251, 15.736884], [73.643565, 15.749091], [73.646251, 15.792141], [73.638845, 15.817206], [73.604666, 15.880845], [73.587576, 15.902899], [73.528982, 15.949164], [73.510102, 15.967597], [73.490977, 15.993476], [73.487315, 16.014228], [73.515961, 16.017401], [73.515961, 16.024848], [73.499278, 16.024319], [73.483897, 16.028225], [73.472504, 16.036363], [73.46811, 16.048489], [73.464854, 16.051663], [73.45753, 16.054185], [73.450369, 16.058905], [73.447032, 16.068915], [73.452973, 16.074164], [73.45753, 16.079535], [73.460704, 16.08633], [73.460704, 16.14468], [73.46339, 16.159573], [73.470225, 16.168891], [73.479259, 16.177232], [73.487966, 16.189358], [73.465017, 16.182278], [73.45281, 16.166571], [73.448009, 16.143297], [73.447032, 16.113593], [73.440196, 16.162014], [73.440196, 16.202338], [73.435232, 16.217841], [73.430837, 16.218736], [73.425955, 16.215155], [73.419688, 16.216702], [73.413585, 16.223944], [73.410411, 16.230455], [73.406098, 16.2508], [73.378673, 16.332709], [73.377778, 16.337958], [73.378673, 16.35692], [73.375662, 16.360256], [73.358246, 16.367499], [73.359386, 16.380601], [73.364431, 16.389309], [73.373057, 16.395657], [73.384939, 16.401597], [73.367442, 16.408637], [73.352061, 16.418118], [73.341319, 16.432074], [73.333995, 16.468166], [73.319184, 16.509752], [73.313813, 16.518297], [73.305837, 16.52265], [73.302989, 16.533026], [73.303722, 16.555569], [73.307302, 16.563178], [73.314952, 16.557603], [73.321951, 16.548489], [73.323497, 16.544989], [73.344005, 16.523586], [73.355724, 16.519436], [73.378673, 16.518297], [73.369477, 16.52147], [73.362315, 16.525458], [73.356212, 16.530748], [73.350841, 16.538153], [73.35434, 16.543158], [73.365001, 16.554389], [73.371267, 16.559272], [73.354015, 16.559638], [73.336436, 16.565619], [73.322765, 16.576158], [73.317231, 16.590277], [73.316091, 16.598293], [73.314626, 16.599433], [73.316091, 16.600043], [73.323497, 16.606431], [73.326996, 16.607123], [73.358246, 16.620673], [73.358409, 16.603949], [73.363048, 16.596829], [73.368663, 16.599026], [73.371267, 16.610175], [73.366466, 16.628079], [73.354259, 16.63467], [73.338878, 16.631659], [73.323497, 16.620673], [73.312185, 16.644721], [73.310557, 16.651435], [73.312511, 16.658393], [73.321462, 16.670844], [73.323497, 16.679104], [73.321625, 16.69245], [73.31658, 16.699897], [73.300304, 16.713202], [73.289561, 16.74022], [73.295258, 16.768052], [73.304454, 16.793524], [73.303722, 16.813137], [73.296886, 16.80565], [73.286632, 16.820868], [73.274669, 16.848822], [73.269379, 16.875637], [73.279552, 16.887641], [73.279063, 16.891913], [73.269379, 16.929185], [73.270518, 16.945014], [73.274913, 16.958645], [73.289399, 16.983832], [73.26238, 16.996975], [73.254568, 17.006741], [73.262706, 17.018541], [73.251231, 17.032172], [73.251475, 17.042426], [73.258962, 17.044094], [73.269379, 17.031643], [73.277354, 17.054674], [73.275727, 17.078599], [73.267426, 17.101386], [73.255138, 17.120998], [73.261974, 17.134955], [73.26059, 17.150539], [73.255138, 17.165188], [73.236176, 17.199205], [73.236013, 17.220608], [73.218028, 17.253241], [73.214854, 17.268744], [73.211192, 17.275092], [73.193126, 17.294013], [73.187022, 17.305976], [73.203461, 17.298733], [73.217133, 17.286851], [73.231212, 17.279283], [73.249034, 17.284857], [73.234711, 17.302314], [73.207367, 17.353746], [73.195974, 17.369371], [73.170584, 17.389716], [73.166515, 17.402167], [73.165294, 17.413031], [73.177094, 17.426663], [73.185395, 17.441881], [73.17335, 17.457424], [73.180675, 17.477688], [73.165538, 17.503404], [73.131684, 17.539374], [73.125987, 17.556545], [73.12794, 17.564683], [73.136404, 17.567206], [73.149425, 17.567288], [73.163422, 17.569485], [73.200694, 17.586493], [73.185883, 17.592515], [73.154063, 17.595608], [73.139171, 17.600775], [73.128184, 17.611558], [73.121349, 17.62641], [73.120291, 17.642035], [73.12615, 17.655422], [73.118907, 17.663479], [73.110525, 17.675727], [73.105479, 17.68891], [73.108165, 17.699774], [73.117361, 17.711249], [73.12322, 17.723334], [73.123302, 17.735785], [73.115001, 17.748196], [73.109874, 17.758287], [73.106619, 17.785549], [73.101329, 17.796332], [73.08546, 17.813666], [73.079438, 17.824612], [73.073741, 17.857123], [73.065196, 17.878363], [73.018565, 17.951728], [73.0171, 17.972113], [73.035411, 17.991848], [73.018891, 17.992499], [73.008637, 18.00023], [73.005219, 18.012356], [73.0088, 18.025946], [73.019542, 18.035875], [73.032481, 18.041083], [73.042247, 18.048977], [73.043468, 18.066962], [73.031993, 18.06391], [73.022716, 18.057685], [73.015147, 18.04914], [73.0088, 18.039008], [73.00115, 18.052069], [72.987315, 18.066555], [72.980968, 18.080552], [72.983165, 18.081732], [72.986664, 18.087714], [72.988129, 18.096015], [72.98463, 18.104193], [72.978363, 18.111884], [72.976085, 18.118638], [72.967296, 18.19599], [72.954845, 18.217515], [72.926931, 18.223944], [72.935232, 18.244778], [72.939952, 18.251288], [72.934825, 18.25788], [72.933279, 18.266588], [72.935069, 18.276313], [72.939952, 18.286038], [72.953136, 18.281317], [72.95753, 18.274604], [72.959239, 18.265855], [72.964529, 18.25495], [72.972667, 18.244696], [72.976736, 18.24258], [72.98227, 18.244208], [72.995128, 18.245063], [73.012462, 18.24315], [73.0324, 18.23786], [73.050955, 18.227484], [73.063487, 18.210354], [73.047618, 18.201158], [73.047618, 18.188788], [73.057465, 18.185614], [73.071544, 18.204088], [73.073985, 18.224189], [73.065278, 18.257554], [73.071544, 18.273017], [73.056977, 18.280951], [73.042979, 18.282375], [73.012462, 18.279202], [72.994884, 18.283596], [72.977387, 18.295071], [72.968028, 18.310614], [72.974783, 18.327582], [72.958751, 18.328111], [72.950857, 18.332953], [72.933604, 18.354926], [72.927908, 18.357571], [72.922537, 18.356635], [72.917328, 18.356391], [72.912608, 18.361151], [72.909841, 18.368069], [72.910167, 18.372504], [72.911632, 18.377346], [72.912608, 18.385647], [72.910167, 18.399237], [72.904307, 18.408515], [72.897227, 18.417304], [72.891449, 18.429389], [72.889659, 18.441311], [72.891449, 18.480902], [72.895763, 18.502997], [72.907237, 18.523586], [72.924653, 18.535631], [72.946788, 18.532416], [72.961111, 18.517727], [72.990245, 18.469957], [73.0088, 18.450507], [73.014985, 18.469957], [73.004405, 18.480048], [72.98878, 18.489936], [72.980968, 18.508857], [72.977875, 18.524115], [72.970388, 18.541002], [72.960297, 18.554674], [72.950206, 18.56037], [72.921153, 18.554877], [72.910167, 18.558987], [72.905772, 18.577135], [72.882172, 18.635484], [72.864513, 18.648912], [72.855317, 18.681138], [72.851736, 18.719672], [72.852387, 18.769924], [72.856944, 18.7862], [72.865571, 18.799384], [72.879161, 18.807359], [72.887055, 18.807034], [72.902029, 18.799506], [72.912608, 18.799994], [72.926931, 18.826646], [72.938975, 18.816962], [72.974783, 18.779486], [72.966319, 18.76142], [72.969574, 18.746975], [72.980642, 18.736762], [72.995128, 18.731024], [72.988048, 18.753852], [72.99171, 18.779364], [73.002452, 18.801459], [73.016287, 18.813625], [72.987966, 18.824937], [72.981293, 18.832709], [72.974783, 18.848334], [72.976085, 18.854397], [72.979747, 18.863349], [72.9817, 18.871487], [72.977794, 18.874986], [72.972179, 18.874254], [72.96697, 18.872138], [72.963145, 18.868964], [72.961681, 18.865139], [72.946137, 18.858303], [72.91627, 18.87051], [72.896821, 18.894477], [72.912608, 18.923489], [72.928071, 18.911363], [72.934581, 18.920803], [72.936778, 18.947414], [72.949229, 18.951483], [72.96339, 18.947984], [72.977224, 18.948432], [72.988292, 18.964423], [72.953624, 18.964423], [72.953624, 18.971259], [72.968272, 18.972602], [72.992035, 18.982489], [73.042166, 18.995754], [73.046641, 18.995185], [73.056814, 19.015326], [73.039806, 19.017524], [73.011892, 19.009426], [72.988292, 18.998603], [72.983572, 19.010443], [72.987804, 19.036933], [72.980968, 19.046373], [72.991873, 19.067206], [72.985688, 19.074286], [72.973806, 19.078559], [72.967296, 19.09101], [72.974783, 19.163072], [72.967296, 19.163072], [72.950043, 19.127916], [72.935557, 19.115058], [72.93393, 19.080308], [72.926931, 19.06684], [72.94337, 19.055121], [72.934255, 19.034084], [72.891449, 18.991767], [72.891449, 19.00137], [72.885265, 19.025865], [72.869314, 19.01142], [72.851085, 18.987128], [72.836274, 18.959133], [72.827647, 18.918362], [72.8213, 18.903306], [72.812511, 18.897447], [72.802745, 18.909817], [72.802013, 18.920478], [72.805349, 18.930976], [72.807384, 18.942816], [72.802745, 18.957587], [72.795909, 18.957587], [72.792328, 18.951239], [72.788259, 18.946519], [72.775401, 18.93651], [72.770356, 18.948188], [72.776052, 18.959703], [72.795909, 18.984931], [72.802419, 18.999661], [72.804942, 19.011054], [72.802745, 19.040188], [72.812999, 19.035549], [72.817068, 19.032701], [72.821788, 19.041978], [72.824229, 19.053534], [72.8213, 19.063178], [72.809581, 19.06684], [72.821951, 19.097113], [72.82309, 19.108466], [72.821056, 19.119208], [72.811778, 19.137356], [72.809581, 19.146308], [72.812185, 19.153713], [72.822439, 19.163764], [72.82309, 19.169257], [72.818044, 19.17536], [72.811209, 19.175523], [72.805186, 19.17182], [72.799571, 19.156887], [72.792166, 19.150458], [72.784923, 19.150377], [72.781586, 19.159654], [72.783376, 19.168647], [72.802501, 19.211615], [72.819835, 19.240627], [72.830089, 19.252427], [72.815115, 19.253648], [72.802094, 19.23786], [72.789399, 19.217353], [72.775401, 19.204657], [72.772227, 19.265123], [72.775645, 19.299018], [72.785411, 19.31391], [72.839366, 19.319078], [72.867035, 19.316799], [72.885509, 19.296047], [72.900564, 19.290758], [72.930349, 19.286566], [72.946544, 19.289862], [72.959727, 19.294827], [72.972667, 19.293687], [72.988292, 19.27912], [73.010509, 19.224311], [73.026622, 19.205512], [73.049653, 19.217719], [73.03004, 19.227729], [73.028005, 19.244086], [73.029145, 19.259345], [73.019298, 19.266059], [73.012462, 19.272447], [73.001801, 19.286566], [72.987804, 19.300686], [72.970958, 19.307034], [72.916759, 19.303371], [72.898936, 19.307034], [72.883556, 19.316392], [72.855317, 19.339504], [72.836925, 19.348049], [72.818533, 19.330268], [72.802094, 19.331936], [72.787608, 19.345201], [72.763438, 19.380194], [72.759776, 19.388983], [72.74822, 19.444241], [72.746837, 19.467963], [72.754405, 19.481757], [72.769216, 19.490465], [72.879161, 19.532375], [72.8567, 19.541327], [72.835948, 19.536689], [72.815929, 19.52851], [72.795909, 19.526801], [72.787852, 19.53026], [72.781261, 19.536566], [72.777029, 19.545559], [72.775401, 19.557196], [72.770681, 19.566148], [72.76002, 19.573065], [72.741954, 19.580797], [72.734548, 19.580797], [72.738292, 19.570258], [72.740733, 19.560736], [72.739757, 19.55268], [72.734548, 19.546617], [72.749278, 19.534247], [72.754893, 19.527045], [72.755626, 19.519355], [72.749197, 19.5126], [72.741547, 19.516018], [72.722504, 19.536282], [72.710785, 19.587592], [72.718028, 19.606676], [72.709646, 19.64997], [72.686697, 19.724799], [72.694102, 19.720201], [72.699962, 19.714179], [72.7046, 19.706529], [72.707774, 19.697455], [72.72641, 19.705797], [72.72641, 19.715237], [72.718598, 19.727932], [72.714041, 19.745836], [72.717296, 19.751532], [72.724376, 19.752672], [72.731293, 19.754584], [72.734548, 19.762641], [72.73406, 19.771918], [72.732758, 19.779731], [72.728282, 19.793647], [72.690115, 19.748969], [72.677908, 19.746568], [72.675792, 19.764146], [72.679861, 19.800482], [72.672862, 19.812812], [72.650076, 19.841986], [72.649181, 19.851996], [72.65919, 19.866441], [72.664236, 19.881578], [72.666189, 19.916571], [72.662771, 19.941799], [72.665212, 19.952948], [72.676443, 19.957506], [72.684337, 19.964016], [72.694509, 19.979315], [72.70338, 19.997626], [72.707774, 20.012763], [72.707774, 20.071112], [72.710297, 20.082913], [72.728282, 20.129462], [72.734548, 20.173529], [72.737641, 20.184272], [72.752289, 20.203762], [72.755626, 20.215155], [72.753591, 20.218207], [72.749034, 20.218329], [72.744395, 20.219387], [72.741954, 20.225043], [72.741954, 20.245551], [72.743012, 20.247748], [72.74822, 20.280341], [72.756602, 20.295966], [72.767833, 20.311957], [72.777517, 20.330064], [72.781586, 20.352281], [72.786794, 20.35224], [72.798188, 20.35932], [72.810313, 20.368842], [72.817068, 20.375922], [72.820811, 20.386135], [72.82309, 20.416815], [72.829438, 20.437934], [72.840017, 20.458726], [72.879161, 20.512437], [72.886485, 20.531562], [72.890391, 20.55268], [72.891449, 20.575141], [72.890636, 20.587063], [72.886241, 20.608466], [72.885265, 20.619208], [72.888438, 20.628485], [72.902599, 20.641913], [72.905772, 20.653306], [72.909434, 20.698676], [72.90797, 20.718329], [72.898936, 20.732164], [72.940278, 20.759426], [72.946788, 20.759467], [72.944998, 20.770006], [72.936371, 20.776272], [72.926443, 20.780992], [72.919444, 20.787421], [72.919119, 20.7956], [72.922862, 20.80268], [72.924978, 20.810614], [72.919444, 20.821519], [72.900238, 20.79914], [72.885753, 20.807115], [72.880138, 20.829901], [72.888438, 20.851955], [72.900401, 20.868109], [72.893809, 20.870063], [72.881196, 20.865668], [72.875336, 20.862494], [72.836925, 20.835842], [72.845876, 20.851793], [72.854259, 20.887152], [72.864919, 20.897284], [72.836681, 20.929918], [72.856456, 20.947984], [72.886485, 20.962104], [72.888438, 20.982611], [72.875987, 20.98135], [72.85377, 20.974921], [72.832693, 20.972357], [72.82309, 20.982611], [72.8213, 20.991604], [72.816091, 20.99901], [72.80836, 21.003974], [72.799327, 21.005845], [72.787608, 21.006903], [72.781993, 21.010159], [72.771983, 21.023871], [72.766856, 21.03856], [72.783946, 21.040432], [72.82309, 21.03384], [72.844981, 21.038316], [72.849864, 21.048], [72.815929, 21.121487], [72.809581, 21.130032], [72.799571, 21.128811], [72.755626, 21.109565], [72.752778, 21.113715], [72.746349, 21.118354], [72.741954, 21.123236], [72.737641, 21.117377], [72.735606, 21.110745], [72.734548, 21.092475], [72.730154, 21.087836], [72.700369, 21.074774], [72.705821, 21.10635], [72.720551, 21.129706], [72.728689, 21.148098], [72.714041, 21.16413], [72.706554, 21.157701], [72.686697, 21.158149], [72.676443, 21.153632], [72.672699, 21.145738], [72.671886, 21.134426], [72.673025, 21.112616], [72.671235, 21.099799], [72.666352, 21.097398], [72.658702, 21.097602], [72.637869, 21.085395], [72.629649, 21.087958], [72.615001, 21.105862], [72.615489, 21.119818], [72.630382, 21.135972], [72.693533, 21.178453], [72.711762, 21.194037], [72.721039, 21.198798], [72.734548, 21.19892], [72.723643, 21.209133], [72.687673, 21.220445], [72.679861, 21.22899], [72.673188, 21.239081], [72.659353, 21.244696], [72.646983, 21.253607], [72.645763, 21.273383], [72.625173, 21.259345], [72.618419, 21.252916], [72.60613, 21.266588], [72.602061, 21.277655], [72.597911, 21.307563], [72.588634, 21.331977], [72.586762, 21.341213], [72.590505, 21.348538], [72.603201, 21.352729], [72.63852, 21.357164], [72.645763, 21.362779], [72.638682, 21.371243], [72.623383, 21.370266], [72.594086, 21.362779], [72.578868, 21.367011], [72.567638, 21.37641], [72.564626, 21.38581], [72.573741, 21.390082], [72.635102, 21.407457], [72.672862, 21.428127], [72.676443, 21.431627], [72.728282, 21.465806], [72.747081, 21.452867], [72.752615, 21.463568], [72.748546, 21.479641], [72.738292, 21.482856], [72.683279, 21.465806], [72.66505, 21.457221], [72.612478, 21.421861], [72.583669, 21.417426], [72.589854, 21.432766], [72.61964, 21.487372], [72.635102, 21.499335], [72.651052, 21.507025], [72.690115, 21.540676], [72.703949, 21.548407], [72.726817, 21.553168], [72.75115, 21.565131], [72.773204, 21.580512], [72.789073, 21.595526], [72.810395, 21.635077], [72.82309, 21.643948], [72.833995, 21.644477], [72.858735, 21.6376], [72.871593, 21.636542], [72.889659, 21.64053], [72.935557, 21.658352], [72.965343, 21.678778], [73.022472, 21.698554], [73.084972, 21.729682], [73.108165, 21.733344], [73.116954, 21.73725], [73.126964, 21.746772], [73.132009, 21.757799], [73.12615, 21.766832], [73.118826, 21.764716], [73.083995, 21.746405], [73.046641, 21.733344], [73.041026, 21.73017], [73.022472, 21.71601], [73.012462, 21.712836], [72.991466, 21.708441], [72.950206, 21.689154], [72.926931, 21.684963], [72.882823, 21.69302], [72.858165, 21.694973], [72.840343, 21.688381], [72.819184, 21.675035], [72.798106, 21.673529], [72.755626, 21.684963], [72.733246, 21.687486], [72.676443, 21.678127], [72.653005, 21.680569], [72.634939, 21.684638], [72.616059, 21.685452], [72.570486, 21.670478], [72.550304, 21.666693], [72.534679, 21.672919], [72.528494, 21.695136], [72.532074, 21.713853], [72.550141, 21.751939], [72.556326, 21.774319], [72.562755, 21.839423], [72.566905, 21.849351], [72.58546, 21.858873], [72.598806, 21.881008], [72.618419, 21.925116], [72.634044, 21.937486], [72.65211, 21.941067], [72.690115, 21.938788], [72.702322, 21.947577], [72.706798, 21.966132], [72.714041, 21.982978], [72.734548, 21.986558], [72.734548, 21.994045], [72.72641, 21.995754], [72.7199, 21.996324], [72.713715, 21.995795], [72.707774, 21.994045], [72.700938, 21.988918], [72.69752, 21.982123], [72.695649, 21.975898], [72.693533, 21.972317], [72.623057, 21.96662], [72.611583, 21.955512], [72.602712, 21.94359], [72.581798, 21.928168], [72.558604, 21.915269], [72.542735, 21.910834], [72.533376, 21.920315], [72.507091, 21.962307], [72.50172, 21.97602], [72.504568, 21.994208], [72.517751, 22.032131], [72.522227, 22.054267], [72.521495, 22.066148], [72.519542, 22.077541], [72.519542, 22.088446], [72.53004, 22.107489], [72.533376, 22.118557], [72.535899, 22.14053], [72.542166, 22.156724], [72.557384, 22.176663], [72.57545, 22.194525], [72.590505, 22.205024], [72.614106, 22.211737], [72.634451, 22.210395], [72.652354, 22.202338], [72.669607, 22.18891], [72.681895, 22.181586], [72.691661, 22.181952], [72.699718, 22.184963], [72.707774, 22.185777], [72.719412, 22.182196], [72.729259, 22.177436], [72.74822, 22.164049], [72.790212, 22.217231], [72.812266, 22.234117], [72.847423, 22.240424], [72.865082, 22.233466], [72.881114, 22.220404], [72.897227, 22.213039], [72.916026, 22.22309], [72.92213, 22.236518], [72.922699, 22.254584], [72.917491, 22.27143], [72.905772, 22.281399], [72.899669, 22.269192], [72.886078, 22.262397], [72.869477, 22.262397], [72.854259, 22.270819], [72.838634, 22.276557], [72.818207, 22.273424], [72.798676, 22.26557], [72.785411, 22.256903], [72.756602, 22.24372], [72.726573, 22.248928], [72.659434, 22.273912], [72.646495, 22.273912], [72.635265, 22.271633], [72.625011, 22.271389], [72.606619, 22.28384], [72.596365, 22.286933], [72.573741, 22.288235], [72.553071, 22.282457], [72.521169, 22.253119], [72.50172, 22.240424], [72.479015, 22.233385], [72.466156, 22.232571], [72.457042, 22.236721], [72.454845, 22.245307], [72.46697, 22.255845], [72.463878, 22.263983], [72.448741, 22.266832], [72.432302, 22.255845], [72.413748, 22.246324], [72.391856, 22.253485], [72.386241, 22.266506], [72.381033, 22.289944], [72.380382, 22.312405], [72.388194, 22.322333], [72.404959, 22.332953], [72.408051, 22.353461], [72.397227, 22.366767], [72.371349, 22.355902], [72.361013, 22.343451], [72.34962, 22.324368], [72.340505, 22.303209], [72.336599, 22.284817], [72.328298, 22.260728], [72.309093, 22.257229], [72.288341, 22.261298], [72.275157, 22.260321], [72.263194, 22.276353], [72.265961, 22.28734], [72.264659, 22.295233], [72.240408, 22.301907], [72.223399, 22.303168], [72.208507, 22.300442], [72.200938, 22.291449], [72.206309, 22.273912], [72.161794, 22.280951], [72.148774, 22.277899], [72.166026, 22.260321], [72.190684, 22.251288], [72.209239, 22.259426], [72.240408, 22.288235], [72.246104, 22.27558], [72.243175, 22.265937], [72.237315, 22.256293], [72.234141, 22.243557], [72.239106, 22.238918], [72.268321, 22.226752], [72.306488, 22.22956], [72.317231, 22.184882], [72.307628, 22.079006], [72.298025, 22.061672], [72.295665, 22.051174], [72.291759, 22.053412], [72.283458, 22.043606], [72.276134, 22.031643], [72.275157, 22.027533], [72.25766, 22.012152], [72.24936, 22.008287], [72.237315, 22.007025], [72.220958, 22.010972], [72.216482, 22.007799], [72.214366, 21.994045], [72.206309, 21.994045], [72.19988, 22.006985], [72.19516, 22.003648], [72.191173, 21.993638], [72.186371, 21.986558], [72.182465, 21.982733], [72.173106, 21.975653], [72.163422, 21.973212], [72.15919, 21.98314], [72.151703, 21.993883], [72.134288, 22.004584], [72.11378, 22.010565], [72.097016, 22.007025], [72.119314, 21.993638], [72.128103, 21.983547], [72.124848, 21.972317], [72.114919, 21.969387], [72.076508, 21.979722], [72.08253, 21.973375], [72.104503, 21.959215], [72.104828, 21.951483], [72.102061, 21.945054], [72.096202, 21.94302], [72.087413, 21.948432], [72.073253, 21.954495], [72.055186, 21.953518], [72.038422, 21.947577], [72.028656, 21.938788], [72.087576, 21.919664], [72.104503, 21.91767], [72.1421, 21.924994], [72.156505, 21.925849], [72.145356, 21.91767], [72.145356, 21.910834], [72.15919, 21.904608], [72.152354, 21.897854], [72.16977, 21.890448], [72.167328, 21.879136], [72.160004, 21.865912], [72.162608, 21.852851], [72.169444, 21.841376], [72.161876, 21.839179], [72.13087, 21.846259], [72.123302, 21.853746], [72.111339, 21.869859], [72.098481, 21.88052], [72.077647, 21.894436], [72.057953, 21.898749], [72.049327, 21.880439], [72.052908, 21.876532], [72.061534, 21.873114], [72.071788, 21.870795], [72.080333, 21.869859], [72.086436, 21.865627], [72.104503, 21.835761], [72.086762, 21.830268], [72.062836, 21.834377], [72.004161, 21.857733], [71.997325, 21.854926], [71.99464, 21.839504], [71.994151, 21.812201], [71.996104, 21.799506], [72.001475, 21.787909], [72.005382, 21.792955], [72.009613, 21.7956], [72.021821, 21.800971], [72.021495, 21.79442], [72.022309, 21.780911], [72.021821, 21.774319], [72.054942, 21.78559], [72.073904, 21.788723], [72.087413, 21.784491], [72.103201, 21.775214], [72.117442, 21.776597], [72.166026, 21.793931], [72.171072, 21.790961], [72.172699, 21.777737], [72.177013, 21.766669], [72.195811, 21.757799], [72.200043, 21.750067], [72.202403, 21.748114], [72.214366, 21.712836], [72.219005, 21.706], [72.223806, 21.700588], [72.230235, 21.69599], [72.240408, 21.691718], [72.251801, 21.690904], [72.263031, 21.692328], [72.271739, 21.690904], [72.278331, 21.671942], [72.285411, 21.665025], [72.292491, 21.659491], [72.295665, 21.653876], [72.296641, 21.642157], [72.298513, 21.633979], [72.298839, 21.626288], [72.295665, 21.616034], [72.292003, 21.611762], [72.279145, 21.600531], [72.275157, 21.595526], [72.242198, 21.48078], [72.2199, 21.444729], [72.16684, 21.392076], [72.15919, 21.373277], [72.151622, 21.360175], [72.116059, 21.32274], [72.104503, 21.315009], [72.110037, 21.304836], [72.111501, 21.296088], [72.107758, 21.289984], [72.097016, 21.287665], [72.10255, 21.2744], [72.099376, 21.26496], [72.093598, 21.258205], [72.090831, 21.252916], [72.093516, 21.243557], [72.104503, 21.222154], [72.104747, 21.205064], [72.090831, 21.191474], [72.084809, 21.188707], [72.07545, 21.185696], [72.066661, 21.181342], [72.062836, 21.174709], [72.055024, 21.168362], [71.990733, 21.136379], [71.972423, 21.13227], [71.92628, 21.130032], [71.806163, 21.062079], [71.788585, 21.047512], [71.76295, 21.032294], [71.743663, 21.027574], [71.730235, 21.030707], [71.717621, 21.03205], [71.699743, 21.021306], [71.68336, 21.011461], [71.639985, 20.996812], [71.583507, 20.958238], [71.549571, 20.951239], [71.557302, 20.96601], [71.562348, 20.972968], [71.569347, 20.979193], [71.551117, 20.973578], [71.536794, 20.964301], [71.493419, 20.929145], [71.484386, 20.917141], [71.480724, 20.900377], [71.46225, 20.885321], [71.378103, 20.859442], [71.318614, 20.849311], [71.140636, 20.765692], [71.116954, 20.766913], [71.110118, 20.759467], [71.09547, 20.763739], [71.083263, 20.756537], [71.072602, 20.745673], [71.062348, 20.738959], [71.044444, 20.740546], [71.024181, 20.744534], [71.00766, 20.741604], [71.005951, 20.736558], [71.000824, 20.722154], [70.982432, 20.71015], [70.972992, 20.709621], [70.902531, 20.70552], [70.84018, 20.70189], [70.819672, 20.702948], [70.801606, 20.709052], [70.785167, 20.722154], [70.774587, 20.727362], [70.763194, 20.724555], [70.751638, 20.719631], [70.740245, 20.718492], [70.730805, 20.723212], [70.698578, 20.746405], [70.562174, 20.799767], [70.541515, 20.807847], [70.484141, 20.84394], [70.463064, 20.848863], [70.451427, 20.855902], [70.417003, 20.890448], [70.398774, 20.90351], [70.336681, 20.927069], [70.299978, 20.958564], [70.26352, 20.980414], [70.152192, 21.078518], [70.054445, 21.153155], [69.968019, 21.258055], [69.966156, 21.263414], [69.958263, 21.273342], [69.911632, 21.315009], [69.844981, 21.389594], [69.814708, 21.433661], [69.808604, 21.465806], [69.788748, 21.469306], [69.771495, 21.47842], [69.756358, 21.490424], [69.629731, 21.616034], [69.568207, 21.650133], [69.552745, 21.665188], [69.519786, 21.704779], [69.49936, 21.720201], [69.478526, 21.752631], [69.4463, 21.766303], [69.427419, 21.781236], [69.397716, 21.815253], [69.391775, 21.83218], [69.395193, 21.861314], [69.39088, 21.876695], [69.367849, 21.856106], [69.355479, 21.853176], [69.336192, 21.862454], [69.243907, 21.94595], [69.21225, 21.967475], [69.198416, 21.979722], [69.150645, 22.041205], [69.119314, 22.062079], [69.103038, 22.076361], [69.092052, 22.099595], [69.048188, 22.157904], [69.012543, 22.185614], [68.994151, 22.203925], [68.980479, 22.235541], [68.953298, 22.276028], [68.944591, 22.295071], [68.944021, 22.318264], [68.951427, 22.334866], [68.960623, 22.349514], [68.965017, 22.366767], [68.967621, 22.387193], [68.974376, 22.404731], [68.983246, 22.419379], [68.992931, 22.431586], [69.007498, 22.443183], [69.047537, 22.464016], [69.073578, 22.481879], [69.081391, 22.480536], [69.085216, 22.472886], [69.082286, 22.45954], [69.074474, 22.449449], [69.056, 22.44184], [69.048188, 22.431586], [69.062266, 22.407701], [69.071788, 22.399482], [69.088552, 22.396877], [69.097423, 22.398871], [69.11378, 22.407864], [69.122732, 22.411078], [69.132009, 22.410468], [69.139822, 22.407131], [69.146983, 22.404853], [69.154633, 22.407701], [69.168793, 22.42064], [69.178559, 22.427639], [69.188243, 22.426418], [69.202159, 22.414862], [69.20574, 22.398668], [69.18214, 22.366441], [69.185313, 22.349677], [69.169688, 22.327948], [69.173839, 22.308295], [69.19044, 22.292304], [69.212087, 22.281399], [69.212087, 22.273912], [69.286469, 22.284613], [69.335704, 22.306138], [69.346446, 22.324897], [69.359874, 22.329169], [69.435395, 22.33039], [69.468923, 22.337836], [69.479666, 22.342231], [69.485362, 22.347561], [69.500011, 22.366767], [69.502696, 22.37226], [69.508556, 22.374254], [69.515147, 22.37519], [69.519867, 22.377631], [69.525645, 22.392076], [69.522797, 22.403876], [69.516938, 22.416083], [69.513682, 22.431586], [69.515961, 22.448147], [69.521983, 22.44892], [69.530772, 22.446112], [69.541026, 22.452094], [69.547862, 22.452094], [69.559825, 22.411526], [69.561697, 22.391588], [69.554698, 22.377631], [69.569021, 22.370551], [69.601085, 22.363837], [69.616059, 22.355902], [69.617442, 22.365058], [69.619884, 22.371039], [69.629731, 22.383775], [69.640391, 22.375963], [69.647227, 22.380439], [69.652354, 22.389879], [69.657725, 22.396877], [69.661306, 22.400214], [69.665212, 22.404975], [69.669444, 22.409247], [69.674653, 22.411078], [69.680837, 22.409613], [69.694509, 22.403957], [69.699392, 22.404283], [69.708995, 22.418891], [69.725352, 22.464545], [69.733409, 22.480048], [69.742198, 22.472968], [69.788748, 22.423163], [69.794932, 22.418606], [69.806977, 22.420966], [69.812999, 22.429511], [69.816905, 22.440985], [69.822276, 22.452094], [69.833263, 22.463813], [69.841807, 22.466376], [69.851085, 22.465237], [69.86378, 22.465766], [69.884776, 22.473578], [69.905284, 22.486396], [69.962087, 22.535346], [69.972992, 22.541449], [69.973888, 22.539984], [69.996267, 22.541449], [70.002696, 22.543158], [70.020844, 22.555121], [70.059093, 22.558417], [70.144705, 22.547797], [70.178477, 22.561957], [70.189708, 22.577786], [70.207286, 22.614976], [70.234874, 22.648871], [70.267263, 22.705959], [70.319102, 22.778266], [70.323253, 22.787665], [70.321544, 22.811713], [70.32252, 22.822659], [70.32545, 22.826321], [70.342947, 22.843166], [70.375255, 22.902655], [70.387706, 22.912014], [70.404633, 22.919501], [70.43686, 22.954901], [70.45338, 22.96662], [70.462738, 22.966539], [70.474294, 22.964057], [70.486339, 22.96369], [70.497569, 22.970038], [70.504731, 22.97956], [70.51238, 22.995347], [70.517914, 23.003892], [70.527192, 23.023586], [70.528494, 23.047065], [70.523692, 23.07038], [70.514903, 23.089545], [70.50294, 23.104397], [70.484223, 23.122138], [70.467133, 23.129706], [70.459646, 23.114], [70.450938, 23.105658], [70.410655, 23.086005], [70.398774, 23.069037], [70.398936, 23.059068], [70.401052, 23.045396], [70.40447, 23.033352], [70.410981, 23.023179], [70.401866, 22.999254], [70.402029, 22.99022], [70.403819, 22.981879], [70.403494, 22.967841], [70.401622, 22.953843], [70.398774, 22.945502], [70.392426, 22.940863], [70.384532, 22.93887], [70.363536, 22.938707], [70.357677, 22.936713], [70.352387, 22.933051], [70.34669, 22.931301], [70.339529, 22.935289], [70.334483, 22.940131], [70.330414, 22.943305], [70.325694, 22.945014], [70.319102, 22.945502], [70.314626, 22.943508], [70.308767, 22.939765], [70.303477, 22.938137], [70.300059, 22.944281], [70.29363, 22.951402], [70.291759, 22.95303], [70.269298, 22.958564], [70.258311, 22.971869], [70.249685, 22.987454], [70.233084, 23.000149], [70.231944, 22.974921], [70.222016, 22.959174], [70.204112, 22.952216], [70.178477, 22.95303], [70.171723, 22.951972], [70.167735, 22.949123], [70.163097, 22.948961], [70.154307, 22.956041], [70.150727, 22.961005], [70.149669, 22.964301], [70.147472, 22.966051], [70.140636, 22.96662], [70.12908, 22.969306], [70.125011, 22.975979], [70.126231, 22.984809], [70.130626, 22.993964], [70.109548, 22.959174], [70.120453, 22.952582], [70.132335, 22.941067], [70.135427, 22.929999], [70.120128, 22.925035], [70.061778, 22.918199], [69.996918, 22.893785], [69.940684, 22.886135], [69.884288, 22.867825], [69.852875, 22.863593], [69.833181, 22.858466], [69.806814, 22.845282], [69.780121, 22.82746], [69.760102, 22.808336], [69.728852, 22.754828], [69.715831, 22.746894], [69.694347, 22.749701], [69.653819, 22.760484], [69.585704, 22.761176], [69.575694, 22.76435], [69.556977, 22.77851], [69.544444, 22.781684], [69.510753, 22.780504], [69.500011, 22.781684], [69.489431, 22.784735], [69.482595, 22.788479], [69.477306, 22.79206], [69.472179, 22.794664], [69.424653, 22.804267], [69.405935, 22.813666], [69.372569, 22.818996], [69.338145, 22.833075], [69.23878, 22.841946], [69.201915, 22.85224], [69.13559, 22.888373], [69.039887, 22.950507], [68.866222, 23.019965], [68.691254, 23.13052], [68.660655, 23.154242], [68.654063, 23.157782], [68.650645, 23.162055], [68.651134, 23.171454], [68.649669, 23.180854], [68.622569, 23.191555], [68.609141, 23.206773], [68.599946, 23.225043], [68.595714, 23.240383], [68.598318, 23.236965], [68.609386, 23.226711], [68.620128, 23.245429], [68.62322, 23.256171], [68.623057, 23.267646], [68.605317, 23.259589], [68.57781, 23.255276], [68.552257, 23.259711], [68.541026, 23.278225], [68.561046, 23.316107], [68.568533, 23.318427], [68.599132, 23.322252], [68.606944, 23.325588], [68.603038, 23.332831], [68.592052, 23.340074], [68.57838, 23.343411], [68.571056, 23.346381], [68.566661, 23.352973], [68.563731, 23.359931], [68.561046, 23.363918], [68.555186, 23.363959], [68.548513, 23.361518], [68.543142, 23.358588], [68.541026, 23.357001], [68.52947, 23.363105], [68.520681, 23.369208], [68.515147, 23.377021], [68.513194, 23.388088], [68.515147, 23.399319], [68.520763, 23.407538], [68.529552, 23.411933], [68.541026, 23.411689], [68.536388, 23.421332], [68.530121, 23.425686], [68.522146, 23.42475], [68.513194, 23.418524], [68.501475, 23.423285], [68.49643, 23.417873], [68.490489, 23.409329], [68.475352, 23.404853], [68.462576, 23.409125], [68.458832, 23.419827], [68.461111, 23.433173], [68.465505, 23.445787], [68.451915, 23.43773], [68.44044, 23.434272], [68.430919, 23.436591], [68.423676, 23.445787], [68.432953, 23.465888], [68.447439, 23.487454], [68.465587, 23.505276], [68.48585, 23.514106], [68.481293, 23.525133], [68.475597, 23.524115], [68.468028, 23.519843], [68.458669, 23.52147], [68.454112, 23.526272], [68.444021, 23.541205], [68.437348, 23.548814], [68.441417, 23.53205], [68.447439, 23.516343], [68.446951, 23.502997], [68.431163, 23.493598], [68.411632, 23.494696], [68.406098, 23.508734], [68.410818, 23.548814], [68.404959, 23.597602], [68.408865, 23.621324], [68.427501, 23.631415], [68.471528, 23.618638], [68.491466, 23.618842], [68.492686, 23.6376], [68.486176, 23.641425], [68.476899, 23.63935], [68.468761, 23.640815], [68.465505, 23.65526], [68.469412, 23.659247], [68.488943, 23.664781], [68.504731, 23.674221], [68.523936, 23.67593], [68.533539, 23.679185], [68.538829, 23.684027], [68.554698, 23.706488], [68.583507, 23.735297], [68.601736, 23.748684], [68.637869, 23.761542], [68.654552, 23.799058], [68.670746, 23.815741], [68.680186, 23.817776], [68.715587, 23.815741], [68.725597, 23.818915], [68.745128, 23.833075], [68.756521, 23.836249], [68.768809, 23.841132], [68.821625, 23.878404], [68.805675, 23.884426], [68.78004, 23.874091], [68.766938, 23.878404], [68.740245, 23.853461], [68.717784, 23.84101], [68.691905, 23.836656], [68.654063, 23.836249], [68.633474, 23.833075], [68.623057, 23.824408], [68.609386, 23.795233], [68.598888, 23.781887], [68.587738, 23.775702], [68.554698, 23.768541], [68.538341, 23.761298], [68.52475, 23.752021], [68.51002, 23.744086], [68.47283, 23.737494], [68.449718, 23.723334], [68.427745, 23.714301], [68.410818, 23.700507], [68.34197, 23.623969], [68.351573, 23.617825], [68.353038, 23.610663], [68.348888, 23.60342], [68.34197, 23.596625], [68.327322, 23.5869], [68.317638, 23.586127], [68.308116, 23.589057], [68.294119, 23.590399], [68.230805, 23.58808], [68.181407, 23.594062], [68.1574, 23.600816], [68.143403, 23.612698], [68.150076, 23.631415], [68.154145, 23.63231], [68.174327, 23.631415], [68.178233, 23.634345], [68.181895, 23.647854], [68.184255, 23.651923], [68.19809, 23.659084], [68.209321, 23.662746], [68.220063, 23.659247], [68.232677, 23.645006], [68.245128, 23.659125], [68.261892, 23.661444], [68.27589, 23.665839], [68.280447, 23.685981], [68.258962, 23.674709], [68.240977, 23.674018], [68.224864, 23.681871], [68.208751, 23.696234], [68.19752, 23.714545], [68.195811, 23.733466], [68.197927, 23.753404], [68.197765, 23.774807], [68.178233, 23.754299], [68.168142, 23.747463], [68.163748, 23.757717], [68.166026, 23.773179], [68.175629, 23.798245], [68.179698, 23.82746], [68.182465, 23.835761], [68.183035, 23.842108], [68.183116, 23.843451], [68.157481, 23.905097], [68.156423, 23.87401], [68.157481, 23.864163], [68.160167, 23.857856], [68.168712, 23.844794], [68.170584, 23.839911], [68.166759, 23.820014], [68.148692, 23.780911], [68.143321, 23.761135], [68.144216, 23.74315], [68.154796, 23.714301], [68.157481, 23.696234], [68.149099, 23.694525], [68.130382, 23.708197], [68.102224, 23.733832], [68.098888, 23.709296], [68.081716, 23.708686], [68.062755, 23.723131], [68.053884, 23.74372], [68.056977, 23.750963], [68.071056, 23.760647], [68.074392, 23.764838], [68.073253, 23.783433], [68.074392, 23.788398], [68.081716, 23.80565], [68.088227, 23.809516], [68.102224, 23.809516], [68.102224, 23.815741], [68.08839, 23.826077], [68.07252, 23.841864], [68.059418, 23.861884], [68.053884, 23.88467], [68.061697, 23.911282], [68.063731, 23.923163], [68.047699, 23.92121], [68.024181, 23.935248], [68.01352, 23.939276], [68.041515, 23.85224], [68.053884, 23.829413], [68.035655, 23.792426], [68.024425, 23.774604], [68.01352, 23.768541], [68.007986, 23.774237], [68.003429, 23.785305], [68.000336, 23.797309], [67.999278, 23.805813], [67.994151, 23.811184], [67.983165, 23.809638], [67.973399, 23.805243], [67.971934, 23.802069], [67.961925, 23.804674], [67.950857, 23.808905], [67.941661, 23.815863], [67.937755, 23.826321], [67.934255, 23.832994], [67.926036, 23.834052], [67.916759, 23.833645], [67.909923, 23.836249], [67.904633, 23.846259], [67.905935, 23.85928], [67.899913, 23.86758], [67.891938, 23.869574], [67.883474, 23.864814], [67.868907, 23.850491], [67.864513, 23.86579], [67.863292, 23.902818], [67.855235, 23.911933], [67.849132, 23.889472], [67.839041, 23.823391], [67.831716, 23.809516], [67.802582, 23.812812], [67.773204, 23.821112], [67.718598, 23.843695], [67.730724, 23.835598], [67.741059, 23.823065], [67.743663, 23.808783], [67.73227, 23.795233], [67.715668, 23.791693], [67.693614, 23.793443], [67.656586, 23.802069], [67.646495, 23.802883], [67.637706, 23.801744], [67.631602, 23.803453], [67.629242, 23.812649], [67.630707, 23.824774], [67.634288, 23.833075], [67.638845, 23.840644], [67.642914, 23.850491], [67.651052, 23.90705], [67.656586, 23.919379], [67.656586, 23.925605], [67.652029, 23.925279], [67.651052, 23.926907], [67.651215, 23.929755], [67.650401, 23.933051], [67.638031, 23.91592], [67.63738, 23.874254], [67.629242, 23.856676], [67.614513, 23.850084], [67.59962, 23.854234], [67.589366, 23.866523], [67.58839, 23.88467], [67.574555, 23.871772], [67.566091, 23.876451], [67.558116, 23.888658], [67.546641, 23.898261], [67.532563, 23.899156], [67.530121, 23.891262], [67.535899, 23.880032], [67.546641, 23.870998], [67.491059, 23.883124], [67.478526, 23.891506], [67.488048, 23.893052], [67.495291, 23.892279], [67.502615, 23.89289], [67.512543, 23.898261], [67.520518, 23.90705], [67.532237, 23.929145], [67.540538, 23.939276], [67.530528, 23.935492], [67.519867, 23.92829], [67.509044, 23.923245], [67.498871, 23.925605], [67.496918, 23.935614], [67.499766, 23.951646], [67.506358, 23.974026], [67.463634, 23.982001], [67.451182, 23.987698], [67.46811, 24.021959], [67.478201, 24.032416], [67.492198, 24.028022], [67.519867, 24.045071], [67.529796, 24.054918], [67.533051, 24.070258], [67.509776, 24.052069], [67.489106, 24.054104], [67.467296, 24.064154], [67.440684, 24.070258], [67.383556, 24.066799], [67.354015, 24.070868], [67.341319, 24.086371], [67.337087, 24.118964], [67.326427, 24.143785], [67.300304, 24.186265], [67.295584, 24.199205], [67.293305, 24.212226], [67.292328, 24.261868], [67.288422, 24.269965], [67.279145, 24.281236], [67.283865, 24.287909], [67.289317, 24.298651], [67.292817, 24.302965], [67.285981, 24.329576], [67.305919, 24.342841], [67.336436, 24.346422], [67.362478, 24.34394], [67.34254, 24.353827], [67.325369, 24.357611], [67.28297, 24.357611], [67.271658, 24.369086], [67.273611, 24.395087], [67.286632, 24.439521], [67.280528, 24.432318], [67.273611, 24.426947], [67.2588, 24.419094], [67.256847, 24.444973], [67.246837, 24.467963], [67.230724, 24.488837], [67.210948, 24.50845], [67.230805, 24.525092], [67.226736, 24.532375], [67.204112, 24.535102], [67.194591, 24.547268], [67.18865, 24.561347], [67.185232, 24.576117], [67.183604, 24.590318], [67.199474, 24.584784], [67.21811, 24.582424], [67.236664, 24.58397], [67.252615, 24.590318], [67.223888, 24.607164], [67.208995, 24.613756], [67.19044, 24.617662], [67.172699, 24.615871], [67.159923, 24.61225], [67.15211, 24.615709], [67.149587, 24.635077], [67.156993, 24.662909], [67.175548, 24.688707], [67.199962, 24.710639], [67.22462, 24.726955], [67.25294, 24.740383], [67.255544, 24.747992], [67.245128, 24.761664], [67.232677, 24.770738], [67.223806, 24.769721], [67.212657, 24.764716], [67.176036, 24.757717], [67.167328, 24.760159], [67.161632, 24.781399], [67.156016, 24.791571], [67.148204, 24.799791], [67.139659, 24.80329], [67.121837, 24.801215], [67.111095, 24.797756], [67.099946, 24.797065], [67.081228, 24.80329], [67.073741, 24.795803], [67.08253, 24.774156], [67.063731, 24.781684], [67.02296, 24.810045], [67.005056, 24.813544], [66.987315, 24.822211], [66.972992, 24.833157], [66.965099, 24.843573], [66.957693, 24.843573], [66.957856, 24.825426], [66.960216, 24.817816], [66.965099, 24.810045], [66.941173, 24.812567], [66.921886, 24.824286], [66.903331, 24.839179], [66.882091, 24.85102], [66.85377, 24.85224], [66.827322, 24.844143], [66.802501, 24.839545], [66.779633, 24.85102], [66.769298, 24.847235], [66.716319, 24.841539], [66.691417, 24.832587], [66.679698, 24.830552], [66.654145, 24.839179], [66.656749, 24.85871], [66.677013, 24.879543], [66.704438, 24.892035], [66.704438, 24.898871], [66.681326, 24.910549], [66.681326, 24.948879], [66.697032, 25.025458], [66.699555, 25.085273], [66.704438, 25.104315], [66.713552, 25.120754], [66.73227, 25.143256], [66.737966, 25.159491], [66.737153, 25.181098], [66.721446, 25.212592], [66.71754, 25.231187], [66.710216, 25.239244], [66.674083, 25.269029], [66.659516, 25.27558], [66.648285, 25.283189], [66.595225, 25.330227], [66.56072, 25.349677], [66.547862, 25.365627], [66.553722, 25.385443], [66.579275, 25.379381], [66.591156, 25.399604], [66.587087, 25.426215], [66.56422, 25.439439], [66.550548, 25.457099], [66.541677, 25.492174], [66.531016, 25.518134], [66.512706, 25.508368], [66.51059, 25.512926], [66.507335, 25.517564], [66.50587, 25.52204], [66.492849, 25.518052], [66.486583, 25.525621], [66.482921, 25.538235], [66.477875, 25.549302], [66.444102, 25.582506], [66.437022, 25.597724], [66.41212, 25.590562], [66.387706, 25.592434], [66.372569, 25.603909], [66.375499, 25.625678], [66.358653, 25.614488], [66.338552, 25.6081], [66.303233, 25.60456], [66.29127, 25.605943], [66.270518, 25.61164], [66.258149, 25.612006], [66.254242, 25.609605], [66.248383, 25.604682], [66.239757, 25.599921], [66.203949, 25.593207], [66.183442, 25.58161], [66.167166, 25.566067], [66.155772, 25.549302], [66.13738, 25.513821], [66.131602, 25.508368], [66.12086, 25.504584], [66.10963, 25.495429], [66.099946, 25.484361], [66.094412, 25.47484], [66.121104, 25.475165], [66.20045, 25.48786], [66.213064, 25.49136], [66.223643, 25.499498], [66.238455, 25.515815], [66.241547, 25.518459], [66.245128, 25.520413], [66.249685, 25.521633], [66.255138, 25.52204], [66.2588, 25.524848], [66.258311, 25.531399], [66.256847, 25.538479], [66.258149, 25.543118], [66.279145, 25.549994], [66.309337, 25.554023], [66.336436, 25.553371], [66.348318, 25.54621], [66.352712, 25.535549], [66.363536, 25.530341], [66.376964, 25.527045], [66.38852, 25.52204], [66.397146, 25.512885], [66.411957, 25.491116], [66.423188, 25.481024], [66.437266, 25.491278], [66.456228, 25.496039], [66.475841, 25.493313], [66.492198, 25.481024], [66.45753, 25.453762], [66.497895, 25.430487], [66.511567, 25.414211], [66.498383, 25.398505], [66.483897, 25.400539], [66.465505, 25.411607], [66.437022, 25.433254], [66.359548, 25.465237], [66.31186, 25.474921], [66.278656, 25.467353], [66.251801, 25.472886], [66.219493, 25.464911], [66.187022, 25.452948], [66.15919, 25.446926], [66.069021, 25.446234], [66.004649, 25.429633], [65.92449, 25.418606], [65.881521, 25.419623], [65.858409, 25.417548], [65.823985, 25.402248], [65.800304, 25.395819], [65.765391, 25.377997], [65.724376, 25.371161], [65.671641, 25.347398], [65.65211, 25.344468], [65.629731, 25.34691], [65.488129, 25.383124], [65.467784, 25.385443], [65.446056, 25.381008], [65.422862, 25.372382], [65.400727, 25.366685], [65.382335, 25.371161], [65.386974, 25.37641], [65.395356, 25.392279], [65.362804, 25.39057], [65.336192, 25.385321], [65.313243, 25.376858], [65.292328, 25.364976], [65.259776, 25.380439], [65.23227, 25.370673], [65.211111, 25.347846], [65.187999, 25.311021], [65.180186, 25.303656], [65.170177, 25.299465], [65.155284, 25.296088], [65.143403, 25.295885], [65.118012, 25.301947], [65.08961, 25.305569], [65.058849, 25.314521], [65.042003, 25.316596], [64.980642, 25.316596], [64.920665, 25.327053], [64.889659, 25.328355], [64.861095, 25.316596], [64.839122, 25.325344], [64.807302, 25.328518], [64.744395, 25.324042], [64.718516, 25.314399], [64.695974, 25.297593], [64.678559, 25.276801], [64.66863, 25.255113], [64.662771, 25.229071], [64.663341, 25.217027], [64.66863, 25.206732], [64.679861, 25.201483], [64.6963, 25.197089], [64.709158, 25.19066], [64.710216, 25.179389], [64.702322, 25.178778], [64.65504, 25.165717], [64.640636, 25.166571], [64.615245, 25.173163], [64.600352, 25.173163], [64.626964, 25.211615], [64.627696, 25.228461], [64.610606, 25.251695], [64.593028, 25.261298], [64.56544, 25.27025], [64.53712, 25.275865], [64.518403, 25.27558], [64.506602, 25.266913], [64.492035, 25.245673], [64.480235, 25.241441], [64.46754, 25.240383], [64.448009, 25.235745], [64.439301, 25.234605], [64.417491, 25.240912], [64.382823, 25.27147], [64.360688, 25.283026], [64.318207, 25.292304], [64.275076, 25.296088], [64.265798, 25.298651], [64.252778, 25.311591], [64.24464, 25.316596], [64.18393, 25.318671], [64.094493, 25.335883], [64.094737, 25.349921], [64.103689, 25.367865], [64.106944, 25.385443], [64.101736, 25.390855], [64.092296, 25.395982], [64.083507, 25.40351], [64.0796, 25.416205], [64.083751, 25.426744], [64.093761, 25.431789], [64.106212, 25.433254], [64.117442, 25.433254], [64.14088, 25.42886], [64.15089, 25.432115], [64.155284, 25.446926], [64.150727, 25.451402], [64.140636, 25.453355], [64.127289, 25.453762], [64.081554, 25.443752], [64.056488, 25.441718], [64.045421, 25.450344], [63.989594, 25.425442], [63.976573, 25.412787], [63.991384, 25.416653], [63.997081, 25.419623], [64.004242, 25.402045], [64.011729, 25.397284], [64.021495, 25.402737], [64.035167, 25.416205], [64.048839, 25.41649], [64.061697, 25.399156], [64.0796, 25.364976], [64.066742, 25.346259], [64.059744, 25.34455], [64.042003, 25.344468], [64.004893, 25.339016], [63.987071, 25.338324], [63.969737, 25.344468], [63.944102, 25.334906], [63.906586, 25.341213], [63.804942, 25.374986], [63.737804, 25.385321], [63.669932, 25.383612], [63.604666, 25.374416], [63.57252, 25.364976], [63.554373, 25.356187], [63.537608, 25.344468], [63.510509, 25.316596], [63.495779, 25.291409], [63.485199, 25.284329], [63.469493, 25.289252], [63.474132, 25.273139], [63.4817, 25.260159], [63.511974, 25.226711], [63.516856, 25.223578], [63.518728, 25.220852], [63.517914, 25.214179], [63.515391, 25.206855], [63.511729, 25.200263], [63.506602, 25.195502], [63.500499, 25.193671], [63.468761, 25.199042], [63.411143, 25.22248], [63.376964, 25.227769], [63.308116, 25.220364], [63.291352, 25.222805], [63.244151, 25.241441], [63.178477, 25.258043], [63.144054, 25.260932], [63.113129, 25.255113], [63.050955, 25.224189], [63.027843, 25.220364], [62.942393, 25.227769], [62.770518, 25.261908], [62.604959, 25.265997], [62.527479, 25.264188], [62.477179, 25.259064], [62.465017, 25.23725], [62.467621, 25.223538], [62.489431, 25.214179], [62.469493, 25.206732], [62.444347, 25.213935], [62.413829, 25.206529], [62.385265, 25.19245], [62.365896, 25.179389], [62.354747, 25.16942], [62.34311, 25.155463], [62.336192, 25.139838], [62.339122, 25.124742], [62.35199, 25.112829], [62.373222, 25.108394], [62.387243, 25.101575], [62.381052, 25.087572], [62.339713, 25.087399], [62.289954, 25.090016], [62.256055, 25.098627], [62.280284, 25.116604], [62.283946, 25.11994], [62.287771, 25.12226], [62.290782, 25.124742], [62.299327, 25.128811], [62.308279, 25.12816], [62.315278, 25.130194], [62.318126, 25.141832], [62.303977, 25.166923], [62.297479, 25.185133], [62.275184, 25.19989], [62.254222, 25.212032], [62.225792, 25.214054], [62.191809, 25.220081], [62.145193, 25.218411], [62.102712, 25.205146], [62.080031, 25.197152], [62.068045, 25.178142], [62.058989, 25.161636], [62.07309, 25.15058], [62.077828, 25.127713], [62.088902, 25.118422], [62.097179, 25.107123], [62.075551, 25.100749], [62.035841, 25.103044], [61.98911, 25.108074], [61.929498, 25.109563], [61.881114, 25.103013], [61.869884, 25.083889], [61.866384, 25.075426], [61.857432, 25.06684], [61.847341, 25.037909], [61.835216, 25.038398], [61.814853, 25.02618], [61.790478, 25.017763], [61.754868, 25.013467], [61.729551, 25.021783], [61.720064, 25.037436], [61.725759, 25.058905], [61.73585, 25.069525], [61.728526, 25.083075], [61.732432, 25.09162], [61.749522, 25.104315], [61.76002, 25.115383], [61.762706, 25.121975], [61.763845, 25.134996], [61.766775, 25.145657], [61.780121, 25.162543], [61.783702, 25.173163], [61.783051, 25.187974], [61.779552, 25.191067], [61.773692, 25.188422], [61.766856, 25.186225], [61.763927, 25.184272], [61.755138, 25.175605], [61.749522, 25.173163], [61.744314, 25.174954], [61.73113, 25.184068], [61.725352, 25.186225], [61.713634, 25.188056], [61.70753, 25.192206], [61.702485, 25.197008], [61.694184, 25.200507], [61.682791, 25.201646], [61.650157, 25.200507], [61.634125, 25.203925], [61.624197, 25.204413], [61.612437, 25.200507], [61.588227, 25.202094], [61.581879, 25.216702], [61.579763, 25.233466], [61.562348, 25.244818], [61.559255, 25.250963], [61.554454, 25.254096], [61.544688, 25.248277], [61.54184, 25.24258], [61.540375, 25.226508], [61.537283, 25.220364], [61.542817, 25.215644], [61.552745, 25.205064], [61.55836, 25.200507], [61.536957, 25.202704], [61.520763, 25.208645], [61.504242, 25.208808], [61.482595, 25.193671], [61.506196, 25.186835], [61.515961, 25.181871], [61.524181, 25.173163], [61.518809, 25.16352], [61.503184, 25.14525], [61.498546, 25.13467], [61.498546, 25.129381], [61.497406, 25.125434], [61.489513, 25.118598], [61.475108, 25.11164], [61.420584, 25.096869], [61.435069, 25.087714], [61.411717, 25.059408], [61.24353, 25.111886], [61.185068, 25.123249], [61.185476, 25.139608], [61.170269, 25.16444], [61.03061, 25.209784], [60.86671, 25.234605], [60.727712, 25.26439], [60.633474, 25.27497], [60.616954, 25.283189], [60.632335, 25.296088], [60.608165, 25.327582], [60.604991, 25.341051], [60.604747, 25.397162], [60.601573, 25.405951], [60.565196, 25.438625], [60.549653, 25.446926], [60.532074, 25.44892], [60.514171, 25.447333], [60.445649, 25.428168], [60.428477, 25.419623], [60.418956, 25.405992], [60.403331, 25.388861], [60.395274, 25.377875], [60.39503, 25.371324], [60.398123, 25.364976], [60.402029, 25.344672], [60.406912, 25.341946], [60.413748, 25.341295], [60.424815, 25.336371], [60.433442, 25.336493], [60.437673, 25.33393], [60.441661, 25.327582], [60.452207, 25.317385], [60.441254, 25.318793], [60.441091, 25.316596], [60.470063, 25.303087], [60.467246, 25.290276], [60.455645, 25.29279], [60.423523, 25.304965], [60.382823, 25.320258], [60.362559, 25.330552], [60.319223, 25.329851], [60.290294, 25.351304], [60.299653, 25.367255], [60.303966, 25.371161], [60.289399, 25.377183], [60.271251, 25.379584], [60.235037, 25.377997], [60.207367, 25.373114], [60.201508, 25.371161], [60.192556, 25.362006], [60.192556, 25.356147], [60.195079, 25.351223], [60.215974, 25.33828], [60.20921, 25.319689], [60.181977, 25.319892], [60.161876, 25.331977], [60.15089, 25.335273], [60.11671, 25.33983], [60.108897, 25.34512], [60.097911, 25.35814], [60.082038, 25.36595], [60.045325, 25.363858], [60.0, 25.35761782083219], [60.0, 38.0], [100.0, 38.0], [100.0, 13.327339484161813], [99.993663, 13.321723]]], [[[99.689464, 0.020087], [99.632823, 0.081], [99.61085, 0.098578], [99.534028, 0.140326], [99.490489, 0.155422], [99.450206, 0.161282], [99.426931, 0.161363], [99.408214, 0.163886], [99.392589, 0.171698], [99.378184, 0.187974], [99.356619, 0.225653], [99.341075, 0.238756], [99.316173, 0.242621], [99.29656, 0.237698], [99.26059, 0.219875], [99.244151, 0.215969], [99.233409, 0.217027], [99.221934, 0.220364], [99.211274, 0.225653], [99.203136, 0.232733], [99.193696, 0.24315], [99.188813, 0.245592], [99.182302, 0.244086], [99.168712, 0.242621], [99.16212, 0.245266], [99.142345, 0.258246], [99.13795, 0.263088], [99.139334, 0.273749], [99.153087, 0.287177], [99.158458, 0.297838], [99.158458, 0.320014], [99.148448, 0.333157], [99.131521, 0.340562], [99.110606, 0.345649], [99.128754, 0.391791], [99.132335, 0.412055], [99.127208, 0.484361], [99.122569, 0.509019], [99.110606, 0.52383], [99.098399, 0.514228], [99.097341, 0.530748], [99.103852, 0.578437], [99.100271, 0.601752], [99.089854, 0.622016], [99.072765, 0.630805], [99.048595, 0.61994], [99.04005, 0.650458], [99.047374, 0.739732], [99.041759, 0.777045], [99.006114, 0.818752], [98.997325, 0.825426], [98.981212, 0.831732], [98.976736, 0.847357], [98.980317, 0.886217], [98.975841, 0.920844], [98.917328, 1.117174], [98.850597, 1.277289], [98.839041, 1.301256], [98.836925, 1.311469], [98.838878, 1.321357], [98.842947, 1.333441], [98.844574, 1.345893], [98.840017, 1.356757], [98.799083, 1.398749], [98.788585, 1.413804], [98.775401, 1.451565], [98.770274, 1.474595], [98.768077, 1.493598], [98.764659, 1.498847], [98.756521, 1.504462], [98.746267, 1.508938], [98.73699, 1.510688], [98.730235, 1.51439], [98.725841, 1.523627], [98.720225, 1.545396], [98.709646, 1.564114], [98.711274, 1.569566], [98.727061, 1.57217], [98.733653, 1.569892], [98.740408, 1.56391], [98.745372, 1.556138], [98.747406, 1.548529], [98.753429, 1.535631], [98.766449, 1.549018], [98.788585, 1.586412], [98.798188, 1.599066], [98.818858, 1.619696], [98.822602, 1.630439], [98.823578, 1.666693], [98.819102, 1.682318], [98.805919, 1.68887], [98.788097, 1.691352], [98.783702, 1.699042], [98.784516, 1.711859], [98.78297, 1.729722], [98.773936, 1.748603], [98.760102, 1.764146], [98.727061, 1.791897], [98.715017, 1.78498], [98.711111, 1.77912], [98.712738, 1.763902], [98.715099, 1.763983], [98.724946, 1.756822], [98.727061, 1.756496], [98.726736, 1.749416], [98.721528, 1.739081], [98.720225, 1.733466], [98.711111, 1.725775], [98.690684, 1.736274], [98.658214, 1.763902], [98.576182, 1.888088], [98.535167, 1.936469], [98.444021, 1.991156], [98.426117, 1.997626], [98.406993, 2.001939], [98.387869, 2.003485], [98.365977, 2.002875], [98.354503, 2.003811], [98.34962, 2.007229], [98.349376, 2.02143], [98.347179, 2.028998], [98.341156, 2.033393], [98.329845, 2.038275], [98.311778, 2.039618], [98.288829, 2.03734], [98.269216, 2.038072], [98.260916, 2.048529], [98.256114, 2.07331], [98.243663, 2.087551], [98.209483, 2.109931], [98.152599, 2.156928], [98.08961, 2.195868], [97.983572, 2.244371], [97.955903, 2.271715], [97.93336, 2.269761], [97.881114, 2.250312], [97.866873, 2.247463], [97.850759, 2.251207], [97.829438, 2.264228], [97.817719, 2.258938], [97.809906, 2.263658], [97.803396, 2.27204], [97.79477, 2.277818], [97.786143, 2.278022], [97.768565, 2.273017], [97.757335, 2.271674], [97.744395, 2.281073], [97.706065, 2.346137], [97.676443, 2.375922], [97.663585, 2.392076], [97.658214, 2.411566], [97.661143, 2.52733], [97.644054, 2.668891], [97.608897, 2.848619], [97.602712, 2.866197], [97.592784, 2.873684], [97.577403, 2.875922], [97.53533, 2.888251], [97.48463, 2.913031], [97.463878, 2.919623], [97.441661, 2.922105], [97.42213, 2.928371], [97.40504, 2.943345], [97.332042, 3.031399], [97.313487, 3.061672], [97.300792, 3.093411], [97.285167, 3.178453], [97.270763, 3.214423], [97.240489, 3.238023], [97.206716, 3.24079], [97.182628, 3.245998], [97.171641, 3.254828], [97.166352, 3.267971], [97.018565, 3.522691], [96.999766, 3.545885], [96.921723, 3.605699], [96.903494, 3.63467], [96.8921, 3.66649], [96.883556, 3.68244], [96.873057, 3.689276], [96.866059, 3.692125], [96.842052, 3.706732], [96.838145, 3.712633], [96.828868, 3.71662], [96.817638, 3.719916], [96.807872, 3.724066], [96.778005, 3.742987], [96.760509, 3.748684], [96.559825, 3.746568], [96.519867, 3.754828], [96.479503, 3.778713], [96.430349, 3.825263], [96.279307, 4.025784], [96.211436, 4.09394], [96.20753, 4.100491], [96.201915, 4.11518], [96.197765, 4.121283], [96.190929, 4.125963], [96.175304, 4.132717], [96.167654, 4.138373], [96.159679, 4.141303], [96.147146, 4.142483], [96.135265, 4.141669], [96.130138, 4.138373], [96.125173, 4.13642], [96.11378, 4.147162], [96.065196, 4.205024], [96.049653, 4.214301], [96.030772, 4.217475], [96.01002, 4.225653], [95.903494, 4.344713], [95.814138, 4.432847], [95.80714, 4.446112], [95.758962, 4.484442], [95.725841, 4.531684], [95.656505, 4.579983], [95.616547, 4.628404], [95.598969, 4.635199], [95.576182, 4.63467], [95.56544, 4.637519], [95.560883, 4.645738], [95.563243, 4.651557], [95.572927, 4.660712], [95.575206, 4.666571], [95.57252, 4.673814], [95.566661, 4.675198], [95.559581, 4.674628], [95.554047, 4.676215], [95.526866, 4.697252], [95.515147, 4.713528], [95.489106, 4.762437], [95.468435, 4.789496], [95.459972, 4.797187], [95.441254, 4.810614], [95.434337, 4.817125], [95.42628, 4.827338], [95.424571, 4.832343], [95.425059, 4.837348], [95.423839, 4.84748], [95.418468, 4.862494], [95.405772, 4.887681], [95.400157, 4.910549], [95.385997, 4.935126], [95.379893, 4.960435], [95.348888, 5.037502], [95.338878, 5.053534], [95.324474, 5.070299], [95.312836, 5.087144], [95.305919, 5.103583], [95.296886, 5.1164], [95.279796, 5.122504], [95.299164, 5.150336], [95.301606, 5.172431], [95.29127, 5.191636], [95.27296, 5.211168], [95.256033, 5.223375], [95.248709, 5.231024], [95.245616, 5.241645], [95.243988, 5.256049], [95.239513, 5.270819], [95.231944, 5.282294], [95.221446, 5.286933], [95.198985, 5.292873], [95.205333, 5.307563], [95.222179, 5.326402], [95.231944, 5.344631], [95.233897, 5.35932], [95.245291, 5.379136], [95.25172, 5.395575], [95.253591, 5.411566], [95.249685, 5.424954], [95.231944, 5.450751], [95.245453, 5.460517], [95.236827, 5.474026], [95.223888, 5.489569], [95.225108, 5.505439], [95.203624, 5.533677], [95.197276, 5.546373], [95.212738, 5.573147], [95.223888, 5.580268], [95.23878, 5.574368], [95.250499, 5.579047], [95.260427, 5.577541], [95.269705, 5.574408], [95.279796, 5.574368], [95.288341, 5.578762], [95.304942, 5.591986], [95.315766, 5.597968], [95.335297, 5.612128], [95.345225, 5.615302], [95.358897, 5.616889], [95.369151, 5.621283], [95.412852, 5.649563], [95.431895, 5.65469], [95.449718, 5.649563], [95.477061, 5.623603], [95.494314, 5.612291], [95.502696, 5.605129], [95.511241, 5.603013], [95.521251, 5.609198], [95.533702, 5.622138], [95.576182, 5.631252], [95.611583, 5.626654], [95.762218, 5.57685], [95.83961, 5.528551], [95.855479, 5.522162], [95.872569, 5.519721], [95.887543, 5.512152], [95.894379, 5.493801], [95.903575, 5.450751], [95.930431, 5.414496], [96.054942, 5.313625], [96.088064, 5.295478], [96.126231, 5.281806], [96.290538, 5.258979], [96.303966, 5.254299], [96.344412, 5.232327], [96.362153, 5.225491], [96.406586, 5.217231], [96.429454, 5.218329], [96.448497, 5.228583], [96.466319, 5.235541], [96.486339, 5.229397], [96.507091, 5.218573], [96.527354, 5.211168], [96.567638, 5.208441], [96.650564, 5.216254], [96.684906, 5.225491], [96.785132, 5.259857], [96.82838, 5.280178], [96.848643, 5.276597], [96.894379, 5.262112], [96.907237, 5.262681], [96.922862, 5.269477], [96.973399, 5.273424], [97.030198, 5.251295], [97.074339, 5.238155], [97.109641, 5.214092], [97.149345, 5.198772], [97.166026, 5.173733], [97.175955, 5.161282], [97.19516, 5.156643], [97.226553, 5.146221], [97.268368, 5.155068], [97.496837, 5.251899], [97.526215, 5.242255], [97.664399, 5.073432], [97.830089, 4.938788], [97.873871, 4.91885], [97.893809, 4.905829], [97.90919, 4.889594], [97.956065, 4.80801], [97.963227, 4.789496], [97.975352, 4.706244], [97.983735, 4.678412], [98.007009, 4.633857], [98.0088, 4.623684], [98.007091, 4.597724], [97.996837, 4.570217], [97.992524, 4.553778], [97.996837, 4.546454], [98.026215, 4.553168], [98.038829, 4.551947], [98.048025, 4.539008], [98.053966, 4.553168], [98.06129, 4.554836], [98.075938, 4.546454], [98.078868, 4.540513], [98.082856, 4.536078], [98.08961, 4.532782], [98.094005, 4.533189], [98.105724, 4.537828], [98.113536, 4.539008], [98.138194, 4.53441], [98.159679, 4.522284], [98.176117, 4.504828], [98.185802, 4.484442], [98.192149, 4.484442], [98.19516, 4.489203], [98.201915, 4.494086], [98.20574, 4.498033], [98.219005, 4.484768], [98.240571, 4.456732], [98.254161, 4.443427], [98.268321, 4.432318], [98.275564, 4.42536], [98.278575, 4.415473], [98.282481, 4.364936], [98.267751, 4.292629], [98.267589, 4.287909], [98.266368, 4.211575], [98.263438, 4.202867], [98.240489, 4.190172], [98.196137, 4.175116], [98.185802, 4.169745], [98.180024, 4.158189], [98.178071, 4.141832], [98.178966, 4.108222], [98.201834, 4.132148], [98.217052, 4.14411], [98.237071, 4.149237], [98.239594, 4.153713], [98.256847, 4.17178], [98.260916, 4.173163], [98.263031, 4.177314], [98.29949, 4.089016], [98.305675, 4.080308], [98.362966, 4.087551], [98.384451, 4.086493], [98.405772, 4.078925], [98.441661, 4.057522], [98.462657, 4.053046], [98.477224, 4.04621], [98.497569, 4.014553], [98.507986, 4.004584], [98.526378, 4.003241], [98.5442, 4.005194], [98.557791, 4.0008], [98.567882, 3.966457], [98.5796, 3.953843], [98.5949, 3.943671], [98.610362, 3.936347], [98.67662, 3.914547], [98.700269, 3.875304], [98.699718, 3.83393], [98.710623, 3.803778], [98.796582, 3.725443], [98.896583, 3.681402], [98.95753, 3.671332], [98.977907, 3.657914], [99.009252, 3.635417], [99.026885, 3.629545], [99.052357, 3.621714], [99.07391, 3.608994], [99.10134, 3.582579], [99.179761, 3.546338], [99.270038, 3.484586], [99.368175, 3.407945], [99.383962, 3.398871], [99.420909, 3.391547], [99.433279, 3.38288], [99.453868, 3.360989], [99.47877, 3.346015], [99.489757, 3.336249], [99.497569, 3.309516], [99.506033, 3.295966], [99.52768, 3.271552], [99.558116, 3.244574], [99.589366, 3.227973], [99.685313, 3.204739], [99.719493, 3.191596], [99.737559, 3.189032], [99.750743, 3.180487], [99.781586, 3.120754], [99.833995, 3.072414], [99.852875, 3.047268], [99.857921, 3.011461], [99.889985, 3.018256], [99.911306, 3.000067], [99.930512, 2.975409], [99.957286, 2.96308], [99.979503, 2.948472], [99.990245, 2.914496], [99.997895, 2.79914], [99.99586, 2.78559], [99.988617, 2.77204], [99.979015, 2.759467], [99.970714, 2.745429], [99.967133, 2.72724], [99.96461, 2.719387], [99.954356, 2.703843], [99.953461, 2.696234], [99.959239, 2.687893], [99.967621, 2.684312], [99.976736, 2.68244], [99.984141, 2.678778], [99.992686, 2.668769], [99.99171, 2.664211], [99.987641, 2.660875], [99.987641, 2.654608], [100.0, 2.63464400070891], [100.0, 0.0], [99.7127104770565, 0.0], [99.689464, 0.020087]]], [[[99.980235, 2.697333], [99.973969, 2.70307], [99.985688, 2.718451], [100.0, 2.724208100708704], [100.0, 2.685866296595066], [99.980235, 2.697333]]], [[[90.834637, 22.458296], [90.855024, 22.434665], [90.835022, 22.339616], [90.836192, 22.178168], [90.827891, 22.152411], [90.77475, 22.075914], [90.757335, 22.061672], [90.75587, 22.065985], [90.750011, 22.075995], [90.727061, 22.053697], [90.717784, 22.048407], [90.691661, 22.007025], [90.682872, 22.003974], [90.670421, 21.997707], [90.657725, 21.992865], [90.647472, 21.994045], [90.639415, 22.016099], [90.651215, 22.044623], [90.669932, 22.074937], [90.681814, 22.102607], [90.625987, 22.027167], [90.610037, 22.024115], [90.603526, 22.044013], [90.607758, 22.072333], [90.618988, 22.101304], [90.633311, 22.123114], [90.622244, 22.145087], [90.631847, 22.182115], [90.673513, 22.266425], [90.678477, 22.282782], [90.681814, 22.301907], [90.681895, 22.360419], [90.687999, 22.377631], [90.679942, 22.407172], [90.677745, 22.426703], [90.681814, 22.439032], [90.681814, 22.445258], [90.670584, 22.463853], [90.658946, 22.5244], [90.647472, 22.548285], [90.631358, 22.561591], [90.574962, 22.598863], [90.558767, 22.602932], [90.553966, 22.639797], [90.556326, 22.674709], [90.578624, 22.757025], [90.58546, 22.768052], [90.596202, 22.775377], [90.613455, 22.781684], [90.631033, 22.785631], [90.650564, 22.787421], [90.660619, 22.757805], [90.671546, 22.72241], [90.684095, 22.694373], [90.701369, 22.661898], [90.715507, 22.638284], [90.731272, 22.620527], [90.746979, 22.596907], [90.754507, 22.548434], [90.76694, 22.517531], [90.790553, 22.495333], [90.834637, 22.458296]]]]}}, {"type": "Feature", "properties": {"source": "Natural Earth 10m Land (South Asia & Indian EEZ)"}, "geometry": {"type": "MultiPolygon", "coordinates": [[[[80.983165, 15.780748], [80.988536, 15.770738], [80.984874, 15.761786], [80.97169, 15.750474], [80.942556, 15.741075], [80.917979, 15.755113], [80.8685, 15.811957], [80.879161, 15.840074], [80.888357, 15.846747], [80.937266, 15.818915], [80.968272, 15.795233], [80.983165, 15.780748]]], [[[98.570974, 1.673082], [98.590668, 1.651923], [98.599132, 1.631985], [98.581065, 1.626776], [98.559906, 1.623603], [98.528819, 1.623236], [98.497569, 1.627265], [98.464854, 1.644192], [98.451834, 1.646226], [98.439952, 1.649848], [98.431651, 1.661526], [98.430186, 1.676459], [98.434825, 1.691962], [98.445649, 1.704332], [98.462657, 1.709296], [98.477061, 1.703599], [98.488129, 1.690497], [98.504161, 1.664944], [98.521007, 1.655585], [98.531098, 1.661444], [98.540538, 1.673407], [98.555186, 1.682034], [98.570974, 1.673082]]], [[[97.144786, 2.051947], [97.123057, 2.039293], [97.120128, 2.034857], [97.124278, 2.021674], [97.115001, 2.014716], [97.102306, 2.016059], [97.069021, 2.087144], [97.07545, 2.086005], [97.08725, 2.096869], [97.09254, 2.105536], [97.100352, 2.111274], [97.120128, 2.113349], [97.1338, 2.107164], [97.142914, 2.092271], [97.148448, 2.074164], [97.151134, 2.058092], [97.144786, 2.051947]]], [[[95.126964, 5.702053], [95.133311, 5.691311], [95.132335, 5.680121], [95.122081, 5.669257], [95.094737, 5.68358], [95.06072, 5.656236], [95.056895, 5.669094], [95.05714, 5.67475], [95.06072, 5.68358], [95.050304, 5.686225], [95.047862, 5.689643], [95.051036, 5.694403], [95.057302, 5.700914], [95.05714, 5.707343], [95.051036, 5.712958], [95.048676, 5.718451], [95.06072, 5.724555], [95.06072, 5.732001], [95.048839, 5.736477], [95.040375, 5.736029], [95.032725, 5.733547], [95.023123, 5.732001], [95.012706, 5.735826], [95.014659, 5.744615], [95.023692, 5.754055], [95.033946, 5.759914], [95.058279, 5.75731], [95.080903, 5.740953], [95.102306, 5.720201], [95.122081, 5.704657], [95.115245, 5.711493], [95.126964, 5.702053]]], [[[99.800442, 6.272811], [99.823922, 6.282136], [99.836978, 6.294227], [99.839782, 6.277297], [99.832318, 6.268915], [99.824859, 6.25772], [99.824962, 6.245592], [99.823253, 6.239081], [99.823812, 6.222867], [99.830233, 6.205753], [99.826428, 6.190675], [99.816953, 6.176528], [99.805596, 6.171793], [99.789523, 6.185876], [99.784059, 6.201119], [99.77471, 6.204017], [99.767234, 6.223804], [99.786292, 6.241822], [99.800442, 6.272811]]], [[[99.127452, 7.644355], [99.127452, 7.62519], [99.124034, 7.606838], [99.117442, 7.595893], [99.108735, 7.594184], [99.099864, 7.596625], [99.093028, 7.601264], [99.09018, 7.605862], [99.087657, 7.612047], [99.081879, 7.616034], [99.075206, 7.619127], [99.069591, 7.622545], [99.044607, 7.663398], [99.067068, 7.675198], [99.104503, 7.669379], [99.124278, 7.657375], [99.127452, 7.644355]]], [[[81.737071, 7.670966], [81.733165, 7.679104], [81.728363, 7.689114], [81.725108, 7.69892], [81.725597, 7.709296], [81.728689, 7.718492], [81.729991, 7.728217], [81.725108, 7.739814], [81.725108, 7.739936], [81.737966, 7.727484], [81.750255, 7.698635], [81.759288, 7.685289], [81.761485, 7.679511], [81.770763, 7.65469], [81.795095, 7.616278], [81.806326, 7.598578], [81.823253, 7.511298], [81.822602, 7.49136], [81.807791, 7.479193], [81.793712, 7.49022], [81.789399, 7.494737], [81.787364, 7.496812], [81.786713, 7.501776], [81.785981, 7.506741], [81.786143, 7.508775], [81.790294, 7.571723], [81.787364, 7.593451], [81.776378, 7.602729], [81.772227, 7.61164], [81.73878, 7.660468], [81.737071, 7.670966]]], [[[88.88852, 21.589545], [88.902029, 21.580268], [88.911306, 21.566881], [88.91391, 21.548407], [88.90797, 21.530707], [88.895763, 21.528469], [88.879731, 21.529975], [88.862478, 21.523586], [88.838715, 21.531928], [88.830821, 21.577379], [88.841319, 21.614], [88.872895, 21.595526], [88.88852, 21.589545]]], [[[89.139008, 21.766832], [89.144705, 21.739325], [89.132498, 21.721625], [89.102306, 21.736762], [89.051524, 21.793199], [89.051443, 21.797105], [89.057791, 21.80329], [89.06422, 21.822089], [89.063813, 21.841457], [89.053722, 21.874742], [89.051117, 21.890326], [89.044688, 21.907782], [89.045665, 21.91706], [89.057384, 21.91767], [89.061534, 21.914944], [89.064952, 21.910224], [89.067638, 21.904364], [89.071544, 21.890326], [89.081309, 21.822943], [89.092784, 21.793402], [89.115733, 21.781155], [89.139008, 21.766832]]], [[[88.650157, 21.927436], [88.663259, 21.921291], [88.670584, 21.907416], [88.667003, 21.890326], [88.655284, 21.866604], [88.649181, 21.842353], [88.646332, 21.787909], [88.636241, 21.79267], [88.59962, 21.803656], [88.591807, 21.804389], [88.590505, 21.812893], [88.584972, 21.826606], [88.584321, 21.835761], [88.586274, 21.843004], [88.598643, 21.869859], [88.616466, 21.897935], [88.636241, 21.921373], [88.650157, 21.927436]]], [[[90.506114, 23.314195], [90.487071, 23.319037], [90.468761, 23.33161], [90.437266, 23.361802], [90.426606, 23.375963], [90.429698, 23.385159], [90.45574, 23.384955], [90.491873, 23.373033], [90.539399, 23.350002], [90.577647, 23.323635], [90.586192, 23.301744], [90.549571, 23.326239], [90.529552, 23.333564], [90.524099, 23.322252], [90.506114, 23.314195]]], [[[98.299083, 8.997382], [98.310883, 8.978176], [98.306977, 8.957913], [98.293956, 8.934638], [98.270518, 8.877183], [98.261567, 8.878567], [98.253103, 8.897854], [98.250987, 8.918443], [98.255707, 8.939765], [98.25587, 8.966376], [98.252208, 8.997016], [98.260916, 9.012926], [98.279307, 9.009345], [98.288422, 9.004462], [98.299083, 8.997382]]]]}}, {"type": "Feature", "properties": {"source": "Natural Earth 10m Land (South Asia & Indian EEZ)"}, "geometry": {"type": "MultiPolygon", "coordinates": [[[[97.336274, 2.126654], [97.341075, 2.105699], [97.343028, 2.083319], [97.342296, 2.058092], [97.339529, 2.049465], [97.335216, 2.042182], [97.329356, 2.036322], [97.321788, 2.03144], [97.320323, 2.049994], [97.321788, 2.058092], [97.306163, 2.057196], [97.296153, 2.069525], [97.287852, 2.08747], [97.278087, 2.103095], [97.233897, 2.147162], [97.226817, 2.158026], [97.207367, 2.175523], [97.102794, 2.212714], [97.109386, 2.22016], [97.125173, 2.225491], [97.167003, 2.2331], [97.171723, 2.2331], [97.178477, 2.230658], [97.182791, 2.22606], [97.19158, 2.20893], [97.208018, 2.207587], [97.220714, 2.214301], [97.232921, 2.223822], [97.246755, 2.230658], [97.264659, 2.232245], [97.281261, 2.229071], [97.289236, 2.221177], [97.281505, 2.20893], [97.305837, 2.18537], [97.319835, 2.178656], [97.323741, 2.169582], [97.328624, 2.147528], [97.336274, 2.126654]]], [[[95.351329, 5.88703], [95.382823, 5.841864], [95.382823, 5.807074], [95.375987, 5.807074], [95.372569, 5.813625], [95.368663, 5.818305], [95.355479, 5.827582], [95.355317, 5.795152], [95.350434, 5.783637], [95.33839, 5.779202], [95.320323, 5.780748], [95.302745, 5.785712], [95.286632, 5.79442], [95.27296, 5.807074], [95.26588, 5.821112], [95.259776, 5.83926], [95.252696, 5.854967], [95.231456, 5.869289], [95.220551, 5.885932], [95.213552, 5.902533], [95.21461, 5.910102], [95.236176, 5.909125], [95.247813, 5.905219], [95.259288, 5.89643], [95.272472, 5.870307], [95.283865, 5.857408], [95.29713, 5.858588], [95.307302, 5.872382], [95.314952, 5.887763], [95.324962, 5.898017], [95.341807, 5.89643], [95.351329, 5.88703]]], [[[99.910865, 6.348726], [99.914477, 6.339711], [99.91627, 6.331529], [99.906103, 6.326067], [99.891694, 6.321945], [99.883162, 6.312731], [99.870508, 6.304924], [99.865692, 6.290527], [99.849418, 6.300712], [99.844586, 6.324686], [99.825333, 6.324099], [99.807307, 6.317532], [99.79177, 6.298457], [99.778032, 6.282973], [99.761664, 6.282843], [99.748949, 6.270183], [99.736673, 6.264571], [99.728735, 6.261476], [99.715458, 6.310058], [99.722132, 6.327483], [99.719044, 6.353231], [99.702807, 6.358625], [99.676838, 6.363974], [99.658702, 6.362616], [99.650076, 6.376695], [99.646007, 6.394192], [99.645228, 6.435841], [99.669444, 6.426886], [99.688751, 6.435305], [99.721371, 6.434152], [99.736478, 6.423984], [99.770927, 6.419842], [99.785996, 6.422854], [99.802249, 6.43605], [99.814292, 6.454037], [99.823951, 6.454646], [99.839203, 6.45482], [99.834483, 6.463284], [99.832774, 6.470852], [99.842029, 6.469639], [99.851085, 6.465644], [99.858897, 6.443793], [99.866466, 6.429674], [99.878266, 6.419745], [99.898936, 6.410346], [99.897594, 6.402047], [99.904796, 6.397773], [99.913341, 6.390204], [99.90903, 6.378068], [99.900617, 6.364304], [99.910865, 6.348726]]], [[[99.67213, 6.50731], [99.670421, 6.501451], [99.66627, 6.497016], [99.658702, 6.492336], [99.646821, 6.50967], [99.634148, 6.552055], [99.600271, 6.583441], [99.603038, 6.596991], [99.613943, 6.608832], [99.623871, 6.622707], [99.625987, 6.632799], [99.623546, 6.651068], [99.623871, 6.657416], [99.629242, 6.663642], [99.636404, 6.666897], [99.642426, 6.671332], [99.64503, 6.681057], [99.646495, 6.699368], [99.650645, 6.71776], [99.656993, 6.723822], [99.680512, 6.672919], [99.68029, 6.624039], [99.696044, 6.587453], [99.704438, 6.558295], [99.703298, 6.544379], [99.699718, 6.533271], [99.692638, 6.528144], [99.683604, 6.526842], [99.675792, 6.524563], [99.672374, 6.516547], [99.67213, 6.50731]]], [[[93.734386, 7.350816], [93.728526, 7.337104], [93.715505, 7.325832], [93.696951, 7.314765], [93.67921, 7.298326], [93.644216, 7.257514], [93.628184, 7.253323], [93.617931, 7.259955], [93.616384, 7.267279], [93.617442, 7.276068], [93.615082, 7.287421], [93.61085, 7.294501], [93.594005, 7.314765], [93.606944, 7.326402], [93.610362, 7.347317], [93.61671, 7.367255], [93.638682, 7.376166], [93.667247, 7.382758], [93.677989, 7.3994], [93.683767, 7.421698], [93.696951, 7.445054], [93.696951, 7.417792], [93.699474, 7.398749], [93.709483, 7.388739], [93.72169, 7.381171], [93.731212, 7.369371], [93.734386, 7.350816]]], [[[93.433116, 7.954291], [93.459809, 7.910793], [93.46046, 7.899848], [93.457367, 7.880194], [93.454438, 7.869289], [93.447927, 7.871405], [93.43686, 7.883287], [93.421235, 7.891791], [93.41505, 7.892239], [93.40211, 7.890082], [93.389171, 7.88581], [93.378429, 7.880764], [93.367849, 7.878607], [93.354259, 7.883287], [93.344981, 7.891343], [93.340343, 7.901272], [93.341075, 7.912584], [93.348155, 7.924872], [93.340668, 7.931708], [93.332693, 7.924954], [93.323009, 7.924384], [93.31365, 7.929185], [93.306651, 7.938544], [93.305024, 7.949937], [93.313324, 7.989732], [93.322602, 8.002102], [93.344412, 8.012112], [93.370291, 8.01732], [93.391368, 8.01557], [93.394786, 8.006741], [93.396169, 7.997219], [93.396007, 7.976386], [93.401215, 7.967963], [93.424164, 7.959866], [93.429454, 7.955268], [93.433116, 7.954291]]], [[[98.421886, 7.908433], [98.427989, 7.913235], [98.431651, 7.917426], [98.439626, 7.901923], [98.439789, 7.886623], [98.431814, 7.874945], [98.399669, 7.864569], [98.395356, 7.850491], [98.398123, 7.815009], [98.362315, 7.832424], [98.343923, 7.832913], [98.336111, 7.811265], [98.33253, 7.785956], [98.32309, 7.770941], [98.309093, 7.767727], [98.29184, 7.777493], [98.286632, 7.791693], [98.281423, 7.855943], [98.27768, 7.86343], [98.27296, 7.870673], [98.269054, 7.879136], [98.267751, 7.890082], [98.271983, 7.893459], [98.28004, 7.896918], [98.28533, 7.903754], [98.281423, 7.917426], [98.275727, 7.921047], [98.257986, 7.926418], [98.254161, 7.92829], [98.258637, 7.9383], [98.267589, 7.946275], [98.274099, 7.953681], [98.271495, 7.962104], [98.265961, 7.973782], [98.27003, 7.983954], [98.277599, 7.993557], [98.281423, 8.003079], [98.280447, 8.014228], [98.276134, 8.03384], [98.274425, 8.069322], [98.275157, 8.07567], [98.277599, 8.083157], [98.28533, 8.098863], [98.288259, 8.109198], [98.290212, 8.130113], [98.28891, 8.151801], [98.281423, 8.191799], [98.285981, 8.191148], [98.289073, 8.189683], [98.295665, 8.184963], [98.302908, 8.188056], [98.311534, 8.185533], [98.320811, 8.179104], [98.330089, 8.170478], [98.335704, 8.15644], [98.343516, 8.109198], [98.34962, 8.109198], [98.360118, 8.118842], [98.373709, 8.110907], [98.389171, 8.095445], [98.405528, 8.082506], [98.412852, 8.094306], [98.422618, 8.099311], [98.43214, 8.095933], [98.439138, 8.082506], [98.438487, 8.065741], [98.431895, 8.049791], [98.41863, 8.027289], [98.417735, 8.01911], [98.419932, 8.001044], [98.41863, 7.99315], [98.414317, 7.988918], [98.408214, 7.985663], [98.402192, 7.981024], [98.398123, 7.972642], [98.397472, 7.955024], [98.401541, 7.935777], [98.408946, 7.917711], [98.41863, 7.903754], [98.421886, 7.908433]]], [[[93.528005, 8.032416], [93.514903, 8.027655], [93.511974, 8.024156], [93.509776, 8.018541], [93.494965, 7.996283], [93.484386, 7.991889], [93.479259, 8.002916], [93.477306, 8.030992], [93.480805, 8.040513], [93.488536, 8.044379], [93.495616, 8.049384], [93.497813, 8.061998], [93.505219, 8.061998], [93.514822, 8.05622], [93.516938, 8.0633], [93.511485, 8.074856], [93.497813, 8.082506], [93.492198, 8.063625], [93.479747, 8.063218], [93.466319, 8.074408], [93.457367, 8.089993], [93.446625, 8.154364], [93.446544, 8.164496], [93.454845, 8.170111], [93.465099, 8.183295], [93.473643, 8.198188], [93.477306, 8.209133], [93.48585, 8.22012], [93.504649, 8.226996], [93.523448, 8.225816], [93.531668, 8.213202], [93.531016, 8.193752], [93.521495, 8.179104], [93.510509, 8.166571], [93.505219, 8.14704], [93.508556, 8.128811], [93.525157, 8.095038], [93.537608, 8.057318], [93.537364, 8.047797], [93.531912, 8.034735], [93.528005, 8.032416]]], [[[99.956309, 9.421617], [99.946625, 9.418199], [99.940766, 9.437486], [99.936697, 9.474555], [99.92628, 9.493964], [99.941173, 9.511868], [99.939626, 9.53026], [99.931163, 9.54857], [99.92628, 9.565985], [99.93629, 9.577704], [99.959483, 9.580756], [99.984711, 9.579006], [100.0, 9.575157383400281], [100.0, 9.425865788503023], [99.956309, 9.421617]]], [[[98.28004, 10.051011], [98.273936, 10.048041], [98.273692, 10.042182], [98.275157, 10.035834], [98.281016, 10.028388], [98.289399, 10.024319], [98.294119, 10.01911], [98.288259, 10.007961], [98.269216, 10.00259], [98.258149, 9.985989], [98.251231, 9.968329], [98.243907, 9.96011], [98.227794, 9.954006], [98.193533, 9.931464], [98.178966, 9.932807], [98.175466, 9.921454], [98.170909, 9.912258], [98.168468, 9.904608], [98.17156, 9.898098], [98.145763, 9.856838], [98.133474, 9.845608], [98.131196, 9.864488], [98.120616, 9.861314], [98.117198, 9.882025], [98.118175, 9.908515], [98.120372, 9.922553], [98.124278, 9.931383], [98.127452, 9.96011], [98.140636, 9.963284], [98.148204, 9.970364], [98.151866, 9.977444], [98.15447, 9.980618], [98.160167, 9.984117], [98.164317, 9.992255], [98.167817, 10.00141], [98.17156, 10.007961], [98.178966, 10.014106], [98.20574, 10.028998], [98.23463, 10.054185], [98.254405, 10.06269], [98.275157, 10.05565], [98.279633, 10.058661], [98.282481, 10.059394], [98.295665, 10.05565], [98.295665, 10.048896], [98.28004, 10.051011]]], [[[98.270681, 10.818671], [98.270763, 10.798896], [98.276378, 10.784491], [98.295665, 10.781928], [98.286876, 10.768948], [98.28297, 10.756537], [98.28533, 10.745063], [98.295665, 10.734687], [98.290538, 10.735256], [98.289236, 10.733588], [98.289317, 10.730618], [98.288259, 10.727281], [98.276622, 10.705146], [98.267833, 10.696519], [98.250743, 10.693101], [98.236827, 10.697333], [98.232188, 10.708319], [98.233653, 10.740953], [98.237804, 10.738186], [98.240489, 10.734687], [98.255544, 10.746405], [98.251638, 10.756008], [98.233653, 10.768256], [98.233897, 10.782864], [98.241954, 10.814399], [98.240489, 10.830959], [98.236583, 10.833645], [98.222911, 10.837795], [98.219981, 10.840888], [98.219493, 10.84984], [98.218516, 10.855618], [98.216319, 10.859849], [98.198741, 10.881659], [98.178966, 10.898586], [98.176768, 10.894029], [98.17335, 10.889309], [98.17156, 10.884955], [98.165294, 10.919094], [98.155772, 10.923977], [98.146739, 10.924506], [98.140147, 10.919908], [98.137462, 10.909125], [98.131033, 10.902899], [98.100271, 10.882025], [98.08961, 10.878119], [98.077403, 10.888088], [98.086192, 10.903957], [98.110118, 10.929348], [98.112966, 10.934027], [98.126313, 10.942206], [98.131196, 10.946357], [98.133311, 10.952948], [98.136729, 10.970649], [98.14088, 10.977444], [98.153494, 10.981147], [98.171886, 10.978664], [98.191173, 10.971177], [98.20574, 10.960028], [98.215587, 10.944525], [98.222016, 10.926663], [98.225597, 10.907416], [98.226817, 10.888088], [98.231781, 10.870266], [98.243663, 10.85928], [98.257335, 10.849921], [98.267751, 10.837144], [98.270681, 10.818671]]], [[[98.29184, 11.798896], [98.306651, 11.777411], [98.318207, 11.749986], [98.323009, 11.731269], [98.320079, 11.72191], [98.313487, 11.718695], [98.306407, 11.717475], [98.302013, 11.714179], [98.300304, 11.704779], [98.302013, 11.673245], [98.29005, 11.631659], [98.287852, 11.610907], [98.295665, 11.591254], [98.282563, 11.566352], [98.283539, 11.509426], [98.275157, 11.48078], [98.267751, 11.488227], [98.26588, 11.483059], [98.26352, 11.478827], [98.261567, 11.474189], [98.260916, 11.46776], [98.25172, 11.476508], [98.237641, 11.493801], [98.233653, 11.501899], [98.226736, 11.494289], [98.223481, 11.488837], [98.223643, 11.482978], [98.226817, 11.473944], [98.210134, 11.472724], [98.201996, 11.466254], [98.2046, 11.458482], [98.219981, 11.453518], [98.210297, 11.44892], [98.198904, 11.446479], [98.187022, 11.446438], [98.176524, 11.449164], [98.165294, 11.453518], [98.164887, 11.458482], [98.165294, 11.473944], [98.175059, 11.470893], [98.184093, 11.472642], [98.192231, 11.478664], [98.199474, 11.488227], [98.196462, 11.497056], [98.192638, 11.518012], [98.188975, 11.525824], [98.187511, 11.53498], [98.196462, 11.542385], [98.20753, 11.548407], [98.213145, 11.553412], [98.210948, 11.561469], [98.206309, 11.564765], [98.201671, 11.569078], [98.199474, 11.580471], [98.202647, 11.589179], [98.216807, 11.598944], [98.222911, 11.61758], [98.229747, 11.620998], [98.236583, 11.62226], [98.240489, 11.624823], [98.240896, 11.636176], [98.23463, 11.655585], [98.233653, 11.666409], [98.238455, 11.687079], [98.267751, 11.741441], [98.272472, 11.786078], [98.278331, 11.799791], [98.29184, 11.798896]]], [[[98.543712, 11.798977], [98.549001, 11.791571], [98.552419, 11.781643], [98.555186, 11.769436], [98.556407, 11.758734], [98.555512, 11.728095], [98.546072, 11.699205], [98.549001, 11.621731], [98.545746, 11.609036], [98.531586, 11.593329], [98.528494, 11.580471], [98.529552, 11.566799], [98.53419, 11.542629], [98.53533, 11.529242], [98.524181, 11.537014], [98.508556, 11.555894], [98.500499, 11.563381], [98.489757, 11.567206], [98.476817, 11.570258], [98.46518, 11.574897], [98.458995, 11.583808], [98.441905, 11.564114], [98.432384, 11.566718], [98.42921, 11.583157], [98.431651, 11.604926], [98.423839, 11.599066], [98.419119, 11.599555], [98.415701, 11.604438], [98.411632, 11.611762], [98.41863, 11.63227], [98.410411, 11.646064], [98.397716, 11.655463], [98.391287, 11.662991], [98.379405, 11.691107], [98.382091, 11.704169], [98.405528, 11.707953], [98.399262, 11.716132], [98.381358, 11.73135], [98.377615, 11.738023], [98.379893, 11.750922], [98.38559, 11.75552], [98.392426, 11.75731], [98.398123, 11.761949], [98.402599, 11.763902], [98.410411, 11.768622], [98.413097, 11.773383], [98.401703, 11.77558], [98.39088, 11.775377], [98.382091, 11.77619], [98.375336, 11.780097], [98.370779, 11.789252], [98.393728, 11.794013], [98.438243, 11.787055], [98.45281, 11.789252], [98.449474, 11.79328], [98.447602, 11.796088], [98.445323, 11.803616], [98.458344, 11.803371], [98.486827, 11.796088], [98.498871, 11.798041], [98.522146, 11.804755], [98.53533, 11.803616], [98.543712, 11.798977]]], [[[98.642345, 11.957506], [98.65919, 11.948676], [98.658214, 11.933905], [98.658214, 11.940131], [98.631358, 11.932115], [98.572602, 11.931627], [98.552013, 11.923326], [98.535655, 11.908881], [98.51588, 11.895901], [98.495779, 11.888495], [98.478038, 11.890937], [98.46339, 11.920803], [98.459727, 11.933661], [98.458995, 11.947577], [98.461681, 11.955512], [98.471202, 11.970282], [98.473155, 11.977973], [98.470958, 11.988105], [98.465831, 11.992662], [98.459158, 11.996161], [98.448253, 12.007717], [98.443696, 12.010688], [98.440278, 12.015367], [98.439138, 12.025784], [98.439138, 12.056789], [98.431163, 12.087633], [98.430919, 12.100653], [98.439138, 12.112006], [98.445567, 12.101386], [98.473155, 12.077297], [98.493663, 12.049302], [98.509532, 12.016791], [98.519867, 12.007025], [98.541515, 11.995307], [98.559581, 12.0008], [98.574718, 11.992987], [98.603526, 11.967434], [98.642345, 11.957506]]], [[[98.105805, 12.192206], [98.119477, 12.197577], [98.131847, 12.198554], [98.137462, 12.190579], [98.140147, 12.148383], [98.137462, 12.138739], [98.129649, 12.153713], [98.11671, 12.165473], [98.100352, 12.169013], [98.082286, 12.159166], [98.076671, 12.161933], [98.074718, 12.163398], [98.07309, 12.164944], [98.059337, 12.187974], [98.039399, 12.207343], [98.034353, 12.221259], [98.03712, 12.239407], [98.046153, 12.26203], [98.059093, 12.281399], [98.07252, 12.289537], [98.091807, 12.288642], [98.108246, 12.284654], [98.119477, 12.27558], [98.12379, 12.259467], [98.123302, 12.249661], [98.119884, 12.230129], [98.116954, 12.221259], [98.111501, 12.213935], [98.104259, 12.207343], [98.098155, 12.199286], [98.096446, 12.187161], [98.105805, 12.192206]]], [[[98.064464, 12.359809], [98.048025, 12.330512], [98.039561, 12.322496], [98.02947, 12.315985], [98.018891, 12.311672], [98.010509, 12.310045], [98.008311, 12.304389], [98.000255, 12.269029], [97.990977, 12.286526], [97.986583, 12.289537], [97.982432, 12.306383], [97.969493, 12.308051], [97.955089, 12.305487], [97.945567, 12.310045], [97.948416, 12.323798], [97.960948, 12.334377], [97.971039, 12.344875], [97.966075, 12.358466], [97.952973, 12.348944], [97.948985, 12.344306], [97.945567, 12.337958], [97.938162, 12.337958], [97.939952, 12.366278], [97.9546, 12.377753], [97.975759, 12.383857], [98.007009, 12.401597], [98.017833, 12.402655], [98.023448, 12.398749], [98.017589, 12.389146], [98.007823, 12.380113], [98.003591, 12.373725], [98.005382, 12.367336], [98.013927, 12.358466], [98.02711, 12.361029], [98.032481, 12.360541], [98.041759, 12.358466], [98.041352, 12.369127], [98.042247, 12.380276], [98.045584, 12.389065], [98.06365, 12.397773], [98.069347, 12.409369], [98.07252, 12.42121], [98.075938, 12.427395], [98.090587, 12.422309], [98.101248, 12.404771], [98.104503, 12.383043], [98.096446, 12.365302], [98.087738, 12.360053], [98.081554, 12.360582], [98.074718, 12.363511], [98.065278, 12.365302], [98.064464, 12.359809]]], [[[98.470714, 12.555976], [98.470225, 12.517524], [98.465343, 12.480658], [98.455821, 12.45775], [98.391287, 12.361518], [98.349946, 12.325914], [98.302013, 12.337958], [98.31129, 12.359768], [98.315603, 12.365302], [98.319021, 12.386379], [98.333018, 12.427395], [98.336111, 12.450914], [98.334239, 12.460028], [98.325531, 12.474066], [98.321137, 12.487047], [98.31658, 12.490424], [98.315603, 12.495592], [98.319509, 12.501451], [98.327403, 12.506741], [98.333832, 12.512356], [98.333018, 12.519232], [98.314138, 12.55329], [98.302745, 12.598578], [98.302013, 12.646308], [98.315603, 12.687445], [98.333018, 12.67121], [98.387462, 12.65766], [98.405528, 12.638983], [98.405528, 12.630032], [98.398123, 12.58747], [98.401215, 12.571682], [98.425466, 12.529731], [98.42921, 12.555487], [98.438162, 12.587388], [98.450938, 12.60399], [98.466319, 12.583726], [98.470714, 12.555976]]], [[[98.303477, 13.082994], [98.310395, 13.088039], [98.318533, 13.091376], [98.329845, 13.084662], [98.336436, 13.073879], [98.334239, 13.067125], [98.323009, 13.057318], [98.31658, 13.048814], [98.311046, 13.044827], [98.306326, 13.040107], [98.302013, 13.029446], [98.300548, 13.019965], [98.302013, 12.988471], [98.313324, 12.94595], [98.314301, 12.925523], [98.302013, 12.913316], [98.30128, 12.933539], [98.287852, 12.957343], [98.288259, 12.974799], [98.281098, 12.994127], [98.267751, 13.057318], [98.245128, 13.11872], [98.240489, 13.139309], [98.239024, 13.158759], [98.242035, 13.203925], [98.247325, 13.215033], [98.261485, 13.214342], [98.268809, 13.19892], [98.28891, 13.0987], [98.295665, 13.084662], [98.303477, 13.082994]]], [[[94.667491, 16.171942], [94.654633, 16.121975], [94.629649, 16.075181], [94.5796, 16.013251], [94.569591, 16.005194], [94.553477, 15.997504], [94.499034, 15.98017], [94.484141, 15.971259], [94.478038, 15.966132], [94.478038, 15.958157], [94.479259, 15.949042], [94.478363, 15.942328], [94.468272, 15.930162], [94.446462, 15.912909], [94.436778, 15.900702], [94.440929, 15.885403], [94.433116, 15.869615], [94.410167, 15.83926], [94.40268, 15.83926], [94.40268, 15.846747], [94.417247, 15.871772], [94.40919, 15.907457], [94.382335, 15.969631], [94.389659, 16.000922], [94.417247, 16.018459], [94.452973, 16.033881], [94.485362, 16.058987], [94.495942, 16.075588], [94.510997, 16.107652], [94.518809, 16.120429], [94.549327, 16.148993], [94.611583, 16.221747], [94.642833, 16.24551], [94.66212, 16.221869], [94.667491, 16.171942]]], [[[97.588552, 16.399848], [97.591319, 16.361151], [97.589366, 16.340155], [97.583832, 16.329047], [97.577403, 16.32095], [97.571788, 16.312079], [97.568858, 16.29857], [97.57016, 16.290025], [97.566354, 16.25372], [97.571364, 16.222693], [97.547461, 16.199928], [97.516857, 16.209823], [97.510509, 16.254218], [97.499278, 16.269517], [97.459269, 16.301362], [97.469249, 16.332709], [97.482758, 16.342027], [97.484874, 16.363918], [97.480154, 16.389106], [97.472667, 16.408433], [97.46046, 16.425971], [97.454763, 16.436916], [97.452159, 16.449408], [97.455821, 16.456204], [97.462657, 16.461005], [97.466156, 16.467027], [97.459646, 16.477362], [97.469981, 16.490465], [97.486013, 16.500963], [97.50408, 16.508002], [97.520518, 16.510891], [97.56186, 16.492377], [97.585216, 16.486029], [97.606293, 16.483547], [97.609786, 16.464153], [97.610606, 16.446234], [97.589366, 16.415269], [97.588552, 16.399848]]], [[[93.748057, 18.787909], [93.757091, 18.765204], [93.759044, 18.755561], [93.756033, 18.731513], [93.746837, 18.708808], [93.731944, 18.689683], [93.711274, 18.676459], [93.693126, 18.673774], [93.667735, 18.674872], [93.645274, 18.679348], [93.635509, 18.686672], [93.630382, 18.699205], [93.6185, 18.711493], [93.594005, 18.731024], [93.497813, 18.840888], [93.493175, 18.849311], [93.484141, 18.874986], [93.577159, 18.881903], [93.599864, 18.890448], [93.611095, 18.90526], [93.621755, 18.910346], [93.641775, 18.88935], [93.663341, 18.873196], [93.673025, 18.87051], [93.683604, 18.868964], [93.70753, 18.868232], [93.742442, 18.872301], [93.749522, 18.86518], [93.751638, 18.840888], [93.74586, 18.810981], [93.745372, 18.799994], [93.748057, 18.787909]]], [[[93.973643, 19.402737], [93.972341, 19.381822], [93.965831, 19.363023], [93.953949, 19.354885], [93.940196, 19.348619], [93.917166, 19.318305], [93.90089, 19.305406], [93.898936, 19.30329], [93.895518, 19.301174], [93.889415, 19.299628], [93.883556, 19.3015], [93.881033, 19.306871], [93.879161, 19.312201], [93.875173, 19.31391], [93.862804, 19.307766], [93.862804, 19.29975], [93.866384, 19.291083], [93.864919, 19.282864], [93.856944, 19.278876], [93.845551, 19.278022], [93.823578, 19.27912], [93.802745, 19.276679], [93.796886, 19.27851], [93.785655, 19.286566], [93.773774, 19.298774], [93.749848, 19.333319], [93.745372, 19.344916], [93.743175, 19.355455], [93.733409, 19.367865], [93.731212, 19.379055], [93.729991, 19.381741], [93.727794, 19.383734], [93.725352, 19.386868], [93.724376, 19.392727], [93.726736, 19.396674], [93.731944, 19.39643], [93.736664, 19.396959], [93.738048, 19.403266], [93.730479, 19.419257], [93.716319, 19.427395], [93.68336, 19.437445], [93.669119, 19.446479], [93.658946, 19.457506], [93.641775, 19.492011], [93.652192, 19.493313], [93.656586, 19.497382], [93.655528, 19.504096], [93.649181, 19.513129], [93.688162, 19.559475], [93.696951, 19.560289], [93.704926, 19.558295], [93.723643, 19.556383], [93.731212, 19.554104], [93.740489, 19.546698], [93.745372, 19.539211], [93.749278, 19.531317], [93.755382, 19.523017], [93.803071, 19.487372], [93.819998, 19.471503], [93.836599, 19.479397], [93.858084, 19.482489], [93.880219, 19.479193], [93.899262, 19.46776], [93.917735, 19.454006], [93.956228, 19.432522], [93.970714, 19.416938], [93.973643, 19.402737]]], [[[93.516856, 19.777167], [93.518321, 19.761949], [93.511974, 19.745836], [93.456798, 19.788764], [93.440684, 19.81094], [93.406749, 19.920478], [93.402843, 19.95307], [93.422048, 19.951361], [93.442638, 19.938137], [93.45338, 19.928453], [93.461192, 19.919501], [93.464122, 19.913479], [93.470551, 19.905219], [93.484711, 19.897162], [93.49879, 19.88703], [93.505219, 19.872219], [93.50115, 19.825385], [93.505219, 19.807318], [93.516856, 19.777167]]], [[[92.96754, 20.022203], [93.014659, 19.905585], [93.021983, 19.870185], [93.024913, 19.827826], [93.018565, 19.827826], [93.013194, 19.846503], [93.008556, 19.889879], [93.001231, 19.906643], [92.987478, 19.925198], [92.925792, 20.033759], [92.922374, 20.050605], [92.91977, 20.055732], [92.914317, 20.059638], [92.909434, 20.06509], [92.908702, 20.074856], [92.911957, 20.084703], [92.91684, 20.088935], [92.922699, 20.087633], [92.92921, 20.081041], [92.946462, 20.070502], [92.952891, 20.063056], [92.958507, 20.054877], [92.962576, 20.046088], [92.964041, 20.036689], [92.96754, 20.022203]]], [[[91.938731, 21.71483], [91.974864, 21.648749], [91.983897, 21.609198], [91.9817, 21.58808], [91.972423, 21.546088], [91.970225, 21.523586], [91.961111, 21.506171], [91.93922, 21.505357], [91.914073, 21.509467], [91.894542, 21.506781], [91.894542, 21.50141], [91.899181, 21.493842], [91.899669, 21.486029], [91.887706, 21.480129], [91.877126, 21.481024], [91.868419, 21.486762], [91.862559, 21.49494], [91.858246, 21.512641], [91.855235, 21.519477], [91.855479, 21.526679], [91.871104, 21.547675], [91.873709, 21.55801], [91.874034, 21.581855], [91.868907, 21.622219], [91.847911, 21.688788], [91.853526, 21.725816], [91.862966, 21.745592], [91.872325, 21.754828], [91.883311, 21.753892], [91.89796, 21.743313], [91.902843, 21.730292], [91.898204, 21.71483], [91.89088, 21.698961], [91.887706, 21.684963], [91.903331, 21.702867], [91.909516, 21.726793], [91.908376, 21.752183], [91.901215, 21.774319], [91.919119, 21.776842], [91.935557, 21.781155], [91.935883, 21.765123], [91.935557, 21.759996], [91.938731, 21.71483]]], [[[91.15645, 22.332079], [91.171397, 22.319648], [91.181407, 22.283596], [91.181895, 22.260321], [91.186785, 22.227757], [91.170576, 22.197171], [91.160899, 22.182074], [91.154307, 22.169664], [91.141468, 22.146201], [91.120712, 22.130301], [91.106374, 22.121658], [91.093689, 22.118859], [91.082408, 22.101383], [91.063294, 22.089848], [91.038585, 22.091132], [91.022472, 22.094875], [91.011257, 22.102091], [91.005111, 22.116822], [91.033955, 22.14878], [91.052257, 22.175442], [91.059093, 22.192043], [91.068274, 22.240733], [91.06912, 22.31103], [91.074801, 22.38859], [91.092257, 22.391338], [91.126899, 22.374865], [91.148847, 22.357057], [91.15645, 22.332079]]], [[[91.556361, 22.47821], [91.563633, 22.435621], [91.555179, 22.402031], [91.507519, 22.396797], [91.476052, 22.413317], [91.446517, 22.453242], [91.429658, 22.493003], [91.423786, 22.525302], [91.446765, 22.576304], [91.467557, 22.58631], [91.556361, 22.47821]]]]}}, {"type": "Feature", "properties": {"source": "Natural Earth 10m Land (South Asia & Indian EEZ)"}, "geometry": {"type": "MultiPolygon", "coordinates": [[[[97.840017, 9.404283], [97.835297, 9.412055], [97.837738, 9.419338], [97.843598, 9.424954], [97.850841, 9.428371], [97.85727, 9.428697], [97.868419, 9.420396], [97.874685, 9.405707], [97.87615, 9.390204], [97.871837, 9.379584], [97.840017, 9.404283]]], [[[99.703461, 9.521308], [99.681488, 9.512885], [99.668142, 9.519192], [99.698741, 9.542222], [99.703461, 9.521308]]], [[[99.680431, 9.612209], [99.678071, 9.610419], [99.676768, 9.614569], [99.675304, 9.624457], [99.678233, 9.624091], [99.680186, 9.622545], [99.681814, 9.620836], [99.684255, 9.620022], [99.680431, 9.612209]]], [[[98.037608, 9.790717], [98.018321, 9.794908], [98.008067, 9.80744], [98.015391, 9.826402], [98.030284, 9.833401], [98.046072, 9.827948], [98.056895, 9.814358], [98.057465, 9.796861], [98.037608, 9.790717]]], [[[73.644054, 10.076972], [73.640961, 10.069322], [73.637055, 10.062567], [73.632579, 10.057278], [73.631684, 10.067816], [73.633311, 10.077867], [73.637462, 10.087063], [73.643891, 10.09455], [73.643972, 10.094468], [73.645193, 10.09219], [73.646332, 10.084703], [73.644054, 10.076972]]], [[[73.662201, 10.144517], [73.66033, 10.142524], [73.659353, 10.13996], [73.657888, 10.139065], [73.654633, 10.141506], [73.65561, 10.144761], [73.657481, 10.145087], [73.659679, 10.144355], [73.662283, 10.144599], [73.662201, 10.144517]]], [[[98.221853, 10.498114], [98.207367, 10.483466], [98.192719, 10.482408], [98.185313, 10.501166], [98.189708, 10.51557], [98.201996, 10.524319], [98.217947, 10.528551], [98.233653, 10.529364], [98.232432, 10.526923], [98.229828, 10.522406], [98.228689, 10.519965], [98.221853, 10.498114]]], [[[72.63852, 10.559394], [72.633067, 10.556545], [72.627452, 10.554755], [72.632091, 10.560004], [72.648611, 10.573961], [72.650564, 10.572577], [72.650401, 10.571194], [72.649587, 10.569322], [72.64975, 10.56684], [72.63852, 10.559394]]], [[[72.548757, 10.779324], [72.541189, 10.772895], [72.540863, 10.776516], [72.542491, 10.777899], [72.545421, 10.778306], [72.548839, 10.779446], [72.548757, 10.779324]]], [[[73.681244, 10.82807], [73.684418, 10.827541], [73.67628, 10.824368], [73.672862, 10.824693], [73.671886, 10.827094], [73.671397, 10.829739], [73.681244, 10.82807]]], [[[98.432872, 10.993598], [98.442556, 11.002997], [98.451427, 11.001939], [98.452891, 10.986274], [98.448009, 10.974311], [98.440278, 10.965562], [98.432953, 10.965033], [98.429535, 10.977729], [98.432872, 10.993598]]], [[[72.747569, 11.115424], [72.746755, 11.111965], [72.744965, 11.109524], [72.739513, 11.108832], [72.739513, 11.113959], [72.742035, 11.115953], [72.745779, 11.116889], [72.750011, 11.119086], [72.747569, 11.115424]]], [[[73.010916, 11.490139], [73.0088, 11.484687], [73.005626, 11.479641], [73.004405, 11.488837], [73.004405, 11.496487], [73.007091, 11.501288], [73.013194, 11.502183], [73.010916, 11.490139]]], [[[72.716075, 11.694078], [72.708669, 11.689154], [72.705251, 11.687323], [72.701101, 11.686428], [72.700938, 11.686428], [72.705089, 11.692328], [72.709239, 11.694159], [72.716156, 11.694159], [72.716075, 11.694078]]], [[[97.459239, 11.7862], [97.444347, 11.800238], [97.462901, 11.799791], [97.476899, 11.788235], [97.479666, 11.777981], [97.464529, 11.782457], [97.459239, 11.7862]]], [[[93.85377, 12.260565], [93.851899, 12.271552], [93.860606, 12.281195], [93.872813, 12.268866], [93.85377, 12.260565]]], [[[97.835297, 12.792792], [97.841807, 12.805813], [97.852794, 12.806545], [97.864594, 12.790229], [97.868012, 12.774807], [97.863536, 12.766832], [97.85255, 12.766262], [97.836925, 12.772447], [97.835297, 12.792792]]], [[[94.290782, 13.422919], [94.274913, 13.420315], [94.261892, 13.429267], [94.280935, 13.443549], [94.290782, 13.422919]]], [[[96.65797, 2.121812], [96.668224, 2.11343], [96.671723, 2.101996], [96.665375, 2.087877], [96.643565, 2.074449], [96.622895, 2.070624], [96.60963, 2.080146], [96.609874, 2.106513], [96.613292, 2.119127], [96.618337, 2.126858], [96.627696, 2.129462], [96.644054, 2.127021], [96.65797, 2.121812]]], [[[95.191091, 5.608466], [95.180512, 5.609198], [95.171397, 5.607245], [95.163259, 5.602444], [95.156261, 5.594794], [95.145274, 5.604234], [95.1338, 5.606187], [95.122325, 5.606757], [95.111583, 5.611884], [95.109141, 5.622016], [95.118175, 5.631659], [95.129893, 5.640041], [95.135753, 5.646308], [95.141775, 5.66413], [95.15504, 5.656684], [95.177419, 5.628363], [95.191091, 5.608466]]], [[[99.260265, 6.565823], [99.257579, 6.56094], [99.247325, 6.557034], [99.217296, 6.536933], [99.194835, 6.533108], [99.174001, 6.539008], [99.158458, 6.554389], [99.176443, 6.550198], [99.186046, 6.559394], [99.195567, 6.571234], [99.213715, 6.574856], [99.206309, 6.574856], [99.239268, 6.576809], [99.247813, 6.574856], [99.260265, 6.565823]]], [[[99.419119, 7.256578], [99.445811, 7.250922], [99.453868, 7.239], [99.440603, 7.24022], [99.428233, 7.239], [99.417247, 7.235338], [99.408865, 7.229397], [99.394298, 7.205471], [99.383311, 7.194078], [99.378184, 7.201809], [99.377778, 7.252346], [99.385509, 7.27558], [99.405447, 7.266303], [99.419119, 7.256578]]], [[[93.570323, 7.989], [93.574229, 7.968817], [93.573985, 7.924872], [93.518321, 7.965806], [93.510753, 7.98017], [93.511485, 7.99551], [93.520763, 8.004381], [93.539317, 7.999335], [93.540294, 8.016181], [93.54835, 8.020087], [93.558604, 8.013617], [93.565929, 7.999335], [93.570323, 7.989]]], [[[98.62143, 8.102525], [98.62086, 8.089993], [98.587657, 8.101752], [98.5796, 8.106147], [98.570079, 8.118883], [98.574718, 8.124986], [98.59669, 8.130316], [98.592296, 8.146796], [98.601817, 8.161566], [98.615896, 8.176174], [98.624034, 8.191799], [98.632091, 8.189765], [98.635753, 8.185533], [98.637055, 8.179348], [98.637543, 8.171291], [98.62143, 8.102525]]], [[[93.621755, 8.520087], [93.626801, 8.505845], [93.628184, 8.486558], [93.625173, 8.473619], [93.618337, 8.453925], [93.609711, 8.438422], [93.60141, 8.438178], [93.600352, 8.450344], [93.607107, 8.49079], [93.607677, 8.507066], [93.595551, 8.541734], [93.594981, 8.55801], [93.607677, 8.569159], [93.607677, 8.548041], [93.621755, 8.520087]]], [[[79.72283, 9.492621], [79.714692, 9.485053], [79.689464, 9.483588], [79.666026, 9.491278], [79.655772, 9.503892], [79.655772, 9.544867], [79.658702, 9.555365], [79.665294, 9.554023], [79.67213, 9.5456], [79.67628, 9.53498], [79.693533, 9.529608], [79.714122, 9.528062], [79.719249, 9.524359], [79.730805, 9.50019], [79.72283, 9.492621]]], [[[98.417817, 9.747056], [98.416677, 9.733466], [98.398123, 9.706244], [98.384939, 9.727932], [98.389659, 9.742418], [98.40211, 9.755845], [98.411632, 9.774563], [98.411632, 9.768297], [98.417817, 9.747056]]], [[[98.183604, 10.127021], [98.173839, 10.140123], [98.17156, 10.148139], [98.175304, 10.15941], [98.181895, 10.168606], [98.185232, 10.176825], [98.178966, 10.185452], [98.178966, 10.192857], [98.196056, 10.193183], [98.222179, 10.177924], [98.240489, 10.172349], [98.240896, 10.167792], [98.239513, 10.16649], [98.236827, 10.166409], [98.233653, 10.165513], [98.230724, 10.159573], [98.227794, 10.15526], [98.227712, 10.150824], [98.233653, 10.144477], [98.218435, 10.136176], [98.207774, 10.128648], [98.201427, 10.118069], [98.195323, 10.070502], [98.185802, 10.04206], [98.185802, 10.121161], [98.183604, 10.127021]]], [[[97.902599, 10.479315], [97.908702, 10.473456], [97.919444, 10.47309], [97.925059, 10.474066], [97.930675, 10.468166], [97.935313, 10.461168], [97.943533, 10.443793], [97.938487, 10.437812], [97.93336, 10.433743], [97.926768, 10.432034], [97.917735, 10.433051], [97.926931, 10.417182], [97.931895, 10.412014], [97.910167, 10.401923], [97.893809, 10.405992], [97.889415, 10.419989], [97.904063, 10.439276], [97.897797, 10.452094], [97.893403, 10.470771], [97.896251, 10.487535], [97.911469, 10.494534], [97.902599, 10.479315]]], [[[98.518809, 10.879096], [98.542247, 10.860053], [98.553233, 10.832831], [98.541515, 10.79621], [98.52711, 10.786933], [98.509532, 10.786607], [98.498383, 10.793606], [98.504161, 10.806098], [98.51295, 10.809556], [98.520681, 10.809272], [98.526378, 10.810858], [98.528494, 10.820054], [98.525564, 10.82685], [98.518321, 10.829495], [98.509125, 10.828315], [98.500499, 10.823472], [98.500499, 10.837144], [98.494884, 10.851264], [98.491466, 10.866685], [98.490896, 10.880805], [98.493663, 10.891099], [98.518809, 10.879096]]], [[[97.896332, 10.913275], [97.911957, 10.924262], [97.931977, 10.924058], [97.951834, 10.919094], [97.941254, 10.891547], [97.927745, 10.871975], [97.90919, 10.857245], [97.883556, 10.84455], [97.890636, 10.854722], [97.894542, 10.864244], [97.894542, 10.873969], [97.890391, 10.884955], [97.896332, 10.913275]]], [[[98.281016, 11.245836], [98.29005, 11.248114], [98.29835, 11.248603], [98.302013, 11.241197], [98.295095, 11.231147], [98.279552, 11.223212], [98.247325, 11.214504], [98.247325, 11.227525], [98.243175, 11.242987], [98.232188, 11.253811], [98.221853, 11.261908], [98.219981, 11.26911], [98.2317, 11.273912], [98.252452, 11.276068], [98.281423, 11.275946], [98.274669, 11.256293], [98.275157, 11.248033], [98.281016, 11.245836]]], [[[92.278087, 11.583808], [92.286876, 11.563178], [92.285004, 11.544013], [92.273204, 11.531073], [92.252126, 11.529242], [92.234548, 11.540351], [92.230235, 11.577338], [92.217296, 11.591254], [92.217296, 11.59809], [92.228689, 11.597724], [92.254893, 11.593817], [92.266775, 11.589545], [92.278087, 11.583808]]], [[[97.67449, 11.897447], [97.678477, 11.887885], [97.67628, 11.877834], [97.668224, 11.868109], [97.666677, 11.86343], [97.671886, 11.837714], [97.667735, 11.838284], [97.65089, 11.84455], [97.642833, 11.867662], [97.643565, 11.880357], [97.664399, 11.905951], [97.67449, 11.897447]]], [[[98.253917, 11.883857], [98.256521, 11.902533], [98.265391, 11.908515], [98.284841, 11.896064], [98.289073, 11.882392], [98.28419, 11.865465], [98.273692, 11.853339], [98.261485, 11.853909], [98.254161, 11.85814], [98.253917, 11.883857]]], [[[98.261567, 11.926174], [98.253754, 11.923082], [98.246104, 11.925442], [98.227061, 11.953925], [98.23585, 11.968329], [98.252208, 11.974758], [98.260916, 11.971137], [98.262706, 11.961656], [98.268728, 11.942288], [98.267751, 11.933905], [98.261567, 11.926174]]], [[[93.10377, 12.187934], [93.103852, 12.185289], [93.103282, 12.18008], [93.096202, 12.158759], [93.094981, 12.15176], [93.102306, 12.119534], [93.103282, 12.102037], [93.094249, 12.090969], [93.08546, 12.095852], [93.074229, 12.110338], [93.064301, 12.127143], [93.059581, 12.138739], [93.059337, 12.153551], [93.061534, 12.172309], [93.066254, 12.189846], [93.073253, 12.200832], [93.082042, 12.204779], [93.091075, 12.20425], [93.098481, 12.199408], [93.103282, 12.190497], [93.10377, 12.187934]]], [[[98.516856, 12.479438], [98.514171, 12.423651], [98.508556, 12.410305], [98.495616, 12.405829], [98.482107, 12.41059], [98.474294, 12.424994], [98.488536, 12.493313], [98.499848, 12.513088], [98.514171, 12.495592], [98.516856, 12.479438]]], [[[98.256847, 12.574205], [98.262462, 12.568793], [98.267345, 12.560248], [98.267751, 12.557074], [98.289887, 12.526313], [98.282888, 12.503852], [98.260509, 12.495266], [98.236827, 12.50609], [98.230235, 12.516995], [98.229747, 12.527411], [98.233653, 12.553656], [98.236827, 12.556871], [98.243907, 12.557807], [98.250824, 12.560207], [98.254161, 12.567613], [98.256847, 12.574205]]], [[[97.826996, 12.590725], [97.836274, 12.595404], [97.845714, 12.597968], [97.849946, 12.594631], [97.854015, 12.578192], [97.860525, 12.570014], [97.861827, 12.559801], [97.849946, 12.537258], [97.84962, 12.541815], [97.84783, 12.54442], [97.845225, 12.54678], [97.84254, 12.550238], [97.840831, 12.556871], [97.839041, 12.55801], [97.83546, 12.558051], [97.829438, 12.557074], [97.829438, 12.564521], [97.833995, 12.570746], [97.831065, 12.574205], [97.825694, 12.578599], [97.822765, 12.58747], [97.826996, 12.590725]]], [[[93.042817, 13.662055], [93.052745, 13.640204], [93.019542, 13.6494], [93.000499, 13.657701], [92.990571, 13.667467], [93.019542, 13.680121], [93.033214, 13.680243], [93.039073, 13.667467], [93.042817, 13.662055]]], [[[97.938162, 13.851793], [97.932384, 13.840399], [97.928477, 13.821112], [97.925059, 13.783596], [97.917735, 13.783596], [97.91505, 13.800116], [97.914317, 13.828437], [97.918712, 13.853258], [97.931895, 13.85928], [97.938162, 13.851793]]], [[[93.400157, 14.095649], [93.394786, 14.076361], [93.374848, 14.064683], [93.383311, 14.138373], [93.385997, 14.150865], [93.39031, 14.153754], [93.396007, 14.140448], [93.400157, 14.095649]]], [[[93.686697, 14.872056], [93.693614, 14.888861], [93.703868, 14.904446], [93.724376, 14.913804], [93.724376, 14.90762], [93.716156, 14.890082], [93.704438, 14.870998], [93.69044, 14.8581], [93.675792, 14.859198], [93.686697, 14.872056]]], [[[97.671641, 15.549994], [97.672374, 15.533352], [97.669119, 15.517401], [97.664399, 15.504096], [97.657481, 15.523871], [97.65089, 15.592231], [97.656261, 15.58633], [97.660167, 15.58039], [97.662852, 15.573676], [97.664399, 15.565579], [97.671641, 15.549994]]], [[[88.090017, 21.808661], [88.119314, 21.859524], [88.146739, 21.869859], [88.167003, 21.765448], [88.163422, 21.705471], [88.132579, 21.684963], [88.144379, 21.657782], [88.146007, 21.643744], [88.139415, 21.630316], [88.130056, 21.625922], [88.1185, 21.627672], [88.091563, 21.636542], [88.063487, 21.636664], [88.051768, 21.641588], [88.043142, 21.65762], [88.042247, 21.668158], [88.043956, 21.680854], [88.050548, 21.70539], [88.090017, 21.808661]]], [[[88.072276, 21.856757], [88.071056, 21.873603], [88.073904, 21.892157], [88.077322, 21.904608], [88.084727, 21.921576], [88.094249, 21.937893], [88.105724, 21.947577], [88.118907, 21.945014], [88.132579, 21.920478], [88.125011, 21.888658], [88.104991, 21.861151], [88.080903, 21.849351], [88.072276, 21.856757]]], [[[90.593516, 21.966132], [90.597341, 21.96133], [90.600841, 21.954576], [90.606619, 21.938788], [90.590831, 21.935126], [90.580821, 21.912502], [90.57252, 21.91767], [90.565603, 21.91767], [90.55714, 21.897528], [90.540782, 21.875922], [90.521251, 21.861477], [90.503591, 21.862454], [90.503591, 21.869859], [90.510753, 21.871405], [90.523448, 21.875678], [90.531505, 21.876695], [90.52296, 21.888088], [90.517914, 21.893256], [90.510427, 21.897854], [90.516938, 21.904486], [90.516856, 21.912177], [90.515391, 21.921291], [90.517833, 21.931952], [90.521983, 21.938788], [90.526378, 21.94359], [90.593516, 21.986558], [90.593516, 21.966132]]], [[[90.354015, 21.976752], [90.37143, 21.994778], [90.394298, 22.00023], [90.390636, 21.978258], [90.365489, 21.938707], [90.341563, 21.860297], [90.332205, 21.849514], [90.322927, 21.843899], [90.318614, 21.846259], [90.318614, 21.892808], [90.32252, 21.916693], [90.332205, 21.938788], [90.354015, 21.976752]]], [[[90.381114, 22.023098], [90.352794, 21.992987], [90.345958, 21.972317], [90.33961, 21.972317], [90.345876, 21.993598], [90.358653, 22.022691], [90.373871, 22.045559], [90.387462, 22.048041], [90.381114, 22.023098]]], [[[90.473318, 22.003648], [90.486176, 21.976793], [90.476329, 21.945014], [90.454845, 21.933051], [90.431895, 21.907782], [90.415538, 21.900539], [90.402354, 21.906887], [90.394542, 21.921454], [90.394298, 21.938788], [90.39975, 21.952948], [90.406423, 21.963365], [90.411876, 21.97602], [90.414236, 21.997138], [90.411876, 22.028713], [90.415538, 22.038316], [90.428477, 22.048041], [90.435232, 22.041205], [90.473318, 22.003648]]], [[[90.538341, 22.068508], [90.495372, 22.044989], [90.489919, 22.03498], [90.483653, 22.03498], [90.485606, 22.058336], [90.49171, 22.080146], [90.503103, 22.09634], [90.520844, 22.102607], [90.533458, 22.110053], [90.560069, 22.137681], [90.57252, 22.137397], [90.581065, 22.148871], [90.592784, 22.15941], [90.604503, 22.165595], [90.613455, 22.164049], [90.593516, 22.102607], [90.593435, 22.112535], [90.591807, 22.119086], [90.586192, 22.130561], [90.574555, 22.096137], [90.568696, 22.058092], [90.559744, 22.023749], [90.538341, 22.00023], [90.519542, 21.994696], [90.509044, 21.999416], [90.504649, 22.010484], [90.503591, 22.024115], [90.508962, 22.033149], [90.544444, 22.061672], [90.538341, 22.068508]]], [[[90.947113, 22.211615], [90.951182, 22.21247], [90.954112, 22.208075], [90.956716, 22.198879], [90.956716, 22.144843], [90.948985, 22.121649], [90.929373, 22.116889], [90.9192, 22.132148], [90.920258, 22.160061], [90.927501, 22.190253], [90.935557, 22.21247], [90.941742, 22.205024], [90.947113, 22.211615]]], [[[90.977061, 22.239203], [90.982921, 22.259182], [90.996918, 22.253485], [90.997813, 22.235093], [90.994802, 22.213813], [90.987804, 22.19538], [90.97641, 22.185777], [90.977061, 22.239203]]], [[[90.937185, 22.232733], [90.940196, 22.246812], [90.950531, 22.263617], [90.956716, 22.277655], [90.960216, 22.322984], [90.966156, 22.347398], [90.97641, 22.363349], [90.983897, 22.355902], [90.989513, 22.340766], [90.9935, 22.322333], [90.994395, 22.302069], [90.990082, 22.281399], [90.952891, 22.226752], [90.937185, 22.232733]]], [[[90.613617, 22.428616], [90.606944, 22.427436], [90.60141, 22.429185], [90.599132, 22.442125], [90.601573, 22.44831], [90.607595, 22.450344], [90.614431, 22.449042], [90.61964, 22.445258], [90.633149, 22.431627], [90.647716, 22.407213], [90.658702, 22.379543], [90.661143, 22.355902], [90.650157, 22.376166], [90.647472, 22.383775], [90.640391, 22.366034], [90.646739, 22.326077], [90.640147, 22.308743], [90.63502, 22.317613], [90.634044, 22.328355], [90.634288, 22.339545], [90.633311, 22.349677], [90.640147, 22.349677], [90.6338, 22.367621], [90.62615, 22.406968], [90.61964, 22.42475], [90.613617, 22.428616]]], [[[90.653494, 22.483466], [90.656016, 22.480699], [90.661143, 22.480048], [90.665294, 22.469143], [90.667003, 22.458441], [90.667328, 22.439032], [90.657074, 22.433661], [90.653656, 22.431057], [90.647472, 22.42475], [90.653494, 22.483466]]], [[[91.199988, 22.514694], [91.21083, 22.495521], [91.201017, 22.472196], [91.180244, 22.459239], [91.159533, 22.450674], [91.134163, 22.44948], [91.11371, 22.461415], [91.123562, 22.489146], [91.158619, 22.503423], [91.199988, 22.514694]]], [[[90.66363, 22.828918], [90.678233, 22.808336], [90.662364, 22.805487], [90.628052, 22.812082], [90.590956, 22.813919], [90.561778, 22.788804], [90.54656, 22.783677], [90.531559, 22.769237], [90.529677, 22.744363], [90.534612, 22.728775], [90.520993, 22.711765], [90.510961, 22.722724], [90.49822, 22.733832], [90.496755, 22.74315], [90.492849, 22.753241], [90.482921, 22.759752], [90.45574, 22.767401], [90.464203, 22.778876], [90.465668, 22.788072], [90.462657, 22.815823], [90.463145, 22.834052], [90.466075, 22.851752], [90.473399, 22.865139], [90.486827, 22.870429], [90.521169, 22.864651], [90.537608, 22.866767], [90.544444, 22.880683], [90.552745, 22.881741], [90.592296, 22.881903], [90.606619, 22.877265], [90.62676, 22.857216], [90.645254, 22.849289], [90.66363, 22.828918]]], [[[90.5171, 23.059312], [90.515636, 23.051947], [90.500173, 23.038031], [90.477794, 23.012397], [90.469493, 23.007636], [90.460948, 23.048489], [90.45574, 23.062812], [90.494395, 23.062934], [90.502452, 23.064887], [90.510427, 23.069037], [90.5171, 23.059312]]], [[[73.098888, 0.224921], [73.10255, 0.222805], [73.10434, 0.219631], [73.102957, 0.213528], [73.102875, 0.213446], [73.098888, 0.216376], [73.09783, 0.218777], [73.097423, 0.219713], [73.097341, 0.220242], [73.09669, 0.2237], [73.09547, 0.228013], [73.098888, 0.224921]]], [[[73.217377, 0.237698], [73.212657, 0.232082], [73.210948, 0.232164], [73.210297, 0.235663], [73.208995, 0.239976], [73.217377, 0.237698]]], [[[73.036794, 0.26968], [73.040375, 0.259467], [73.040375, 0.259345], [73.036143, 0.260932], [73.035818, 0.262071], [73.035411, 0.26317], [73.035818, 0.264675], [73.036306, 0.266181], [73.036306, 0.266506], [73.036794, 0.269924], [73.036794, 0.26968]]], [[[73.36964, 0.280015], [73.371104, 0.285956], [73.373709, 0.286933], [73.376394, 0.286078], [73.37908, 0.285183], [73.36964, 0.280015]]], [[[72.984874, 0.303412], [72.987071, 0.302802], [72.987722, 0.302232], [72.988129, 0.301907], [72.986013, 0.299628], [72.981212, 0.302069], [72.980968, 0.303616], [72.983653, 0.305243], [72.984874, 0.303412]]], [[[73.513357, 0.387681], [73.508637, 0.380683], [73.508556, 0.380561], [73.50644, 0.385037], [73.50587, 0.386176], [73.506602, 0.387763], [73.509776, 0.387437], [73.513438, 0.387763], [73.513357, 0.387681]]], [[[72.958425, 0.403144], [72.961111, 0.394273], [72.961192, 0.394029], [72.957774, 0.396796], [72.957205, 0.399156], [72.958018, 0.401353], [72.958344, 0.403306], [72.958425, 0.403144]]], [[[72.940603, 0.487291], [72.937022, 0.491441], [72.937022, 0.493638], [72.940929, 0.496324], [72.940603, 0.487291]]], [[[73.492035, 0.507799], [73.49464, 0.498969], [73.490408, 0.500678], [73.489757, 0.50259], [73.490977, 0.50495], [73.491954, 0.508002], [73.492035, 0.507799]]], [[[73.387218, 0.639106], [73.387218, 0.636786], [73.386729, 0.635403], [73.386567, 0.635403], [73.384776, 0.635565], [73.383556, 0.638902], [73.384288, 0.640326], [73.386404, 0.640815], [73.387869, 0.64175], [73.387218, 0.639106]]], [[[73.372406, 0.760443], [73.372406, 0.758124], [73.371837, 0.756578], [73.370942, 0.756822], [73.369965, 0.757025], [73.368826, 0.760443], [73.369802, 0.761664], [73.370779, 0.761949], [73.371593, 0.762152], [73.373057, 0.763088], [73.372406, 0.760443]]], [[[73.353852, 0.847561], [73.353282, 0.845608], [73.353201, 0.845282], [73.353201, 0.843207], [73.353038, 0.842393], [73.352875, 0.841539], [73.352061, 0.841132], [73.351085, 0.840644], [73.349783, 0.844062], [73.350434, 0.845689], [73.352306, 0.846625], [73.353852, 0.847724], [73.353852, 0.847561]]], [[[72.831554, 3.510403], [72.832693, 3.508246], [72.834727, 3.506781], [72.835053, 3.505439], [72.831065, 3.503567], [72.827973, 3.505439], [72.828624, 3.506781], [72.830414, 3.508246], [72.831391, 3.510565], [72.831554, 3.510403]]], [[[72.793793, 3.51675], [72.79477, 3.515326], [72.795177, 3.514635], [72.797618, 3.513129], [72.798839, 3.511949], [72.796397, 3.510891], [72.791189, 3.510891], [72.790782, 3.512112], [72.792735, 3.514228], [72.793712, 3.516913], [72.793793, 3.51675]]], [[[72.911794, 3.541734], [72.911632, 3.541653], [72.915701, 3.548977], [72.919932, 3.552151], [72.924327, 3.552476], [72.928396, 3.551907], [72.911794, 3.541734]]], [[[72.943126, 3.616645], [72.944428, 3.615709], [72.94516, 3.615139], [72.945567, 3.613715], [72.94158, 3.611884], [72.938487, 3.613715], [72.938975, 3.615139], [72.940684, 3.616645], [72.941905, 3.618842], [72.943126, 3.616645]]], [[[72.692556, 3.726752], [72.694021, 3.723334], [72.696462, 3.721015], [72.697358, 3.718817], [72.694591, 3.714993], [72.692475, 3.716295], [72.689708, 3.717963], [72.689708, 3.720852], [72.69158, 3.723578], [72.692556, 3.726955], [72.692556, 3.726752]]], [[[73.477143, 3.942003], [73.469981, 3.935126], [73.46754, 3.933661], [73.469249, 3.936957], [73.471528, 3.938707], [73.477306, 3.942125], [73.477143, 3.942003]]], [[[72.703624, 4.000922], [72.704763, 3.999905], [72.705577, 3.999213], [72.706228, 3.99844], [72.706635, 3.997911], [72.7046, 3.996405], [72.699474, 3.998114], [72.699392, 3.998196], [72.699148, 3.999335], [72.699067, 3.999457], [72.701182, 4.000922], [72.703136, 4.003323], [72.703624, 4.000922]]], [[[73.508311, 4.093329], [73.504568, 4.096584], [73.502452, 4.098538], [73.502289, 4.100775], [73.505219, 4.101996], [73.508149, 4.103583], [73.508311, 4.093329]]], [[[72.970632, 4.265815], [72.972504, 4.264146], [72.974376, 4.263251], [72.975597, 4.262356], [72.975759, 4.260403], [72.972504, 4.260403], [72.971528, 4.261623], [72.971446, 4.263577], [72.97047, 4.265937], [72.970632, 4.265815]]], [[[73.700857, 4.432278], [73.697602, 4.431464], [73.697439, 4.431383], [73.70281, 4.434719], [73.700857, 4.432278]]], [[[73.702647, 4.452908], [73.69988, 4.449164], [73.699962, 4.451646], [73.70281, 4.45303], [73.702647, 4.452908]]], [[[73.377289, 4.465277], [73.373871, 4.466986], [73.373871, 4.468899], [73.375255, 4.471177], [73.37672, 4.474433], [73.377289, 4.465277]]], [[[73.404959, 4.634752], [73.404959, 4.632229], [73.405528, 4.62995], [73.405284, 4.628404], [73.403005, 4.627427], [73.401215, 4.629828], [73.401866, 4.631334], [73.403575, 4.632758], [73.404959, 4.634996], [73.404959, 4.634752]]], [[[73.490408, 4.720608], [73.490977, 4.718329], [73.490733, 4.716742], [73.488455, 4.715969], [73.487966, 4.716539], [73.486664, 4.718207], [73.487315, 4.719794], [73.489024, 4.721177], [73.490489, 4.723334], [73.490408, 4.720608]]], [[[72.969656, 4.880723], [72.969493, 4.88052], [72.970063, 4.890367], [72.972667, 4.894355], [72.976085, 4.895168], [72.97934, 4.895453], [72.969656, 4.880723]]], [[[72.922862, 4.899075], [72.922699, 4.898993], [72.920909, 4.897854], [72.917654, 4.898505], [72.917491, 4.898586], [72.922862, 4.899075]]], [[[73.436534, 4.969875], [73.438975, 4.974555], [73.441173, 4.974921], [73.443858, 4.973049], [73.447276, 4.97134], [73.436534, 4.969875]]], [[[72.909434, 5.030788], [72.90919, 5.030585], [72.910167, 5.032701], [72.912852, 5.034084], [72.909434, 5.030788]]], [[[72.927664, 5.036282], [72.927175, 5.034247], [72.927094, 5.033922], [72.92571, 5.033474], [72.924327, 5.033026], [72.927745, 5.036526], [72.927664, 5.036282]]], [[[73.04477, 5.121649], [73.043468, 5.118842], [73.04127, 5.118394], [73.04477, 5.121812], [73.04477, 5.121649]]], [[[73.049164, 5.133165], [73.049978, 5.130357], [73.051443, 5.128079], [73.051443, 5.126654], [73.047618, 5.12637], [73.045258, 5.128892], [73.046072, 5.130276], [73.047862, 5.131293], [73.049083, 5.133287], [73.049164, 5.133165]]], [[[73.090994, 5.158515], [73.087901, 5.157986], [73.087738, 5.157945], [73.091319, 5.161363], [73.090994, 5.158515]]], [[[73.104177, 5.172919], [73.106944, 5.17178], [73.110525, 5.170315], [73.110199, 5.170356], [73.107107, 5.170966], [73.103852, 5.173041], [73.104177, 5.172919]]], [[[72.860037, 5.23782], [72.859223, 5.2355], [72.856863, 5.234565], [72.856619, 5.234442], [72.860118, 5.237942], [72.860037, 5.23782]]], [[[73.131847, 5.242499], [73.128429, 5.241156], [73.131847, 5.244574], [73.131847, 5.242499]]], [[[73.499685, 5.246812], [73.497244, 5.245022], [73.493826, 5.245998], [73.499766, 5.246894], [73.499685, 5.246812]]], [[[73.582856, 5.27558], [73.577647, 5.274563], [73.57016, 5.276679], [73.569998, 5.27676], [73.575938, 5.279934], [73.582042, 5.281806], [73.587901, 5.28262], [73.593598, 5.282701], [73.582856, 5.27558]]], [[[73.112641, 5.298448], [73.109223, 5.295152], [73.109223, 5.296698], [73.112804, 5.29857], [73.112641, 5.298448]]], [[[73.464366, 5.306871], [73.464203, 5.30683], [73.467052, 5.308336], [73.468435, 5.308092], [73.470144, 5.307725], [73.464366, 5.306871]]], [[[73.629405, 5.33275], [73.627208, 5.331122], [73.623302, 5.331855], [73.629568, 5.332831], [73.629405, 5.33275]]], [[[73.646495, 5.343248], [73.640066, 5.34219], [73.639903, 5.34219], [73.643403, 5.34394], [73.646658, 5.343248], [73.646495, 5.343248]]], [[[72.952403, 5.350084], [72.949555, 5.349311], [72.953136, 5.352769], [72.952403, 5.350084]]], [[[73.397553, 5.362006], [73.398692, 5.359605], [73.400645, 5.357652], [73.401215, 5.356147], [73.399425, 5.355455], [73.396169, 5.357123], [73.396007, 5.358466], [73.397146, 5.360175], [73.397472, 5.362209], [73.397553, 5.362006]]], [[[73.32488, 5.366767], [73.327891, 5.367011], [73.328217, 5.367011], [73.330089, 5.366848], [73.328868, 5.364244], [73.319347, 5.362942], [73.319184, 5.362942], [73.317719, 5.36579], [73.319184, 5.366645], [73.322032, 5.366889], [73.323253, 5.368232], [73.32488, 5.366767]]], [[[73.3449, 5.426825], [73.344574, 5.426744], [73.347504, 5.428778], [73.350759, 5.42768], [73.3449, 5.426825]]], [[[73.534923, 5.449856], [73.531261, 5.450426], [73.537446, 5.451402], [73.534923, 5.449856]]], [[[73.362966, 5.462795], [73.363129, 5.459377], [73.360932, 5.457953], [73.360688, 5.457831], [73.362966, 5.46308], [73.362966, 5.462795]]], [[[72.943044, 5.467475], [72.94158, 5.465562], [72.941091, 5.463568], [72.940278, 5.462144], [72.938243, 5.461493], [72.937022, 5.465562], [72.938162, 5.466702], [72.940603, 5.466783], [72.943126, 5.467597], [72.943044, 5.467475]]], [[[73.014334, 5.490912], [73.013845, 5.488918], [73.013031, 5.487454], [73.010997, 5.486802], [73.009939, 5.49022], [73.009776, 5.490871], [73.010916, 5.492133], [73.013194, 5.492133], [73.01588, 5.492865], [73.014334, 5.490912]]], [[[73.459321, 5.541734], [73.456472, 5.542629], [73.456309, 5.54267], [73.462413, 5.543606], [73.459321, 5.541734]]], [[[73.003754, 5.711127], [73.003184, 5.708726], [73.002289, 5.707099], [72.999766, 5.706977], [72.99879, 5.711982], [73.000173, 5.713202], [73.000824, 5.713121], [73.002778, 5.712836], [73.005626, 5.713324], [73.003754, 5.711127]]], [[[72.949392, 6.349677], [72.950938, 6.347724], [72.951182, 6.347602], [72.952973, 6.346625], [72.95338, 6.346259], [72.953949, 6.345608], [72.953136, 6.343492], [72.948497, 6.344428], [72.947765, 6.345933], [72.948985, 6.348049], [72.949392, 6.349799], [72.949392, 6.349677]]], [[[72.894216, 6.449937], [72.896169, 6.448879], [72.896902, 6.448188], [72.897227, 6.447903], [72.896332, 6.445787], [72.891775, 6.446723], [72.891612, 6.447008], [72.89088, 6.448228], [72.8921, 6.450263], [72.892589, 6.452094], [72.894216, 6.449937]]], [[[72.172618, 10.829983], [72.179047, 10.8487], [72.185151, 10.858303], [72.189301, 10.864936], [72.195649, 10.872707], [72.200043, 10.878119], [72.200043, 10.864447], [72.188162, 10.836127], [72.172699, 10.809231], [72.172618, 10.829983]]], [[[67.390391, 24.049262], [67.413259, 24.048774], [67.458018, 24.06273], [67.477794, 24.051215], [67.485281, 24.048489], [67.46518, 24.040595], [67.460785, 24.026679], [67.453949, 24.013414], [67.426931, 24.007514], [67.409434, 24.013495], [67.393403, 24.028062], [67.385427, 24.040188], [67.381521, 24.04621], [67.375499, 24.06273], [67.390391, 24.049262]]], [[[73.365164, 1.791042], [73.375824, 1.78856], [73.370453, 1.782538], [73.368175, 1.782945], [73.366954, 1.786689], [73.365001, 1.791083], [73.365164, 1.791042]]], [[[73.40032, 1.806138], [73.401215, 1.801703], [73.403087, 1.798], [73.40211, 1.7956], [73.400564, 1.795437], [73.394379, 1.794745], [73.394786, 1.798651], [73.394786, 1.798774], [73.395193, 1.799343], [73.396658, 1.801418], [73.398936, 1.803534], [73.400238, 1.806342], [73.40032, 1.806138]]], [[[73.463634, 1.826321], [73.456716, 1.82038], [73.454112, 1.820543], [73.45338, 1.823717], [73.452647, 1.826809], [73.463634, 1.826321]]], [[[73.510834, 1.836941], [73.499197, 1.827704], [73.49879, 1.828111], [73.498546, 1.828437], [73.498057, 1.828803], [73.497813, 1.82925], [73.500092, 1.832058], [73.502289, 1.834906], [73.507335, 1.838365], [73.517914, 1.842678], [73.518077, 1.842719], [73.510834, 1.836941]]], [[[73.536306, 1.869737], [73.53297, 1.86164], [73.5324, 1.860093], [73.531505, 1.863471], [73.5324, 1.865668], [73.533051, 1.86636], [73.534353, 1.86758], [73.536469, 1.870103], [73.536306, 1.869737]]], [[[73.243663, 1.888739], [73.243988, 1.89411], [73.245616, 1.894843], [73.247406, 1.893988], [73.248302, 1.893541], [73.25172, 1.892401], [73.243663, 1.888739]]], [[[73.548839, 1.911363], [73.545665, 1.901557], [73.541189, 1.89289], [73.540863, 1.892401], [73.549815, 1.924994], [73.553071, 1.93244], [73.548839, 1.911363]]], [[[73.549815, 1.965684], [73.549815, 1.965522], [73.547699, 1.968329], [73.547862, 1.970608], [73.550059, 1.976386], [73.549815, 1.965684]]], [[[73.319835, 1.989203], [73.322602, 1.987982], [73.323253, 1.986477], [73.31837, 1.9831], [73.31544, 1.985053], [73.315766, 1.986802], [73.317149, 1.988837], [73.317231, 1.9914], [73.319835, 1.989203]]], [[[73.542979, 2.022162], [73.540294, 2.022528], [73.542247, 2.024563], [73.5442, 2.026597], [73.542979, 2.022162]]], [[[73.386974, 2.028632], [73.386241, 2.030341], [73.386974, 2.033026], [73.386974, 2.028632]]], [[[73.551443, 2.072577], [73.551443, 2.072414], [73.550466, 2.075873], [73.55128, 2.07807], [73.553233, 2.079901], [73.555675, 2.082506], [73.551443, 2.072577]]], [[[73.585378, 2.109605], [73.583507, 2.10814], [73.580414, 2.10578], [73.567719, 2.097805], [73.561778, 2.094713], [73.561778, 2.098782], [73.562999, 2.102362], [73.567638, 2.109931], [73.585378, 2.109605]]], [[[73.041352, 2.1647], [73.039806, 2.164618], [73.038259, 2.164537], [73.038422, 2.164618], [73.043712, 2.166449], [73.041352, 2.1647]]], [[[73.102875, 2.184394], [73.102875, 2.182115], [73.102306, 2.180976], [73.099457, 2.181952], [73.098888, 2.184638], [73.099783, 2.185533], [73.101736, 2.185696], [73.103852, 2.18651], [73.102875, 2.184394]]], [[[73.116873, 2.197659], [73.12086, 2.191799], [73.115001, 2.191799], [73.113943, 2.193468], [73.114919, 2.196438], [73.115489, 2.199693], [73.116873, 2.197659]]], [[[72.9463, 2.272366], [72.943126, 2.273017], [72.948416, 2.274888], [72.9463, 2.272366]]], [[[72.927013, 2.316067], [72.922537, 2.319566], [72.922374, 2.322089], [72.924327, 2.324449], [72.926117, 2.32746], [72.927013, 2.316067]]], [[[73.343923, 2.347439], [73.343598, 2.344184], [73.342296, 2.342393], [73.342052, 2.342108], [73.344005, 2.348049], [73.343923, 2.347439]]], [[[73.361339, 2.424709], [73.365326, 2.413886], [73.366222, 2.411526], [73.367035, 2.398017], [73.362641, 2.385118], [73.362559, 2.384914], [73.353852, 2.429023], [73.354259, 2.437201], [73.361339, 2.424709]]], [[[73.315196, 2.494127], [73.313731, 2.495185], [73.311778, 2.496772], [73.311778, 2.496894], [73.311534, 2.499254], [73.313243, 2.502102], [73.314789, 2.505805], [73.315196, 2.494127]]], [[[73.143809, 2.55036], [73.141124, 2.55036], [73.140961, 2.55036], [73.145518, 2.55329], [73.143809, 2.55036]]], [[[72.902599, 2.680976], [72.905284, 2.680813], [72.906423, 2.679674], [72.90447, 2.675727], [72.901134, 2.676174], [72.900564, 2.677558], [72.900727, 2.679755], [72.900076, 2.682196], [72.902599, 2.680976]]], [[[72.873709, 2.683661], [72.867361, 2.686672], [72.866954, 2.688951], [72.869802, 2.69123], [72.872569, 2.694159], [72.873709, 2.683661]]], [[[73.032237, 2.745022], [73.028005, 2.738227], [73.025401, 2.737616], [73.022309, 2.741685], [73.032237, 2.745022]]], [[[73.352712, 2.775702], [73.353526, 2.773627], [73.353526, 2.771918], [73.35141, 2.770697], [73.348481, 2.775377], [73.349294, 2.777167], [73.351573, 2.777533], [73.353526, 2.778266], [73.352712, 2.775702]]], [[[73.390636, 2.775377], [73.391856, 2.78148], [73.394379, 2.784329], [73.397472, 2.785305], [73.399262, 2.785712], [73.390636, 2.775377]]], [[[73.548757, 2.892605], [73.550141, 2.891343], [73.551036, 2.890611], [73.549083, 2.888129], [73.549083, 2.888739], [73.548595, 2.892727], [73.548757, 2.892605]]], [[[73.361013, 2.901516], [73.362315, 2.899726], [73.362804, 2.898383], [73.36085, 2.897569], [73.360688, 2.897528], [73.35727, 2.899807], [73.35727, 2.90119], [73.359141, 2.902289], [73.360362, 2.903876], [73.361013, 2.901516]]], [[[73.014903, 2.947414], [73.010427, 2.945258], [73.009939, 2.945705], [73.009044, 2.946438], [73.009044, 2.949449], [73.008474, 2.953315], [73.014903, 2.947414]]], [[[73.56422, 2.954617], [73.562022, 2.946112], [73.56129, 2.948472], [73.561778, 2.950385], [73.56422, 2.954739], [73.56422, 2.954617]]], [[[73.585867, 2.961534], [73.577485, 2.951158], [73.578461, 2.957343], [73.581309, 2.96015], [73.584158, 2.961249], [73.585948, 2.961615], [73.585867, 2.961534]]], [[[72.870128, 2.969062], [72.867686, 2.960883], [72.865082, 2.958157], [72.864919, 2.960883], [72.870128, 2.969184], [72.870128, 2.969062]]], [[[72.902843, 3.081855], [72.904145, 3.081488], [72.904796, 3.081285], [72.906016, 3.08039], [72.90447, 3.077379], [72.899913, 3.07685], [72.899425, 3.078192], [72.900727, 3.080634], [72.901622, 3.083808], [72.902843, 3.081855]]], [[[73.612559, 3.102973], [73.608409, 3.100409], [73.613048, 3.106757], [73.612559, 3.102973]]], [[[72.978038, 3.110053], [72.979177, 3.108059], [72.981293, 3.106635], [72.981781, 3.105048], [72.978201, 3.102729], [72.975108, 3.104193], [72.975352, 3.105699], [72.976899, 3.107652], [72.977875, 3.110175], [72.978038, 3.110053]]], [[[73.043468, 3.203518], [73.045665, 3.202867], [73.046886, 3.202053], [73.045095, 3.19892], [73.040701, 3.198472], [73.040212, 3.199734], [73.041352, 3.202297], [73.042247, 3.205471], [73.043468, 3.203518]]], [[[73.03183, 3.252875], [73.033214, 3.250881], [73.035167, 3.249335], [73.035655, 3.247789], [73.031993, 3.245551], [73.031749, 3.245673], [73.028982, 3.246894], [73.029307, 3.24844], [73.030772, 3.250474], [73.031749, 3.252997], [73.03183, 3.252875]]], [[[72.834483, 3.310533], [72.836681, 3.310004], [72.837087, 3.309638], [72.837657, 3.309068], [72.836111, 3.305976], [72.831554, 3.305609], [72.831391, 3.305609], [72.831228, 3.30683], [72.832367, 3.309312], [72.833263, 3.312486], [72.834483, 3.310533]]], [[[73.516531, 3.36107], [73.517426, 3.360297], [73.518809, 3.359117], [73.518891, 3.358873], [73.519135, 3.356594], [73.519216, 3.356391], [73.516368, 3.361233], [73.516531, 3.36107]]], [[[73.747732, 3.450995], [73.753103, 3.446438], [73.753184, 3.446357], [73.751231, 3.44713], [73.748546, 3.448188], [73.748383, 3.448635], [73.747569, 3.451117], [73.747732, 3.450995]]], [[[73.508474, 3.496568], [73.508556, 3.496487], [73.506196, 3.497626], [73.506114, 3.497707], [73.50587, 3.501207], [73.508474, 3.496568]]], [[[72.953787, 3.731635], [72.955821, 3.730129], [72.955821, 3.728705], [72.951996, 3.726874], [72.948985, 3.728583], [72.949392, 3.730048], [72.951182, 3.731513], [72.952403, 3.733832], [72.953787, 3.731635]]], [[[72.947113, 3.769843], [72.948578, 3.768785], [72.949067, 3.768378], [72.949392, 3.766995], [72.945323, 3.765204], [72.944916, 3.765448], [72.942393, 3.766995], [72.942882, 3.768378], [72.944672, 3.769843], [72.945811, 3.772121], [72.947113, 3.769843]]], [[[72.945811, 3.834662], [72.946625, 3.834011], [72.947765, 3.833075], [72.94809, 3.831692], [72.944102, 3.829901], [72.941173, 3.831692], [72.941661, 3.833075], [72.94337, 3.834662], [72.944591, 3.836859], [72.945811, 3.834662]]], [[[73.435232, 3.844916], [73.433442, 3.842719], [73.432302, 3.841702], [73.431488, 3.843695], [73.432465, 3.846829], [73.43393, 3.847398], [73.43572, 3.846829], [73.437266, 3.846625], [73.435232, 3.844916]]], [[[73.443451, 3.920478], [73.443044, 3.918769], [73.438487, 3.916612], [73.438162, 3.916449], [73.443533, 3.920559], [73.443451, 3.920478]]], [[[73.3449, 3.944566], [73.341482, 3.942043], [73.341482, 3.943101], [73.345063, 3.944729], [73.3449, 3.944566]]], [[[73.422537, 4.118191], [73.421397, 4.11636], [73.419119, 4.115749], [73.418956, 4.115709], [73.422618, 4.118354], [73.422537, 4.118191]]], [[[72.958588, 4.262519], [72.954356, 4.261461], [72.951182, 4.262356], [72.94516, 4.266303], [72.958588, 4.262519]]], [[[73.595714, 4.34219], [73.592459, 4.340155], [73.589366, 4.340562], [73.589122, 4.340562], [73.595876, 4.342271], [73.595714, 4.34219]]], [[[73.611501, 4.362942], [73.611339, 4.360297], [73.61199, 4.358059], [73.611827, 4.356513], [73.609548, 4.355618], [73.607677, 4.3581], [73.608246, 4.359442], [73.609874, 4.360826], [73.611501, 4.363105], [73.611501, 4.362942]]], [[[73.637869, 4.370429], [73.637055, 4.368069], [73.637462, 4.365627], [73.637462, 4.365465], [73.637055, 4.363959], [73.635753, 4.364244], [73.6338, 4.364651], [73.633637, 4.364691], [73.631684, 4.368476], [73.632986, 4.369534], [73.635427, 4.369574], [73.63795, 4.370551], [73.637869, 4.370429]]], [[[73.667817, 4.390692], [73.668468, 4.388495], [73.668305, 4.386868], [73.666189, 4.385932], [73.664317, 4.388332], [73.664887, 4.389797], [73.666515, 4.391303], [73.667979, 4.3935], [73.667817, 4.390692]]], [[[72.956065, 4.422105], [72.948904, 4.422919], [72.947113, 4.423082], [72.94337, 4.431586], [72.957042, 4.4383], [72.956065, 4.422105]]], [[[73.553559, 4.620266], [73.553477, 4.617662], [73.554047, 4.615465], [73.553884, 4.613918], [73.551606, 4.612982], [73.550955, 4.613837], [73.549815, 4.615383], [73.550466, 4.616848], [73.552013, 4.618232], [73.553559, 4.62051], [73.553559, 4.620266]]], [[[73.634532, 5.410956], [73.636729, 5.402899], [73.635916, 5.394477], [73.632498, 5.386257], [73.632498, 5.386054], [73.627778, 5.413275], [73.629568, 5.418524], [73.634532, 5.410956]]], [[[73.005544, 5.463121], [73.004161, 5.461412], [73.002615, 5.457587], [73.000987, 5.456244], [72.999034, 5.461086], [73.000011, 5.46247], [73.002778, 5.46247], [73.005626, 5.463202], [73.005544, 5.463121]]], [[[72.882498, 5.492011], [72.881847, 5.490058], [72.881114, 5.488471], [72.879161, 5.48786], [72.877696, 5.492092], [72.878754, 5.49315], [72.881196, 5.493232], [72.883962, 5.494086], [72.882498, 5.492011]]], [[[73.018972, 5.617662], [73.017345, 5.615709], [73.016856, 5.613756], [73.016124, 5.61225], [73.014171, 5.611599], [73.014008, 5.611558], [73.012869, 5.615709], [73.013927, 5.616889], [73.016449, 5.616889], [73.019054, 5.617825], [73.018972, 5.617662]]], [[[73.013194, 5.675035], [73.012462, 5.673], [73.011892, 5.671536], [73.009776, 5.670844], [73.008556, 5.674994], [73.009776, 5.676093], [73.012055, 5.676256], [73.014659, 5.676988], [73.013194, 5.675035]]], [[[73.392426, 5.736802], [73.380707, 5.714586], [73.380626, 5.714748], [73.379812, 5.715074], [73.379568, 5.715155], [73.382579, 5.722113], [73.392833, 5.737698], [73.392426, 5.736802]]], [[[72.98585, 5.76557], [72.982758, 5.762519], [72.986827, 5.770738], [72.98585, 5.76557]]], [[[73.382335, 5.794745], [73.38266, 5.791693], [73.384288, 5.789252], [73.384532, 5.786933], [73.380707, 5.784125], [73.376801, 5.78734], [73.377696, 5.789537], [73.380219, 5.791693], [73.382335, 5.794989], [73.382335, 5.794745]]], [[[72.975108, 5.804551], [72.975108, 5.804429], [72.972423, 5.807034], [72.970958, 5.808417], [72.971039, 5.810452], [72.973806, 5.811713], [72.976573, 5.813625], [72.975108, 5.804551]]], [[[73.433767, 5.830878], [73.433442, 5.830715], [73.438975, 5.838284], [73.443126, 5.841254], [73.446544, 5.841498], [73.449799, 5.840725], [73.433767, 5.830878]]], [[[72.963715, 5.86404], [72.966482, 5.850246], [72.962657, 5.853461], [72.961925, 5.856676], [72.963634, 5.864325], [72.963715, 5.86404]]], [[[73.429047, 5.9112], [73.428477, 5.908596], [73.428477, 5.906195], [73.428477, 5.904446], [73.42628, 5.903266], [73.423188, 5.906887], [73.424083, 5.908433], [73.426606, 5.909491], [73.429047, 5.911363], [73.429047, 5.9112]]], [[[72.930186, 5.956936], [72.925792, 5.963284], [72.926443, 5.966295], [72.931651, 5.969062], [72.930186, 5.956936]]], [[[73.395333, 5.957802], [73.386729, 5.961982], [73.384532, 5.964748], [73.389822, 5.970282], [73.395333, 5.957802]]], [[[72.915619, 5.981269], [72.913829, 5.979641], [72.913422, 5.977362], [72.912852, 5.976304], [72.911388, 5.977078], [72.909841, 5.977932], [72.909679, 5.982123], [72.910899, 5.982733], [72.913097, 5.981635], [72.915701, 5.98135], [72.915619, 5.981269]]], [[[73.250662, 6.083279], [73.249034, 6.079535], [73.245453, 6.079779], [73.250743, 6.083401], [73.250662, 6.083279]]], [[[73.251964, 6.111151], [73.247244, 6.107978], [73.246837, 6.107733], [73.248871, 6.110175], [73.252126, 6.111233], [73.251964, 6.111151]]], [[[73.220388, 6.131985], [73.219005, 6.129299], [73.21518, 6.128567], [73.22047, 6.132066], [73.220388, 6.131985]]], [[[73.270193, 6.156806], [73.268809, 6.154486], [73.268077, 6.152411], [73.267263, 6.150946], [73.26531, 6.150662], [73.265147, 6.150621], [73.265391, 6.153551], [73.266612, 6.154853], [73.26824, 6.155585], [73.270274, 6.156928], [73.270193, 6.156806]]], [[[73.218923, 6.172268], [73.214041, 6.168769], [73.215831, 6.17121], [73.219086, 6.172349], [73.218923, 6.172268]]], [[[73.268077, 6.178697], [73.265391, 6.182766], [73.265961, 6.185004], [73.268403, 6.186835], [73.270844, 6.189439], [73.268077, 6.178697]]], [[[73.034028, 6.222235], [73.029145, 6.21898], [73.028982, 6.218817], [73.030447, 6.221015], [73.03419, 6.222357], [73.034028, 6.222235]]], [[[73.242198, 6.236477], [73.243663, 6.234036], [73.243907, 6.231635], [73.240245, 6.228949], [73.236339, 6.232123], [73.237071, 6.23428], [73.239757, 6.236477], [73.24171, 6.239691], [73.242198, 6.236477]]], [[[73.12615, 6.284003], [73.123057, 6.283352], [73.122895, 6.283352], [73.128429, 6.286851], [73.12615, 6.284003]]], [[[73.21518, 6.294664], [73.213064, 6.289211], [73.209158, 6.286689], [73.208751, 6.286444], [73.209321, 6.286851], [73.21518, 6.294827], [73.21518, 6.294664]]], [[[73.083263, 6.308458], [73.081391, 6.305609], [73.078461, 6.305121], [73.078136, 6.30508], [73.083344, 6.30858], [73.083263, 6.308458]]], [[[73.197113, 6.327297], [73.198253, 6.324693], [73.199311, 6.324205], [73.200369, 6.323717], [73.201915, 6.32217], [73.20102, 6.318264], [73.195079, 6.319648], [73.194998, 6.319932], [73.194184, 6.321601], [73.195974, 6.324286], [73.197032, 6.32746], [73.197113, 6.327297]]], [[[73.124197, 6.332261], [73.11964, 6.329169], [73.119314, 6.328925], [73.120942, 6.331041], [73.124522, 6.332506], [73.124197, 6.332261]]], [[[73.184906, 6.349066], [73.183604, 6.347317], [73.18214, 6.34634], [73.180186, 6.347113], [73.181, 6.34984], [73.182628, 6.350491], [73.184825, 6.350328], [73.187266, 6.350775], [73.184906, 6.349066]]], [[[73.021821, 6.366767], [73.023936, 6.365871], [73.024913, 6.364814], [73.024181, 6.362698], [73.019298, 6.363593], [73.018728, 6.36522], [73.019867, 6.367174], [73.020518, 6.368964], [73.021821, 6.366767]]], [[[72.688813, 6.409735], [72.687185, 6.407416], [72.685883, 6.40648], [72.684825, 6.408393], [72.685883, 6.411607], [72.687511, 6.412258], [72.689138, 6.411607], [72.690847, 6.411566], [72.688813, 6.409735]]], [[[72.90447, 6.437974], [72.906423, 6.436916], [72.906912, 6.436428], [72.907481, 6.435858], [72.906586, 6.433824], [72.902029, 6.43476], [72.901866, 6.435045], [72.901134, 6.436347], [72.902192, 6.4383], [72.902843, 6.440172], [72.90447, 6.437974]]], [[[73.046235, 6.436265], [73.043305, 6.433865], [73.043142, 6.433702], [73.048813, 6.441342], [73.046235, 6.436265]]], [[[72.959972, 6.557522], [72.958995, 6.555487], [72.958018, 6.554348], [72.955821, 6.555325], [72.956798, 6.560004], [72.958344, 6.560696], [72.960216, 6.559516], [72.962087, 6.559027], [72.959972, 6.557522]]], [[[72.925548, 6.563056], [72.927501, 6.562079], [72.928722, 6.561103], [72.927745, 6.558946], [72.923106, 6.559882], [72.922537, 6.56151], [72.923513, 6.563381], [72.924001, 6.565253], [72.925548, 6.563056]]], [[[73.029877, 6.58218], [73.02947, 6.579657], [73.030121, 6.577541], [73.030365, 6.576117], [73.028168, 6.575181], [73.027354, 6.576483], [73.025564, 6.57925], [73.026134, 6.580797], [73.028331, 6.581366], [73.029959, 6.582343], [73.029877, 6.58218]]], [[[73.042654, 6.620347], [73.041515, 6.618354], [73.040701, 6.617174], [73.038422, 6.61815], [73.039399, 6.62287], [73.041026, 6.623603], [73.042979, 6.622504], [73.04477, 6.621894], [73.042654, 6.620347]]], [[[73.061778, 6.660956], [73.062266, 6.666897], [73.064138, 6.668402], [73.066661, 6.668118], [73.069509, 6.667955], [73.061778, 6.660956]]], [[[73.103526, 6.705878], [73.102306, 6.702338], [73.100434, 6.699774], [73.095876, 6.698432], [73.09669, 6.706122], [73.099294, 6.70893], [73.105968, 6.709947], [73.103526, 6.705878]]], [[[73.036143, 6.757107], [73.036225, 6.756781], [73.036794, 6.755072], [73.036876, 6.753485], [73.034679, 6.75259], [73.033865, 6.753852], [73.031993, 6.756578], [73.032888, 6.758246], [73.034841, 6.758734], [73.036632, 6.759711], [73.036143, 6.757107]]], [[[72.916515, 6.762437], [72.915375, 6.760443], [72.914317, 6.759223], [72.912364, 6.760077], [72.912283, 6.760159], [72.913259, 6.764879], [72.914887, 6.76557], [72.916759, 6.764472], [72.918468, 6.763983], [72.916515, 6.762437]]], [[[73.164236, 6.787055], [73.165538, 6.785631], [73.165538, 6.783149], [73.166515, 6.780341], [73.152843, 6.749213], [73.144786, 6.735541], [73.131847, 6.725165], [73.131684, 6.725043], [73.135997, 6.741197], [73.152517, 6.768215], [73.159516, 6.786526], [73.164236, 6.787055]]], [[[73.197276, 6.828111], [73.189464, 6.822821], [73.183767, 6.821153], [73.180837, 6.823432], [73.181651, 6.830512], [73.197276, 6.828111]]], [[[72.993663, 6.839911], [72.992442, 6.837877], [72.991547, 6.836737], [72.989431, 6.837633], [72.990245, 6.842434], [72.992035, 6.843004], [72.993907, 6.841986], [72.995697, 6.841457], [72.993663, 6.839911]]], [[[73.142263, 6.841864], [73.141287, 6.839911], [73.14031, 6.83869], [73.138031, 6.839667], [73.139008, 6.844428], [73.140636, 6.845038], [73.142589, 6.84394], [73.144379, 6.843411], [73.142263, 6.841864]]], [[[72.975597, 6.850287], [72.976248, 6.848131], [72.976329, 6.846666], [72.974132, 6.845852], [72.971528, 6.849758], [72.972341, 6.851386], [72.974376, 6.851996], [72.976085, 6.852851], [72.975597, 6.850287]]], [[[73.098074, 6.852118], [73.096039, 6.850572], [73.095063, 6.8487], [73.094005, 6.847561], [73.092784, 6.847968], [73.091807, 6.848334], [73.092947, 6.853095], [73.094493, 6.853827], [73.096365, 6.852769], [73.098155, 6.8522], [73.098074, 6.852118]]], [[[72.962657, 6.859198], [72.961436, 6.857327], [72.960623, 6.856024], [72.958751, 6.856838], [72.958507, 6.85696], [72.958344, 6.857001], [72.959239, 6.86164], [72.961111, 6.862454], [72.962901, 6.861314], [72.964692, 6.860663], [72.962657, 6.859198]]], [[[73.105724, 6.894029], [73.106293, 6.891913], [73.106537, 6.89053], [73.106619, 6.890448], [73.10434, 6.889553], [73.101736, 6.893541], [73.102306, 6.895209], [73.104503, 6.895738], [73.106212, 6.896715], [73.105724, 6.894029]]], [[[73.213064, 6.904608], [73.208751, 6.891099], [73.203949, 6.884955], [73.20102, 6.893134], [73.201915, 6.902248], [73.204926, 6.91177], [73.209158, 6.91828], [73.214041, 6.918606], [73.213064, 6.904608]]], [[[72.925955, 6.957017], [72.92628, 6.953803], [72.924585, 6.951704], [72.925955, 6.957424], [72.925955, 6.957017]]], [[[73.194672, 6.951239], [73.193858, 6.950995], [73.19337, 6.950995], [73.193207, 6.950995], [73.193044, 6.951077], [73.192556, 6.951239], [73.191905, 6.951646], [73.191173, 6.96133], [73.191905, 6.967597], [73.194102, 6.970893], [73.198497, 6.97134], [73.194672, 6.951239]]], [[[72.891938, 6.987698], [72.890473, 6.985419], [72.891938, 6.991034], [72.891938, 6.987698]]], [[[72.979747, 7.027533], [72.981456, 7.013983], [72.977306, 7.019029], [72.977224, 7.02261], [72.979747, 7.027737], [72.979747, 7.027533]]], [[[72.949962, 7.056423], [72.948497, 7.050849], [72.947765, 7.0539], [72.949962, 7.056545], [72.949962, 7.056423]]], [[[72.912852, 7.092597], [72.911876, 7.083197], [72.906423, 7.089016], [72.906586, 7.09101], [72.909679, 7.09162], [72.912852, 7.092719], [72.912852, 7.092597]]], [[[72.884532, 7.105699], [72.884532, 7.103705], [72.882498, 7.10163], [72.8838, 7.107245], [72.884532, 7.105699]]], [[[97.84962, 9.442125], [97.853282, 9.461371], [97.871837, 9.473049], [97.895274, 9.467353], [97.899425, 9.461127], [97.900157, 9.45307], [97.898204, 9.444973], [97.894786, 9.438707], [97.886974, 9.438218], [97.877208, 9.442084], [97.869884, 9.440741], [97.869965, 9.425238], [97.84962, 9.442125]]]]}}, {"type": "Feature", "properties": {"source": "Natural Earth 10m Land (South Asia & Indian EEZ)"}, "geometry": {"type": "MultiPolygon", "coordinates": [[[[99.065684, 7.615058], [99.075857, 7.608954], [99.075938, 7.573228], [99.086111, 7.536526], [99.10141, 7.503567], [99.117442, 7.479193], [99.099946, 7.467231], [99.077159, 7.480292], [99.05714, 7.504055], [99.031261, 7.561916], [99.028087, 7.571723], [99.029063, 7.606187], [99.02711, 7.62287], [99.020681, 7.636868], [99.023204, 7.639106], [99.024425, 7.639838], [99.025645, 7.640937], [99.028087, 7.644273], [99.034923, 7.644273], [99.065684, 7.615058]]], [[[98.540375, 8.105618], [98.586925, 8.079291], [98.602387, 8.063463], [98.610362, 8.034735], [98.611827, 7.926093], [98.603526, 7.903754], [98.588227, 7.904934], [98.577322, 7.919623], [98.570811, 7.939358], [98.567556, 7.963365], [98.562836, 7.978095], [98.563243, 7.986314], [98.568044, 7.993354], [98.574555, 7.994127], [98.580414, 7.996161], [98.583018, 8.006781], [98.582286, 8.015367], [98.5796, 8.024563], [98.574392, 8.031806], [98.565929, 8.034735], [98.554861, 8.036933], [98.551117, 8.042548], [98.549815, 8.050116], [98.536876, 8.071194], [98.531016, 8.088568], [98.528168, 8.107082], [98.528494, 8.123481], [98.53297, 8.119452], [98.536306, 8.115139], [98.540538, 8.104926], [98.540375, 8.105618]]], [[[73.081798, 8.315823], [73.083018, 8.314358], [73.083018, 8.311672], [73.083995, 8.308498], [73.066091, 8.270453], [73.056651, 8.259996], [73.044688, 8.252427], [73.032725, 8.249498], [73.024099, 8.255439], [73.022472, 8.274359], [73.029307, 8.274359], [73.029307, 8.274115], [73.028982, 8.263414], [73.029307, 8.259996], [73.04835, 8.267564], [73.063162, 8.279486], [73.073009, 8.295396], [73.077159, 8.315253], [73.081798, 8.315823]]], [[[93.160818, 8.228746], [93.173025, 8.221259], [93.17628, 8.212877], [93.167328, 8.204535], [93.153494, 8.205512], [93.124685, 8.212877], [93.10255, 8.221503], [93.081554, 8.242377], [93.065766, 8.268134], [93.059581, 8.291409], [93.06129, 8.320746], [93.064301, 8.336127], [93.069835, 8.346625], [93.083751, 8.355902], [93.095063, 8.35517], [93.10141, 8.345771], [93.100759, 8.299262], [93.104015, 8.27558], [93.114106, 8.256415], [93.134532, 8.24018], [93.160818, 8.228746]]], [[[79.702973, 9.079983], [79.698009, 9.089586], [79.701182, 9.099189], [79.714122, 9.103583], [79.7588, 9.103583], [79.778575, 9.098538], [79.799001, 9.093329], [79.841645, 9.077216], [79.882335, 9.053778], [79.916433, 9.021023], [79.900076, 9.0244], [79.871267, 9.03856], [79.85434, 9.04149], [79.8803, 9.012193], [79.900727, 8.989081], [79.909679, 8.973212], [79.885753, 8.976223], [79.870128, 8.988186], [79.859386, 9.001207], [79.851329, 9.007392], [79.840994, 9.0126], [79.799815, 9.048977], [79.779389, 9.05801], [79.758962, 9.067043], [79.743988, 9.071072], [79.736013, 9.073228], [79.714122, 9.075629], [79.702973, 9.079983]]], [[[98.307872, 9.133002], [98.317393, 9.117133], [98.322765, 9.097968], [98.323009, 9.076239], [98.302013, 9.055162], [98.309337, 9.048977], [98.294444, 9.041571], [98.274181, 9.035956], [98.254242, 9.036811], [98.240489, 9.048977], [98.240001, 9.06269], [98.248383, 9.143378], [98.24822, 9.150092], [98.250824, 9.154039], [98.260916, 9.158149], [98.273285, 9.15998], [98.282237, 9.156724], [98.295665, 9.145168], [98.307872, 9.133002]]], [[[92.833849, 9.202359], [92.831981, 9.145025], [92.799565, 9.110154], [92.731212, 9.130845], [92.720225, 9.147121], [92.711681, 9.175116], [92.708507, 9.201606], [92.713878, 9.213446], [92.729259, 9.217841], [92.745128, 9.229071], [92.754405, 9.244452], [92.750987, 9.261217], [92.763031, 9.264146], [92.772716, 9.259223], [92.795272, 9.240818], [92.811373, 9.23117], [92.833849, 9.202359]]], [[[79.880382, 9.628607], [79.864919, 9.651516], [79.840668, 9.699408], [79.851736, 9.716539], [79.854259, 9.738471], [79.860525, 9.756252], [79.882335, 9.760891], [79.893891, 9.757432], [79.894054, 9.757392], [79.89503, 9.748969], [79.891124, 9.737209], [79.888438, 9.723619], [79.888845, 9.709906], [79.89031, 9.698961], [79.890391, 9.69831], [79.891287, 9.696112], [79.894705, 9.688178], [79.899262, 9.68301], [79.902843, 9.678941], [79.907074, 9.677883], [79.926443, 9.678941], [79.929698, 9.675971], [79.931163, 9.660956], [79.933604, 9.654731], [79.944998, 9.64761], [79.96046, 9.641059], [79.973399, 9.633775], [79.974457, 9.631496], [79.977875, 9.624335], [79.970958, 9.617255], [79.957774, 9.617174], [79.943614, 9.621527], [79.933604, 9.627753], [79.926524, 9.629462], [79.908539, 9.618964], [79.895844, 9.617499], [79.880382, 9.628607]]], [[[99.999197, 9.710354], [99.987641, 9.719916], [99.993337, 9.731676], [99.989919, 9.742906], [99.970551, 9.764594], [99.970714, 9.771226], [99.983572, 9.791938], [99.987641, 9.801825], [99.997895, 9.797268], [100.0, 9.797078236200646], [100.0, 9.71002278628988], [99.999197, 9.710354]]], [[[98.518809, 10.971096], [98.512055, 10.965237], [98.508474, 10.956855], [98.507986, 10.946357], [98.48585, 10.955878], [98.477061, 10.9737], [98.478363, 10.993354], [98.486827, 11.00845], [98.503184, 11.021145], [98.509532, 11.027737], [98.514171, 11.035793], [98.51588, 11.045356], [98.513438, 11.063056], [98.514171, 11.069892], [98.524669, 11.086656], [98.531912, 11.083808], [98.53712, 11.068915], [98.544607, 11.031195], [98.545177, 11.015937], [98.541515, 10.987982], [98.543142, 10.96011], [98.541515, 10.953803], [98.533946, 10.950832], [98.53004, 10.95718], [98.528494, 10.966946], [98.528494, 10.974311], [98.518809, 10.971096]]], [[[92.685069, 11.399359], [92.696788, 11.391791], [92.69988, 11.384426], [92.682791, 11.371527], [92.673188, 11.367336], [92.646007, 11.359076], [92.63502, 11.357896], [92.61964, 11.360745], [92.61085, 11.366156], [92.60377, 11.372504], [92.593516, 11.378363], [92.598969, 11.401313], [92.600841, 11.406317], [92.608165, 11.411322], [92.623871, 11.412502], [92.631196, 11.416246], [92.637218, 11.430162], [92.635265, 11.447008], [92.627615, 11.477362], [92.63559, 11.508043], [92.654145, 11.508124], [92.675059, 11.490424], [92.689708, 11.46776], [92.6963, 11.454413], [92.689708, 11.442532], [92.679698, 11.429389], [92.676524, 11.412543], [92.685069, 11.399359]]], [[[98.063487, 11.697252], [98.067719, 11.691067], [98.067556, 11.682929], [98.061697, 11.673245], [98.079112, 11.653795], [98.085297, 11.644924], [98.08961, 11.63227], [98.065115, 11.646389], [98.057384, 11.653144], [98.055431, 11.659573], [98.049327, 11.6647], [98.034353, 11.686835], [98.016612, 11.697496], [98.011729, 11.704739], [98.024425, 11.707953], [98.028331, 11.71719], [98.028575, 11.737006], [98.022472, 11.755805], [98.007091, 11.761949], [98.011892, 11.787258], [97.999766, 11.841783], [98.013927, 11.864976], [98.011974, 11.827379], [98.013927, 11.816596], [98.019298, 11.810492], [98.044932, 11.789252], [98.052257, 11.776028], [98.052419, 11.749416], [98.057953, 11.729071], [98.082286, 11.734687], [98.08074, 11.722642], [98.074718, 11.713365], [98.065684, 11.706366], [98.055431, 11.701117], [98.063487, 11.697252]]], [[[93.048676, 11.952786], [93.066417, 11.899115], [93.049327, 11.896145], [93.035411, 11.911933], [93.026541, 11.931627], [93.024913, 11.940131], [93.015391, 11.94599], [93.001313, 11.949205], [92.990571, 11.954413], [92.980235, 11.96369], [92.974457, 11.972235], [92.96754, 11.978583], [92.953136, 11.981106], [92.947032, 11.989691], [92.957205, 12.008694], [92.972179, 12.027737], [92.980724, 12.036322], [93.014659, 12.037177], [93.025401, 12.031562], [93.018565, 12.015815], [93.040375, 11.969062], [93.042491, 11.961168], [93.048676, 11.952786]]], [[[92.737478, 12.961737], [92.732188, 12.945705], [92.729991, 12.895209], [92.724376, 12.872382], [92.717621, 12.862209], [92.701508, 12.844428], [92.697113, 12.838202], [92.695079, 12.8251], [92.696544, 12.8133], [92.694672, 12.803778], [92.682791, 12.797309], [92.670258, 12.867662], [92.672862, 12.878607], [92.677745, 12.890367], [92.684906, 12.945054], [92.682791, 12.961737], [92.695079, 12.973456], [92.702403, 12.983059], [92.708344, 12.988674], [92.71697, 12.988471], [92.722504, 12.985785], [92.727061, 12.982001], [92.730724, 12.977484], [92.733084, 12.97248], [92.737478, 12.961737]]], [[[94.829845, 15.916449], [94.839366, 15.890082], [94.841563, 15.877427], [94.837413, 15.864407], [94.819102, 15.834703], [94.803722, 15.796576], [94.777843, 15.791571], [94.747895, 15.799465], [94.724864, 15.811957], [94.724864, 15.818793], [94.744802, 15.832709], [94.759288, 15.85224], [94.78004, 15.893948], [94.806814, 15.931098], [94.823253, 15.945787], [94.827973, 15.932156], [94.827973, 15.932034], [94.829845, 15.916449]]], [[[91.884451, 21.850287], [91.870372, 21.824612], [91.862804, 21.789984], [91.841075, 21.735419], [91.83253, 21.725816], [91.823985, 21.742621], [91.839854, 21.825507], [91.83253, 21.876695], [91.836192, 21.89411], [91.843435, 21.906968], [91.867198, 21.931952], [91.871104, 21.92886], [91.872732, 21.925605], [91.874034, 21.91767], [91.886078, 21.880276], [91.887706, 21.866156], [91.884451, 21.850287]]], [[[90.641612, 22.952297], [90.633311, 22.95303], [90.644705, 22.94599], [90.654633, 22.937323], [90.662364, 22.927802], [90.667328, 22.918199], [90.636241, 22.921332], [90.627126, 22.925035], [90.61964, 22.932522], [90.607677, 22.952582], [90.599132, 22.959174], [90.588715, 22.962063], [90.584727, 22.960395], [90.581228, 22.956529], [90.57252, 22.95303], [90.561697, 22.951565], [90.534516, 22.951239], [90.524099, 22.95303], [90.508067, 22.975775], [90.528005, 23.007636], [90.56129, 23.03262], [90.586192, 23.034898], [90.60727, 23.018134], [90.645356, 22.97484], [90.667328, 22.959174], [90.667328, 22.95303], [90.641612, 22.952297]]], [[[72.789236, 11.261664], [72.795909, 11.261664], [72.795584, 11.257229], [72.793956, 11.254299], [72.791515, 11.251654], [72.789073, 11.248033], [72.787934, 11.232245], [72.784923, 11.216376], [72.775483, 11.186754], [72.775401, 11.186591], [72.771169, 11.201117], [72.770356, 11.20364], [72.774181, 11.222886], [72.789073, 11.261664], [72.789236, 11.261664]]], [[[73.552883, 4.236799], [73.551992, 4.22833], [73.549317, 4.212284], [73.538174, 4.183312], [73.526585, 4.171278], [73.510891, 4.162087], [73.486916, 4.164146], [73.476665, 4.168603], [73.431201, 4.184649], [73.432093, 4.189998], [73.512015, 4.186301], [73.520533, 4.191123], [73.52614, 4.207827], [73.533271, 4.231004], [73.546197, 4.243039], [73.552883, 4.236799]]], [[[98.590049, 0.171656], [98.625416, 0.175154], [98.673149, 0.169812], [98.717352, 0.17512], [98.743868, 0.166266], [98.766855, 0.166261], [98.805744, 0.160916], [98.835799, 0.141469], [98.851685, 0.109621], [98.844589, 0.084859], [98.802151, 0.086636], [98.763256, 0.086648], [98.726125, 0.074285], [98.689004, 0.070775], [98.650123, 0.079622], [98.620081, 0.086703], [98.575883, 0.08675], [98.53874, 0.090335], [98.528133, 0.111576], [98.524601, 0.145197], [98.547597, 0.159327], [98.590049, 0.171656]]]]}}, {"type": "Feature", "properties": {"source": "Natural Earth 10m Land (South Asia & Indian EEZ)"}, "geometry": {"type": "MultiPolygon", "coordinates": [[[[98.324962, 0.003974], [98.364024, 0.010484], [98.38871771415775, 0.0], [98.31065643707215, 0.0], [98.324962, 0.003974]]], [[[96.475108, 2.397854], [96.481212, 2.378852], [96.481212, 2.364], [96.458507, 2.359809], [96.465831, 2.359809], [96.430675, 2.348782], [96.420909, 2.343004], [96.411388, 2.343817], [96.36964, 2.367255], [96.351085, 2.355048], [96.334972, 2.355455], [96.320811, 2.363471], [96.307628, 2.374091], [96.312836, 2.378648], [96.322602, 2.389797], [96.328136, 2.394517], [96.306163, 2.405097], [96.285167, 2.436428], [96.239919, 2.448676], [96.065684, 2.579413], [96.042654, 2.592027], [96.020274, 2.600002], [96.010997, 2.600898], [95.986095, 2.600002], [95.980642, 2.602688], [95.971934, 2.612209], [95.965099, 2.614244], [95.961274, 2.607123], [95.958018, 2.60224], [95.955089, 2.600002], [95.94752, 2.598049], [95.939952, 2.59516], [95.931407, 2.595608], [95.911469, 2.610297], [95.8921, 2.615627], [95.883067, 2.620429], [95.878184, 2.628567], [95.877778, 2.637112], [95.874766, 2.645819], [95.862559, 2.654608], [95.790538, 2.654608], [95.78533, 2.66059], [95.787446, 2.674058], [95.794281, 2.696234], [95.78891, 2.704006], [95.758962, 2.724107], [95.761567, 2.739936], [95.74879, 2.749905], [95.735199, 2.75788], [95.735688, 2.76789], [95.740082, 2.778062], [95.727875, 2.779242], [95.710216, 2.777493], [95.698009, 2.778754], [95.692638, 2.79206], [95.692638, 2.812812], [95.699555, 2.831773], [95.714854, 2.840155], [95.768728, 2.840806], [95.78004, 2.846381], [95.781505, 2.855048], [95.776622, 2.860989], [95.769867, 2.864895], [95.766368, 2.867499], [95.766775, 2.878119], [95.771821, 2.895453], [95.773204, 2.905015], [95.784679, 2.924954], [95.786876, 2.932685], [95.791515, 2.942532], [95.801524, 2.937567], [95.811046, 2.927436], [95.814138, 2.922105], [95.884044, 2.919013], [95.911876, 2.906236], [95.910411, 2.873684], [95.890798, 2.889106], [95.882986, 2.883938], [95.883067, 2.846381], [95.917247, 2.860663], [95.927745, 2.84455], [95.964529, 2.827948], [95.9817, 2.790351], [96.003266, 2.777004], [96.028331, 2.768459], [96.090505, 2.757799], [96.106781, 2.749661], [96.126313, 2.73371], [96.13087, 2.715277], [96.101817, 2.675442], [96.102794, 2.654608], [96.118663, 2.666002], [96.129731, 2.664781], [96.138438, 2.658393], [96.147146, 2.654608], [96.156261, 2.648424], [96.161876, 2.647773], [96.164236, 2.654608], [96.160899, 2.6612], [96.146983, 2.670722], [96.143728, 2.678778], [96.15797, 2.680406], [96.246104, 2.600002], [96.257823, 2.591864], [96.290701, 2.575181], [96.30421, 2.572089], [96.3213, 2.566148], [96.335948, 2.552151], [96.359141, 2.52143], [96.363943, 2.50849], [96.367849, 2.489691], [96.375255, 2.473863], [96.390147, 2.469672], [96.395274, 2.477362], [96.396983, 2.493109], [96.396495, 2.524848], [96.410655, 2.508938], [96.417247, 2.506334], [96.424327, 2.510565], [96.444102, 2.490383], [96.465017, 2.437812], [96.479503, 2.414984], [96.475108, 2.397854]]], [[[93.928722, 7.012356], [93.929861, 6.959052], [93.921072, 6.933824], [93.893565, 6.876776], [93.889415, 6.841783], [93.892833, 6.834052], [93.899262, 6.827135], [93.904145, 6.819241], [93.903087, 6.808295], [93.898448, 6.804185], [93.889903, 6.800971], [93.880056, 6.800442], [93.871755, 6.804511], [93.859386, 6.804267], [93.847911, 6.785305], [93.834239, 6.745551], [93.812673, 6.753974], [93.809337, 6.769029], [93.813243, 6.788031], [93.813731, 6.808295], [93.805431, 6.816718], [93.792166, 6.825873], [93.784434, 6.836412], [93.793224, 6.849189], [93.783702, 6.857978], [93.775727, 6.867377], [93.773123, 6.877997], [93.779552, 6.890204], [93.770763, 6.893866], [93.766124, 6.901109], [93.764496, 6.911526], [93.76531, 6.924302], [93.748057, 6.92357], [93.737478, 6.943264], [93.72877, 6.970526], [93.71754, 6.992621], [93.703624, 7.006293], [93.684337, 7.020901], [93.664561, 7.026516], [93.649181, 7.013088], [93.649669, 7.119615], [93.653575, 7.131496], [93.676443, 7.181871], [93.685395, 7.184516], [93.70753, 7.184394], [93.717296, 7.18769], [93.72462, 7.194973], [93.730154, 7.202216], [93.73463, 7.205512], [93.739919, 7.207099], [93.76531, 7.219143], [93.772146, 7.211737], [93.797618, 7.234605], [93.813975, 7.241848], [93.830821, 7.235907], [93.855317, 7.214179], [93.865001, 7.20067], [93.870372, 7.180569], [93.87672, 7.16356], [93.880626, 7.144273], [93.883149, 7.104722], [93.887055, 7.089301], [93.903087, 7.060858], [93.912934, 7.035102], [93.920258, 7.024319], [93.928722, 7.012356]]], [[[92.586986, 10.736294], [92.598059, 10.709302], [92.595908, 10.678364], [92.574492, 10.655484], [92.56124, 10.642555], [92.551056, 10.634603], [92.539835, 10.620669], [92.54176, 10.59172], [92.555964, 10.588675], [92.574213, 10.580624], [92.546675, 10.547781], [92.535423, 10.524861], [92.513027, 10.507969], [92.479558, 10.516073], [92.463372, 10.531103], [92.444139, 10.545143], [92.421788, 10.546203], [92.406466, 10.529266], [92.384111, 10.529328], [92.378057, 10.541329], [92.402557, 10.575206], [92.413855, 10.606117], [92.417003, 10.629059], [92.408917, 10.647055], [92.390674, 10.663085], [92.379486, 10.672122], [92.378586, 10.718071], [92.378671, 10.750037], [92.37568, 10.775031], [92.376721, 10.78402], [92.385878, 10.781981], [92.407265, 10.789891], [92.41542, 10.798863], [92.422598, 10.822836], [92.428966, 10.850816], [92.482796, 10.885622], [92.527592, 10.895466], [92.54888, 10.874373], [92.56506, 10.849308], [92.567981, 10.815301], [92.582116, 10.790261], [92.585092, 10.771269], [92.586986, 10.736294]]], [[[93.075694, 13.26911], [93.079438, 13.259833], [93.056895, 13.224799], [93.052582, 13.196967], [93.052745, 13.133043], [93.048106, 13.103705], [93.036794, 13.062161], [93.019542, 13.033637], [92.998057, 13.043687], [92.990571, 13.043687], [92.986827, 13.033677], [92.97934, 13.029527], [92.970876, 13.030748], [92.964041, 13.036851], [92.961436, 13.048163], [92.966563, 13.07217], [92.964041, 13.084662], [92.956554, 13.084662], [92.956554, 13.064154], [92.937022, 13.067084], [92.928884, 13.050198], [92.928396, 13.027493], [92.932628, 13.013007], [92.950694, 12.993638], [92.956228, 12.981676], [92.952647, 12.970771], [92.942882, 12.954291], [92.936046, 12.954291], [92.934744, 12.973049], [92.927419, 12.981024], [92.916515, 12.982652], [92.905284, 12.982245], [92.902599, 12.974026], [92.880707, 12.930406], [92.87908, 12.921942], [92.876313, 12.916653], [92.876801, 12.911526], [92.884532, 12.903469], [92.896332, 12.899726], [92.905528, 12.906073], [92.915538, 12.919582], [92.92449, 12.914374], [92.928233, 12.905341], [92.929861, 12.896674], [92.932628, 12.89289], [92.940684, 12.889309], [92.964041, 12.864936], [92.960704, 12.847154], [92.965831, 12.825629], [92.968028, 12.803168], [92.956554, 12.783026], [92.973155, 12.76435], [92.984386, 12.745103], [92.990489, 12.724311], [92.990571, 12.701117], [92.976817, 12.654934], [92.972911, 12.628119], [92.989024, 12.592108], [92.991547, 12.567084], [92.990571, 12.519232], [92.9817, 12.506049], [92.964854, 12.491034], [92.955903, 12.477444], [92.970225, 12.468329], [92.962413, 12.454413], [92.949718, 12.446967], [92.93865, 12.438137], [92.936046, 12.419908], [92.92921, 12.419908], [92.923839, 12.430976], [92.915863, 12.440863], [92.906016, 12.448961], [92.89503, 12.454657], [92.897146, 12.449937], [92.901866, 12.433539], [92.873302, 12.431383], [92.84669, 12.433539], [92.84669, 12.427395], [92.853526, 12.416815], [92.863617, 12.385484], [92.871104, 12.378892], [92.881847, 12.375922], [92.894054, 12.368109], [92.902517, 12.357123], [92.901866, 12.344794], [92.91505, 12.338365], [92.912771, 12.333645], [92.903168, 12.329088], [92.89503, 12.323676], [92.886404, 12.315741], [92.881114, 12.314602], [92.879242, 12.312974], [92.880707, 12.30386], [92.885753, 12.295559], [92.893403, 12.290351], [92.900157, 12.283189], [92.901866, 12.269029], [92.896251, 12.261705], [92.886404, 12.253363], [92.879893, 12.243598], [92.884532, 12.231838], [92.888682, 12.225002], [92.892589, 12.214545], [92.894216, 12.205024], [92.891612, 12.200832], [92.872569, 12.201483], [92.874522, 12.183743], [92.864024, 12.171536], [92.842947, 12.156195], [92.827403, 12.140123], [92.833669, 12.125678], [92.833669, 12.118232], [92.825938, 12.115668], [92.806407, 12.10456], [92.80893, 12.095771], [92.799327, 12.089545], [92.783946, 12.085883], [92.768809, 12.084703], [92.757498, 12.07746], [92.767263, 12.061225], [92.792654, 12.036322], [92.781016, 12.037787], [92.771251, 12.036078], [92.763682, 12.030951], [92.758556, 12.02204], [92.765391, 12.02204], [92.745616, 11.996649], [92.740571, 11.983629], [92.737478, 11.961168], [92.737478, 11.878648], [92.744884, 11.878648], [92.749034, 11.912258], [92.753754, 11.931586], [92.761974, 11.940131], [92.776378, 11.939276], [92.787934, 11.934516], [92.795909, 11.922187], [92.79949, 11.899115], [92.796886, 11.865139], [92.76002, 11.708686], [92.754731, 11.701117], [92.734548, 11.699286], [92.722911, 11.693793], [92.689952, 11.660061], [92.68393, 11.649888], [92.682628, 11.636949], [92.682791, 11.61518], [92.687022, 11.611558], [92.696788, 11.611233], [92.706391, 11.614488], [92.710704, 11.621731], [92.710704, 11.659573], [92.715343, 11.65762], [92.726736, 11.65469], [92.731212, 11.652737], [92.730235, 11.671454], [92.736013, 11.68244], [92.746104, 11.683743], [92.758556, 11.673245], [92.761485, 11.663642], [92.765636, 11.629584], [92.765391, 11.618598], [92.760509, 11.610338], [92.747569, 11.597846], [92.744884, 11.587592], [92.744884, 11.557115], [92.735118, 11.523871], [92.726736, 11.506171], [92.71697, 11.494452], [92.713145, 11.50731], [92.707042, 11.511054], [92.698985, 11.511786], [92.689708, 11.51557], [92.658946, 11.546291], [92.654796, 11.555894], [92.65561, 11.565985], [92.654633, 11.573798], [92.645274, 11.576972], [92.633556, 11.582587], [92.625662, 11.595404], [92.621593, 11.609361], [92.621349, 11.618598], [92.62794, 11.625149], [92.63738, 11.627143], [92.645681, 11.629828], [92.648692, 11.638495], [92.642833, 11.64525], [92.631114, 11.647447], [92.61964, 11.651313], [92.614513, 11.662991], [92.613455, 11.674221], [92.608165, 11.693264], [92.607107, 11.704535], [92.60377, 11.718899], [92.595958, 11.72016], [92.586762, 11.71601], [92.579845, 11.714179], [92.563243, 11.725572], [92.560313, 11.74136], [92.566661, 11.7862], [92.566661, 11.827135], [92.563243, 11.83393], [92.554942, 11.837836], [92.545665, 11.840806], [92.534353, 11.846869], [92.530935, 11.845893], [92.528087, 11.845893], [92.525157, 11.851304], [92.524913, 11.857489], [92.527354, 11.862006], [92.530528, 11.864651], [92.531993, 11.864976], [92.539724, 11.894436], [92.562999, 11.930162], [92.570567, 11.932603], [92.577159, 11.927395], [92.592133, 11.905748], [92.594737, 11.898749], [92.600271, 11.895494], [92.614513, 11.899115], [92.607677, 11.882799], [92.61085, 11.87051], [92.617686, 11.8664], [92.621349, 11.874945], [92.624522, 11.930162], [92.629405, 11.943752], [92.627289, 11.95893], [92.623057, 11.97427], [92.621349, 11.987942], [92.625011, 12.003119], [92.63738, 12.025295], [92.641856, 12.036322], [92.640147, 12.136135], [92.645274, 12.156073], [92.668224, 12.200995], [92.681814, 12.219631], [92.689708, 12.207668], [92.697113, 12.207668], [92.703868, 12.225165], [92.713064, 12.232571], [92.720958, 12.226549], [92.724376, 12.20425], [92.719086, 12.184516], [92.719493, 12.176256], [92.727794, 12.172838], [92.733735, 12.174018], [92.736339, 12.176581], [92.737804, 12.179145], [92.741059, 12.180325], [92.760997, 12.179877], [92.765391, 12.180325], [92.784028, 12.189358], [92.788829, 12.195543], [92.792654, 12.207668], [92.7824, 12.248603], [92.775564, 12.250637], [92.767751, 12.255439], [92.761241, 12.261176], [92.758556, 12.265937], [92.7588, 12.276557], [92.760427, 12.276842], [92.764496, 12.274319], [92.781016, 12.279242], [92.789399, 12.279486], [92.7942, 12.283189], [92.792654, 12.296373], [92.786957, 12.306301], [92.778494, 12.310126], [92.754731, 12.310045], [92.733653, 12.318061], [92.722341, 12.337795], [92.717784, 12.362494], [92.72169, 12.599433], [92.726817, 12.612982], [92.744802, 12.63349], [92.750173, 12.644273], [92.754731, 12.649563], [92.76002, 12.651109], [92.775238, 12.65176], [92.778982, 12.652655], [92.783214, 12.664984], [92.777354, 12.669338], [92.766287, 12.671536], [92.754731, 12.677191], [92.747732, 12.692694], [92.744884, 12.762519], [92.737478, 12.807196], [92.740896, 12.819648], [92.748871, 12.828111], [92.758149, 12.835679], [92.765391, 12.84512], [92.785655, 12.840033], [92.800304, 12.857815], [92.809337, 12.884508], [92.813243, 12.90648], [92.813243, 12.958075], [92.828136, 12.985175], [92.834727, 13.002021], [92.830251, 13.009508], [92.807953, 13.020087], [92.809255, 13.044745], [92.8296, 13.103461], [92.848399, 13.136705], [92.853038, 13.142727], [92.854177, 13.146064], [92.851085, 13.152045], [92.837657, 13.16706], [92.833669, 13.174018], [92.844737, 13.186998], [92.842052, 13.20775], [92.842784, 13.226996], [92.864024, 13.2355], [92.863943, 13.244696], [92.849864, 13.289008], [92.854177, 13.304389], [92.854177, 13.310614], [92.841156, 13.324897], [92.847423, 13.344916], [92.886892, 13.393459], [92.891368, 13.400946], [92.89503, 13.413031], [92.895681, 13.422838], [92.894542, 13.447252], [92.89503, 13.454576], [92.901866, 13.468248], [92.903331, 13.46776], [92.915538, 13.475735], [92.937999, 13.50137], [92.942882, 13.509223], [92.945486, 13.519721], [92.945486, 13.536933], [92.949718, 13.544623], [92.958507, 13.550238], [92.977224, 13.553778], [92.984386, 13.557603], [92.99171, 13.550035], [92.997325, 13.546698], [93.003184, 13.547065], [93.011729, 13.550767], [93.006114, 13.556627], [93.004568, 13.562201], [93.006521, 13.568793], [93.011729, 13.578111], [93.016287, 13.567369], [93.022797, 13.566107], [93.031586, 13.569078], [93.042491, 13.571234], [93.049978, 13.566392], [93.066417, 13.537095], [93.055024, 13.503079], [93.053722, 13.471422], [93.059581, 13.406806], [93.064138, 13.408637], [93.07545, 13.411119], [93.080089, 13.413031], [93.07838, 13.397121], [93.057872, 13.38288], [93.052745, 13.368883], [93.046886, 13.357408], [93.033458, 13.348578], [93.017345, 13.340481], [93.004242, 13.331041], [93.003673, 13.348619], [92.995128, 13.357367], [92.984386, 13.356431], [92.977061, 13.345364], [92.97934, 13.329779], [92.990489, 13.317816], [93.004568, 13.311835], [93.025564, 13.316148], [93.035655, 13.306952], [93.052745, 13.283881], [93.075694, 13.26911]]], [[[97.93922, 0.98607], [97.934418, 0.963609], [97.917735, 0.927883], [97.917735, 0.934638], [97.901378, 0.905951], [97.898285, 0.875312], [97.904063, 0.814887], [97.901866, 0.800727], [97.892589, 0.777045], [97.884532, 0.718207], [97.882986, 0.642971], [97.874278, 0.622016], [97.827159, 0.56269], [97.819347, 0.558539], [97.809255, 0.560289], [97.800304, 0.565497], [97.774262, 0.585191], [97.764171, 0.567572], [97.752289, 0.568345], [97.72641, 0.585191], [97.725271, 0.580756], [97.715343, 0.574449], [97.704112, 0.57274], [97.696137, 0.586371], [97.69044, 0.59162], [97.683849, 0.596137], [97.678722, 0.598863], [97.690929, 0.624213], [97.683849, 0.643052], [97.668956, 0.658759], [97.658214, 0.674628], [97.657481, 0.687242], [97.65919, 0.715399], [97.654552, 0.72606], [97.647716, 0.736314], [97.633067, 0.769477], [97.630382, 0.780748], [97.61378, 0.823554], [97.574392, 0.860907], [97.486339, 0.914211], [97.491873, 0.93301], [97.47934, 0.943427], [97.457367, 0.947984], [97.435069, 0.94892], [97.395356, 0.944892], [97.388845, 0.952094], [97.389985, 0.976264], [97.387706, 1.018785], [97.371593, 1.05976], [97.321788, 1.140774], [97.312266, 1.166938], [97.308279, 1.174872], [97.298839, 1.183254], [97.287852, 1.190823], [97.278575, 1.199693], [97.271332, 1.222235], [97.256847, 1.235012], [97.253591, 1.246894], [97.25172, 1.259223], [97.247244, 1.267035], [97.240571, 1.272406], [97.233084, 1.277289], [97.222911, 1.281887], [97.212657, 1.284329], [97.202159, 1.288316], [97.19158, 1.297756], [97.185802, 1.307766], [97.175955, 1.331855], [97.168224, 1.342841], [97.128429, 1.382636], [97.10727, 1.397773], [97.082286, 1.40762], [97.082286, 1.405341], [97.068614, 1.394599], [97.06365, 1.415229], [97.080414, 1.429145], [97.106944, 1.436021], [97.130626, 1.435533], [97.139496, 1.432196], [97.150727, 1.42593], [97.160655, 1.41828], [97.164806, 1.410712], [97.169688, 1.415961], [97.181407, 1.416449], [97.205821, 1.413804], [97.23585, 1.416693], [97.257823, 1.423651], [97.277354, 1.436225], [97.321056, 1.474066], [97.33074, 1.486558], [97.334809, 1.500149], [97.331798, 1.527818], [97.33546, 1.537665], [97.349783, 1.545396], [97.374522, 1.518541], [97.391612, 1.508938], [97.407481, 1.514065], [97.416759, 1.519232], [97.424327, 1.514879], [97.437999, 1.495266], [97.438975, 1.484605], [97.441661, 1.479682], [97.447276, 1.476874], [97.459972, 1.477973], [97.470388, 1.475653], [97.4817, 1.477444], [97.486339, 1.476549], [97.487804, 1.47309], [97.491466, 1.459784], [97.493175, 1.456041], [97.516856, 1.431789], [97.524181, 1.428127], [97.528087, 1.422919], [97.533539, 1.399848], [97.539887, 1.39057], [97.592133, 1.339911], [97.604747, 1.322333], [97.616547, 1.280911], [97.693614, 1.186021], [97.712657, 1.172675], [97.757335, 1.163886], [97.776541, 1.155097], [97.792247, 1.143988], [97.802257, 1.133287], [97.819021, 1.109931], [97.826427, 1.096259], [97.829438, 1.082099], [97.836274, 1.069973], [97.852794, 1.065009], [97.872813, 1.062486], [97.890391, 1.058173], [97.90447, 1.044013], [97.922211, 1.00434], [97.928477, 0.99608], [97.93922, 0.98607]]]]}}, {"type": "Feature", "properties": {"source": "Natural Earth 10m Land (South Asia & Indian EEZ)"}, "geometry": {"type": "Polygon", "coordinates": [[[81.878429, 7.076117], [81.888682, 7.040758], [81.89031, 7.019924], [81.884613, 6.98017], [81.838552, 6.821438], [81.835948, 6.80508], [81.834972, 6.783433], [81.831554, 6.765367], [81.817149, 6.737494], [81.813975, 6.725043], [81.808279, 6.707953], [81.78891, 6.677802], [81.779796, 6.663642], [81.786632, 6.639268], [81.775645, 6.610419], [81.681488, 6.462144], [81.650076, 6.430854], [81.592052, 6.389879], [81.57309, 6.384223], [81.547699, 6.370673], [81.362071, 6.225409], [81.324962, 6.20539], [81.204356, 6.162746], [81.202729, 6.177191], [81.202647, 6.178046], [81.195486, 6.183661], [81.195323, 6.183621], [81.193696, 6.183214], [81.187673, 6.181586], [81.183849, 6.17357], [81.181895, 6.156724], [81.176443, 6.150377], [81.167654, 6.148017], [81.156016, 6.14289], [81.134288, 6.129828], [81.112559, 6.120307], [81.008474, 6.098049], [80.958018, 6.080797], [80.90268, 6.070787], [80.877452, 6.061103], [80.862315, 6.039862], [80.835216, 6.045152], [80.818533, 6.038764], [80.809093, 6.035102], [80.7706, 6.006741], [80.732107, 5.97842], [80.714366, 5.957913], [80.67335, 5.960354], [80.656261, 5.957913], [80.642914, 5.952867], [80.629161, 5.945054], [80.604828, 5.926907], [80.59783, 5.925279], [80.590831, 5.923733], [80.574229, 5.930121], [80.556651, 5.939154], [80.54656, 5.942206], [80.539561, 5.944281], [80.4817, 5.937445], [80.46518, 5.94066], [80.456798, 5.94892], [80.451427, 5.959784], [80.447195, 5.966132], [80.444021, 5.970933], [80.427094, 5.961086], [80.411957, 5.959947], [80.38502, 5.963813], [80.378591, 5.964748], [80.37379, 5.966864], [80.370453, 5.971584], [80.366222, 5.976264], [80.358409, 5.97842], [80.35377, 5.976793], [80.350108, 5.973538], [80.346202, 5.970771], [80.340994, 5.970933], [80.339203, 5.972398], [80.337576, 5.973822], [80.331228, 5.982815], [80.328136, 5.984687], [80.327322, 5.985256], [80.320242, 5.987738], [80.277517, 6.002997], [80.26002, 6.006578], [80.247569, 6.009182], [80.225841, 6.026557], [80.220958, 6.028917], [80.211355, 6.033555], [80.211192, 6.033637], [80.203868, 6.02619], [80.185232, 6.041164], [80.10377, 6.127143], [80.097016, 6.132392], [80.096283, 6.133328], [80.094005, 6.136054], [80.092784, 6.140286], [80.09311, 6.148749], [80.090587, 6.153144], [80.087169, 6.157579], [80.078136, 6.169338], [80.031993, 6.266343], [80.03004, 6.275702], [80.030284, 6.284003], [80.030528, 6.292385], [80.028819, 6.297431], [80.020518, 6.314643], [80.012055, 6.361314], [79.993663, 6.39411], [79.982107, 6.441026], [79.977875, 6.458197], [79.975759, 6.459866], [79.971446, 6.46247], [79.96697, 6.466376], [79.964203, 6.471869], [79.965343, 6.477729], [79.970225, 6.479153], [79.975352, 6.478583], [79.977875, 6.478705], [79.970225, 6.531155], [79.969574, 6.535346], [79.948741, 6.588568], [79.863048, 6.807196], [79.849457, 6.882717], [79.848155, 6.890204], [79.848155, 6.962144], [79.849294, 6.964952], [79.859223, 6.988674], [79.861827, 7.000067], [79.861583, 7.011664], [79.861583, 7.011868], [79.813731, 7.180732], [79.820323, 7.205512], [79.819998, 7.190253], [79.823741, 7.18065], [79.829112, 7.173245], [79.833832, 7.164496], [79.843435, 7.131008], [79.848155, 7.122952], [79.85434, 7.122952], [79.855805, 7.132514], [79.858653, 7.136542], [79.861176, 7.137193], [79.861827, 7.136664], [79.861583, 7.167222], [79.861583, 7.167426], [79.859386, 7.180813], [79.85434, 7.19184], [79.84962, 7.195054], [79.836436, 7.197903], [79.830577, 7.201809], [79.829926, 7.203192], [79.826345, 7.210395], [79.827973, 7.218329], [79.831798, 7.225735], [79.833832, 7.232815], [79.784679, 7.589789], [79.778575, 7.602729], [79.782725, 7.607123], [79.785818, 7.607571], [79.792979, 7.602729], [79.794607, 7.620022], [79.799571, 7.640082], [79.800792, 7.649685], [79.802013, 7.659329], [79.796397, 7.674384], [79.788829, 7.688178], [79.787364, 7.697333], [79.785899, 7.706488], [79.785981, 7.743354], [79.76295, 7.855455], [79.760265, 7.868394], [79.748383, 7.893012], [79.738292, 7.944729], [79.721934, 7.985541], [79.696788, 8.098293], [79.696788, 8.130316], [79.700857, 8.128485], [79.701101, 8.128201], [79.701427, 8.127916], [79.701427, 8.126899], [79.703624, 8.123481], [79.707205, 8.142076], [79.701915, 8.201158], [79.696788, 8.219062], [79.713227, 8.229804], [79.72877, 8.249701], [79.740001, 8.272366], [79.744477, 8.291409], [79.749034, 8.30386], [79.778575, 8.350043], [79.77825, 8.34927], [79.763357, 8.314399], [79.744477, 8.281155], [79.748627, 8.273057], [79.749685, 8.271064], [79.757091, 8.263739], [79.766775, 8.259914], [79.778575, 8.259996], [79.768891, 8.232815], [79.7588, 8.212877], [79.754405, 8.209418], [79.749766, 8.20893], [79.746104, 8.206122], [79.744477, 8.195502], [79.745372, 8.171861], [79.744477, 8.164496], [79.72755, 8.110907], [79.728201, 8.100979], [79.729503, 8.081122], [79.747, 8.060492], [79.751964, 8.054633], [79.731944, 8.013129], [79.763845, 7.990139], [79.810232, 7.986518], [79.833832, 8.003079], [79.829356, 8.020901], [79.821788, 8.034857], [79.818858, 8.040188], [79.815278, 8.044582], [79.806407, 8.05565], [79.796397, 8.061998], [79.793468, 8.072821], [79.827159, 8.136542], [79.825857, 8.148098], [79.821544, 8.156643], [79.81658, 8.163804], [79.813487, 8.171291], [79.812673, 8.183336], [79.813813, 8.204088], [79.813487, 8.212633], [79.813487, 8.212877], [79.812918, 8.214504], [79.810232, 8.221625], [79.808604, 8.22309], [79.806651, 8.224921], [79.804698, 8.22899], [79.806651, 8.24018], [79.811371, 8.249661], [79.824474, 8.266669], [79.827159, 8.277737], [79.829275, 8.298651], [79.838634, 8.340522], [79.848155, 8.438178], [79.854259, 8.449286], [79.86085, 8.454779], [79.865896, 8.461412], [79.868012, 8.47602], [79.868012, 8.517646], [79.87379, 8.538072], [79.88738, 8.551215], [79.903494, 8.562079], [79.916515, 8.575995], [79.918142, 8.580919], [79.928071, 8.611518], [79.929454, 8.61282], [79.930186, 8.613511], [79.932384, 8.622463], [79.941661, 8.642483], [79.950531, 8.739814], [79.926443, 8.801907], [79.928396, 8.81269], [79.930186, 8.88349], [79.930186, 8.884426], [79.927745, 8.908108], [79.924815, 8.919745], [79.919607, 8.928534], [79.915538, 8.938544], [79.924815, 8.943508], [79.938243, 8.94599], [79.947113, 8.948676], [80.005138, 9.000556], [80.035411, 9.015326], [80.048025, 9.026272], [80.054698, 9.050605], [80.066661, 9.075629], [80.073497, 9.110419], [80.105642, 9.192857], [80.106781, 9.197414], [80.109793, 9.209459], [80.115977, 9.233832], [80.115977, 9.291938], [80.118175, 9.300442], [80.116222, 9.30622], [80.104503, 9.308417], [80.076915, 9.322659], [80.066173, 9.332587], [80.059418, 9.351386], [80.058279, 9.354804], [80.053477, 9.378241], [80.052989, 9.391547], [80.064952, 9.404039], [80.087087, 9.414984], [80.111664, 9.422756], [80.131847, 9.425727], [80.14088, 9.430325], [80.162852, 9.459215], [80.165375, 9.461086], [80.1692, 9.464016], [80.176524, 9.468329], [80.185557, 9.471666], [80.197032, 9.473456], [80.187511, 9.490871], [80.181814, 9.498521], [80.176036, 9.506171], [80.161306, 9.520575], [80.141856, 9.53498], [80.067882, 9.57803], [80.052989, 9.596381], [80.085216, 9.595364], [80.115733, 9.583238], [80.175955, 9.54857], [80.233409, 9.534247], [80.248546, 9.524644], [80.272227, 9.504136], [80.278087, 9.493313], [80.26588, 9.487128], [80.268565, 9.480292], [80.272146, 9.473456], [80.26588, 9.466702], [80.286876, 9.452704], [80.336274, 9.464667], [80.426606, 9.50019], [80.450938, 9.49787], [80.504242, 9.483303], [80.567149, 9.455227], [80.614594, 9.446194], [80.614757, 9.446194], [80.546723, 9.492418], [80.523285, 9.50316], [80.502452, 9.507636], [80.49936, 9.50906], [80.496349, 9.510484], [80.478282, 9.524075], [80.471446, 9.528062], [80.46461, 9.52912], [80.456391, 9.528713], [80.444021, 9.528062], [80.436209, 9.525092], [80.435069, 9.523383], [80.432872, 9.519761], [80.428966, 9.517768], [80.415701, 9.527493], [80.410411, 9.528388], [80.37794, 9.527533], [80.368663, 9.530219], [80.297537, 9.591254], [80.266938, 9.610826], [80.256033, 9.615587], [80.2046, 9.637885], [80.186046, 9.648505], [80.173595, 9.648668], [80.175955, 9.624335], [80.182872, 9.617174], [80.193614, 9.609076], [80.199962, 9.599189], [80.193614, 9.586412], [80.186046, 9.584133], [80.178722, 9.588039], [80.172048, 9.593573], [80.152843, 9.603461], [80.115489, 9.635728], [80.094005, 9.644843], [80.094086, 9.644761], [80.104991, 9.63288], [80.124685, 9.616034], [80.13559, 9.603827], [80.111339, 9.608466], [80.087413, 9.618354], [80.039317, 9.644843], [80.000987, 9.674709], [79.978201, 9.682685], [79.975922, 9.684068], [79.967296, 9.689602], [79.959239, 9.692816], [79.958018, 9.685736], [79.947032, 9.693183], [79.942882, 9.702826], [79.940929, 9.714342], [79.937022, 9.727362], [79.930431, 9.738471], [79.926524, 9.743516], [79.91627, 9.756781], [79.909679, 9.768297], [79.931326, 9.779039], [79.970714, 9.815131], [79.988455, 9.822943], [80.066661, 9.816107], [80.107432, 9.820624], [80.122325, 9.818915], [80.128184, 9.805569], [80.127208, 9.784613], [80.130138, 9.77733], [80.138682, 9.774563], [80.146983, 9.773383], [80.170909, 9.767279], [80.175955, 9.764594], [80.180431, 9.755805], [80.191173, 9.756171], [80.199636, 9.758734], [80.202891, 9.759711], [80.207774, 9.760403], [80.211192, 9.760891], [80.219005, 9.756374], [80.222341, 9.754462], [80.250336, 9.72427], [80.338552, 9.629218], [80.36964, 9.609849], [80.441742, 9.57689], [80.444021, 9.575914], [80.444021, 9.583319], [80.407725, 9.601508], [80.319835, 9.672756], [80.247813, 9.755072], [80.211192, 9.774522], [80.153819, 9.787991], [80.138682, 9.798733], [80.136729, 9.81391], [80.157725, 9.822943], [80.164561, 9.824083], [80.185395, 9.827541], [80.226817, 9.829576], [80.246755, 9.825873], [80.26059, 9.81623], [80.269786, 9.783515], [80.278982, 9.769843], [80.409923, 9.617499], [80.42921, 9.603461], [80.468272, 9.581366], [80.744395, 9.359687], [80.745453, 9.357896], [80.752452, 9.346259], [80.763682, 9.332424], [80.785167, 9.312405], [80.798839, 9.294867], [80.786632, 9.28852], [80.779796, 9.291571], [80.778982, 9.291938], [80.778819, 9.291978], [80.768321, 9.305406], [80.762543, 9.308336], [80.762462, 9.308417], [80.744395, 9.311347], [80.736501, 9.308987], [80.740408, 9.301011], [80.74171, 9.298489], [80.79363, 9.250556], [80.813894, 9.239529], [80.805919, 9.251899], [80.801036, 9.26321], [80.803559, 9.271633], [80.817393, 9.274848], [80.823904, 9.270494], [80.834483, 9.239488], [80.844168, 9.220404], [80.882172, 9.145209], [80.874522, 9.147976], [80.853363, 9.155748], [80.840099, 9.155992], [80.834483, 9.14175], [80.842296, 9.138129], [80.858572, 9.135484], [80.873057, 9.126451], [80.87322, 9.12523], [80.875336, 9.103583], [80.875499, 9.103583], [80.882172, 9.103583], [80.885509, 9.10932], [80.88852, 9.111802], [80.891938, 9.11343], [80.896495, 9.116604], [80.901622, 9.096666], [80.902192, 9.094184], [80.916352, 9.062161], [80.935313, 9.033433], [80.9546, 9.020982], [80.956065, 9.019802], [80.958344, 9.01789], [80.958263, 9.010891], [80.953624, 9.003852], [80.944347, 9.000556], [80.941661, 9.003485], [80.930675, 9.020982], [80.918712, 9.027248], [80.891287, 9.034247], [80.875336, 9.04149], [80.88266, 9.031399], [80.886729, 9.025784], [80.922862, 8.992255], [80.923188, 8.973212], [80.935069, 8.964911], [80.934988, 8.96483], [80.924327, 8.955024], [80.914887, 8.943915], [80.930675, 8.931627], [80.947602, 8.932929], [80.961436, 8.945746], [80.97169, 8.963568], [80.978363, 8.980048], [80.978526, 8.979967], [81.014659, 8.936713], [81.046723, 8.882148], [81.059825, 8.868638], [81.078136, 8.863349], [81.092784, 8.85163], [81.114268, 8.799994], [81.119721, 8.794338], [81.125499, 8.788275], [81.150157, 8.777167], [81.162446, 8.751166], [81.176524, 8.698879], [81.179047, 8.708482], [81.182302, 8.712226], [81.187755, 8.711005], [81.19752, 8.705715], [81.194591, 8.696112], [81.222423, 8.666002], [81.2317, 8.651068], [81.231619, 8.633043], [81.224294, 8.6258], [81.213878, 8.621039], [81.204356, 8.610093], [81.204519, 8.610175], [81.211762, 8.612006], [81.219249, 8.613918], [81.221121, 8.614936], [81.224864, 8.616929], [81.224946, 8.616848], [81.246593, 8.570136], [81.249766, 8.545803], [81.224864, 8.541815], [81.229991, 8.557929], [81.223318, 8.570828], [81.21225, 8.572699], [81.204356, 8.555487], [81.207042, 8.542141], [81.214122, 8.53266], [81.218028, 8.522528], [81.210623, 8.507107], [81.204763, 8.511542], [81.193858, 8.519965], [81.176524, 8.530585], [81.159028, 8.534573], [81.142345, 8.527574], [81.129405, 8.510321], [81.133962, 8.501288], [81.149425, 8.503648], [81.170258, 8.520697], [81.184581, 8.505601], [81.19752, 8.487494], [81.213145, 8.472398], [81.235118, 8.466132], [81.281098, 8.467027], [81.296641, 8.476793], [81.286388, 8.50023], [81.312673, 8.512152], [81.32309, 8.515326], [81.334158, 8.514553], [81.334239, 8.514472], [81.346365, 8.507554], [81.357432, 8.495836], [81.365733, 8.482164], [81.372813, 8.442125], [81.388438, 8.390611], [81.388927, 8.377183], [81.389415, 8.363715], [81.37672, 8.372545], [81.363455, 8.399075], [81.351817, 8.40469], [81.35141, 8.397447], [81.356212, 8.364976], [81.356619, 8.362494], [81.362071, 8.350043], [81.368744, 8.34691], [81.374848, 8.344062], [81.375011, 8.344062], [81.38852, 8.344062], [81.399262, 8.33926], [81.40561, 8.301011], [81.413259, 8.274482], [81.414561, 8.270087], [81.416677, 8.25377], [81.41977, 8.243394], [81.440603, 8.173529], [81.448497, 8.127997], [81.430349, 8.103135], [81.430349, 8.103013], [81.420258, 8.144232], [81.418793, 8.150051], [81.403575, 8.191799], [81.396251, 8.191799], [81.39503, 8.160102], [81.396251, 8.150133], [81.395518, 8.150458], [81.394786, 8.14761], [81.394786, 8.142564], [81.396251, 8.136542], [81.399587, 8.132636], [81.408051, 8.130072], [81.409841, 8.126899], [81.417979, 8.105943], [81.435557, 8.093166], [81.452403, 8.09455], [81.458263, 8.116034], [81.464366, 8.116034], [81.470714, 8.10456], [81.472423, 8.101467], [81.480642, 8.065375], [81.489024, 8.0515], [81.500173, 8.039374], [81.507335, 8.027574], [81.519705, 7.999335], [81.524587, 8.004218], [81.531016, 8.009019], [81.533946, 8.013617], [81.538341, 8.004299], [81.533946, 7.999335], [81.536143, 7.995754], [81.538097, 7.993394], [81.538422, 7.992784], [81.539561, 7.99079], [81.540212, 7.986314], [81.540294, 7.986396], [81.545258, 7.990465], [81.555512, 7.995347], [81.56072, 7.999254], [81.56308, 7.993638], [81.565929, 7.986802], [81.563813, 7.978705], [81.560313, 7.970649], [81.560476, 7.964423], [81.56072, 7.958401], [81.567719, 7.944973], [81.580089, 7.935574], [81.588145, 7.929429], [81.59547, 7.917426], [81.590831, 7.917141], [81.588471, 7.915554], [81.58546, 7.91352], [81.583588, 7.91234], [81.581716, 7.9112], [81.578787, 7.900295], [81.575857, 7.88939], [81.587576, 7.855292], [81.593923, 7.848049], [81.608246, 7.831692], [81.608409, 7.831692], [81.629568, 7.835517], [81.636404, 7.835517], [81.643321, 7.814643], [81.651215, 7.801744], [81.653656, 7.797756], [81.696788, 7.752997], [81.710704, 7.731147], [81.713145, 7.711819], [81.690929, 7.705146], [81.680675, 7.712063], [81.656098, 7.743109], [81.64324, 7.754136], [81.626638, 7.760199], [81.626475, 7.760199], [81.624766, 7.760037], [81.612966, 7.759019], [81.60255, 7.74844], [81.59547, 7.726264], [81.607432, 7.720852], [81.618988, 7.719224], [81.628917, 7.722886], [81.636404, 7.7331], [81.648204, 7.728705], [81.659028, 7.723334], [81.662771, 7.71894], [81.665294, 7.715847], [81.663748, 7.705146], [81.677013, 7.692816], [81.690278, 7.680487], [81.700694, 7.668606], [81.711518, 7.650499], [81.706391, 7.644599], [81.705089, 7.638861], [81.706798, 7.631985], [81.711599, 7.622545], [81.717784, 7.630072], [81.714041, 7.643663], [81.725841, 7.639594], [81.749034, 7.622545], [81.754568, 7.614569], [81.77296, 7.567979], [81.771821, 7.565985], [81.766124, 7.540676], [81.766938, 7.537909], [81.7671, 7.537502], [81.771821, 7.527818], [81.77296, 7.523912], [81.769054, 7.517035], [81.761892, 7.511542], [81.757579, 7.505439], [81.762706, 7.496568], [81.767589, 7.49018], [81.769298, 7.485175], [81.769542, 7.484524], [81.772472, 7.478827], [81.779796, 7.472357], [81.769054, 7.464626], [81.77003, 7.460842], [81.771007, 7.456977], [81.779063, 7.455308], [81.78712, 7.465562], [81.793305, 7.465562], [81.801036, 7.425198], [81.800792, 7.410346], [81.800955, 7.410346], [81.807791, 7.410346], [81.807791, 7.410712], [81.808604, 7.424709], [81.811046, 7.438544], [81.815278, 7.450344], [81.821462, 7.458726], [81.821462, 7.465562], [81.820893, 7.467108], [81.818696, 7.473375], [81.820486, 7.476508], [81.82602, 7.474189], [81.834972, 7.465562], [81.838064, 7.457668], [81.840343, 7.436469], [81.855724, 7.412177], [81.880707, 7.327094], [81.875987, 7.091946], [81.878429, 7.076117]]]}}, {"type": "Feature", "properties": {"source": "Natural Earth 10m Land (South Asia & Indian EEZ)"}, "geometry": {"type": "MultiPolygon", "coordinates": [[[[97.339854, 0.823269], [97.341482, 0.81859], [97.340017, 0.806871], [97.317231, 0.821112], [97.316905, 0.832546], [97.333914, 0.835761], [97.339854, 0.823269]]], [[[96.642996, 2.176663], [96.656668, 2.172919], [96.637462, 2.155463], [96.61614, 2.171088], [96.61085, 2.193183], [96.638031, 2.185655], [96.642996, 2.176663]]], [[[99.321788, 6.556545], [99.325125, 6.551418], [99.325206, 6.536811], [99.322927, 6.524848], [99.315929, 6.513821], [99.30893, 6.510688], [99.296886, 6.508368], [99.286794, 6.515448], [99.274181, 6.565579], [99.279877, 6.573188], [99.289724, 6.572943], [99.314301, 6.566474], [99.314708, 6.563544], [99.315929, 6.560899], [99.321788, 6.556545]]], [[[99.862559, 6.726264], [99.867524, 6.710028], [99.852061, 6.706936], [99.842133, 6.711778], [99.845225, 6.72842], [99.857188, 6.736274], [99.862559, 6.726264]]], [[[99.608002, 7.095649], [99.61671, 7.084174], [99.611095, 7.079495], [99.587983, 7.088202], [99.574311, 7.090684], [99.567475, 7.100613], [99.560476, 7.110216], [99.557791, 7.118883], [99.566417, 7.120673], [99.575531, 7.113105], [99.583914, 7.11164], [99.593923, 7.107571], [99.596039, 7.104153], [99.599783, 7.103705], [99.608002, 7.095649]]], [[[98.37908, 7.615139], [98.380544, 7.606106], [98.37615, 7.599595], [98.372325, 7.593899], [98.364187, 7.585842], [98.35906, 7.585842], [98.360932, 7.605496], [98.365896, 7.611111], [98.368582, 7.612942], [98.375418, 7.613064], [98.37908, 7.615139]]], [[[98.996104, 7.835069], [98.997244, 7.832221], [98.99643, 7.820746], [98.993663, 7.816636], [98.989024, 7.814724], [98.986176, 7.811306], [98.986176, 7.805162], [98.990489, 7.798082], [98.99171, 7.787828], [98.986339, 7.784084], [98.945404, 7.834947], [98.941498, 7.836046], [98.937836, 7.838039], [98.937348, 7.842068], [98.940603, 7.848497], [98.944835, 7.852688], [98.947602, 7.853013], [98.951508, 7.854885], [98.96575, 7.852118], [98.978038, 7.843329], [98.979666, 7.836127], [98.983653, 7.835354], [98.990977, 7.836859], [98.996104, 7.835069]]], [[[93.247569, 8.251329], [93.250824, 8.245429], [93.249441, 8.218044], [93.235199, 8.230862], [93.230398, 8.232733], [93.224783, 8.238715], [93.223888, 8.242499], [93.222667, 8.251654], [93.23227, 8.261257], [93.241059, 8.262926], [93.243663, 8.258205], [93.247569, 8.251329]]], [[[93.061941, 8.456041], [93.079031, 8.449978], [93.078868, 8.428616], [93.062266, 8.43769], [93.061941, 8.456041]]], [[[97.644623, 8.642198], [97.647716, 8.614814], [97.632742, 8.639431], [97.628754, 8.654202], [97.634776, 8.656684], [97.6421, 8.662462], [97.645437, 8.659369], [97.644623, 8.642198]]], [[[79.910899, 8.95303], [79.915863, 8.946845], [79.907237, 8.935696], [79.910899, 8.95303]]], [[[79.66155, 9.07392], [79.664724, 9.070217], [79.651378, 9.070217], [79.644216, 9.070217], [79.641124, 9.067694], [79.631196, 9.067084], [79.643647, 9.074856], [79.66155, 9.07392]]], [[[79.553966, 9.090969], [79.55421, 9.085395], [79.553315, 9.084459], [79.551443, 9.093126], [79.553966, 9.090969]]], [[[79.077566, 9.199083], [79.088145, 9.194322], [79.083018, 9.191026], [79.074392, 9.19481], [79.066905, 9.198513], [79.061371, 9.196072], [79.058604, 9.200629], [79.063813, 9.204861], [79.0713, 9.200426], [79.077566, 9.199083]]], [[[98.269786, 9.16828], [98.265147, 9.175605], [98.265961, 9.196601], [98.271495, 9.201931], [98.306163, 9.257514], [98.314464, 9.257595], [98.318451, 9.24905], [98.308767, 9.229641], [98.296886, 9.216254], [98.293793, 9.207953], [98.294607, 9.202623], [98.297374, 9.197252], [98.294607, 9.191962], [98.281098, 9.176052], [98.269786, 9.16828]]], [[[79.990001, 9.299709], [79.992686, 9.295071], [79.991303, 9.288275], [79.985118, 9.281033], [79.980072, 9.277655], [79.971609, 9.292873], [79.97755, 9.296291], [79.98349, 9.304755], [79.990001, 9.299709]]], [[[79.849539, 9.612942], [79.859548, 9.605496], [79.863455, 9.591783], [79.860769, 9.57095], [79.857677, 9.565985], [79.848643, 9.564724], [79.815847, 9.571194], [79.809418, 9.580146], [79.81072, 9.61754], [79.814464, 9.622789], [79.819672, 9.617458], [79.826834, 9.59927], [79.833995, 9.593166], [79.842133, 9.59394], [79.846365, 9.597317], [79.840668, 9.607408], [79.841075, 9.613023], [79.849539, 9.612942]]], [[[97.977387, 9.624742], [97.978363, 9.613634], [97.968435, 9.597805], [97.962576, 9.624579], [97.958832, 9.623358], [97.95574, 9.629136], [97.96046, 9.638414], [97.975271, 9.633938], [97.977387, 9.624742]]], [[[98.474457, 9.858303], [98.466075, 9.838935], [98.469656, 9.82746], [98.469412, 9.8192], [98.465831, 9.81269], [98.461192, 9.815172], [98.456879, 9.787095], [98.450043, 9.797146], [98.442475, 9.795885], [98.436941, 9.802191], [98.434337, 9.814643], [98.435069, 9.823432], [98.43686, 9.827297], [98.439382, 9.827012], [98.44394, 9.830471], [98.445486, 9.843288], [98.442393, 9.84988], [98.440115, 9.854641], [98.445323, 9.861151], [98.448171, 9.861884], [98.451996, 9.870103], [98.46225, 9.859402], [98.46754, 9.85753], [98.474457, 9.858303]]], [[[99.843923, 10.066555], [99.841156, 10.062567], [99.834646, 10.059882], [99.832774, 10.056179], [99.830333, 10.065538], [99.826264, 10.063381], [99.821788, 10.064846], [99.819347, 10.074693], [99.82488, 10.081122], [99.830333, 10.096747], [99.829438, 10.102078], [99.825206, 10.10578], [99.823822, 10.110826], [99.82602, 10.124132], [99.839041, 10.120429], [99.842947, 10.124905], [99.848318, 10.120429], [99.847667, 10.117947], [99.848969, 10.115465], [99.85255, 10.110338], [99.850922, 10.103624], [99.855154, 10.101223], [99.856944, 10.09984], [99.855724, 10.094265], [99.858328, 10.090196], [99.857921, 10.086453], [99.854666, 10.08511], [99.852306, 10.082994], [99.850434, 10.076199], [99.847992, 10.071804], [99.843923, 10.066555]]], [[[97.985688, 10.163072], [97.986095, 10.144965], [97.980805, 10.136013], [97.977306, 10.140367], [97.972504, 10.144436], [97.967947, 10.139268], [97.966889, 10.133734], [97.960378, 10.126003], [97.958507, 10.134101], [97.961599, 10.148179], [97.967133, 10.153428], [97.974539, 10.161078], [97.977061, 10.175198], [97.985362, 10.171454], [97.985688, 10.163072]]], [[[98.02947, 10.568101], [98.031342, 10.563992], [98.025727, 10.560818], [98.01946, 10.562364], [98.016368, 10.558173], [98.003347, 10.552069], [97.999604, 10.537665], [97.990896, 10.537706], [97.988048, 10.539781], [97.968435, 10.548977], [97.963552, 10.552069], [97.958914, 10.553005], [97.943696, 10.557685], [97.941417, 10.560289], [97.947846, 10.564276], [97.953624, 10.564073], [97.95753, 10.56094], [97.963145, 10.567369], [97.965668, 10.571194], [97.975271, 10.57449], [97.981619, 10.573554], [97.990001, 10.568101], [98.001882, 10.565009], [98.009858, 10.570095], [98.00644, 10.578233], [98.015147, 10.590115], [98.026541, 10.590888], [98.024425, 10.580715], [98.025076, 10.570705], [98.02947, 10.568101]]], [[[98.323253, 11.02615], [98.325369, 11.017361], [98.318858, 11.007392], [98.309255, 11.006171], [98.299978, 11.01614], [98.296886, 11.021064], [98.300629, 11.025539], [98.308686, 11.03856], [98.318533, 11.03856], [98.319184, 11.029649], [98.323253, 11.02615]]], [[[98.555349, 11.283922], [98.555512, 11.280829], [98.554698, 11.272935], [98.553559, 11.268378], [98.549001, 11.262152], [98.538422, 11.292792], [98.526622, 11.314439], [98.528819, 11.324978], [98.53533, 11.317532], [98.543386, 11.311672], [98.550385, 11.30329], [98.550466, 11.292629], [98.555349, 11.283922]]], [[[98.146821, 11.407742], [98.149099, 11.386339], [98.148448, 11.374294], [98.14503, 11.378323], [98.138764, 11.379259], [98.134125, 11.379869], [98.130382, 11.376166], [98.12086, 11.401068], [98.11671, 11.398586], [98.112966, 11.401068], [98.103689, 11.407091], [98.100841, 11.41177], [98.105317, 11.412543], [98.1067, 11.416612], [98.110118, 11.419704], [98.119395, 11.419827], [98.125092, 11.413113], [98.131928, 11.415066], [98.138438, 11.4147], [98.137706, 11.418565], [98.136241, 11.423245], [98.140473, 11.42239], [98.144135, 11.424099], [98.148448, 11.422187], [98.148855, 11.41706], [98.146821, 11.407742]]], [[[92.56308, 11.58926], [92.574555, 11.586005], [92.576834, 11.58218], [92.571869, 11.571072], [92.559581, 11.55801], [92.550059, 11.556179], [92.54127, 11.551785], [92.538666, 11.552273], [92.541759, 11.581041], [92.540212, 11.59219], [92.542572, 11.601549], [92.548595, 11.60163], [92.552094, 11.598293], [92.554698, 11.594346], [92.56308, 11.58926]]], [[[97.530772, 11.78974], [97.526866, 11.78266], [97.510671, 11.780748], [97.494477, 11.785386], [97.486257, 11.804023], [97.483409, 11.805406], [97.480479, 11.805976], [97.479503, 11.808621], [97.479666, 11.811835], [97.487234, 11.815009], [97.495046, 11.812161], [97.496918, 11.808987], [97.514578, 11.808376], [97.517263, 11.810248], [97.52475, 11.809719], [97.531016, 11.802476], [97.530772, 11.794949], [97.530772, 11.78974]]], [[[97.740652, 12.139838], [97.745697, 12.134548], [97.744884, 12.130194], [97.735525, 12.121731], [97.731293, 12.114447], [97.730724, 12.105577], [97.729991, 12.103664], [97.725027, 12.106147], [97.728119, 12.118028], [97.722748, 12.124701], [97.715994, 12.132961], [97.714285, 12.138292], [97.72755, 12.146348], [97.739757, 12.145413], [97.743826, 12.146796], [97.743744, 12.14289], [97.740652, 12.139838]]], [[[93.055186, 12.076036], [93.057302, 12.065375], [93.053396, 12.046942], [93.043061, 12.054185], [93.015636, 12.082506], [93.010753, 12.127305], [93.013601, 12.144884], [93.024018, 12.156114], [93.032237, 12.161811], [93.035004, 12.16116], [93.034679, 12.155178], [93.031342, 12.145901], [93.027761, 12.143459], [93.025483, 12.141099], [93.033132, 12.132188], [93.038422, 12.118883], [93.039806, 12.104153], [93.055186, 12.076036]]], [[[98.405365, 12.170071], [98.405772, 12.161892], [98.405772, 12.157213], [98.398367, 12.137356], [98.388357, 12.138577], [98.38087, 12.144273], [98.38087, 12.160468], [98.386078, 12.168769], [98.390229, 12.174709], [98.395518, 12.178209], [98.401134, 12.17418], [98.405365, 12.170071]]], [[[98.479015, 12.390204], [98.492361, 12.372382], [98.490245, 12.354153], [98.479096, 12.343329], [98.465831, 12.335354], [98.453054, 12.331773], [98.443044, 12.334662], [98.437511, 12.340725], [98.438324, 12.35106], [98.463064, 12.388821], [98.479015, 12.390204]]], [[[98.362153, 12.704698], [98.352061, 12.707994], [98.346365, 12.713162], [98.341401, 12.72484], [98.337169, 12.746609], [98.336111, 12.756578], [98.331879, 12.768175], [98.339203, 12.768581], [98.342947, 12.757107], [98.352224, 12.741116], [98.362153, 12.704698]]], [[[93.013682, 12.985663], [93.001394, 12.974677], [92.996593, 12.96894], [92.992279, 12.955797], [92.995209, 12.948269], [92.990733, 12.935858], [92.987153, 12.924709], [92.985362, 12.929104], [92.980724, 12.932807], [92.979991, 12.935167], [92.980317, 12.936469], [92.970551, 12.937608], [92.965017, 12.935085], [92.965424, 12.940172], [92.974132, 12.944525], [92.979015, 12.945624], [92.978933, 12.948635], [92.97641, 12.950466], [92.97226, 12.950181], [92.965343, 12.963935], [92.97226, 12.960598], [92.971039, 12.968614], [92.965424, 12.971422], [92.962738, 12.97663], [92.973074, 12.986274], [92.979991, 12.980333], [92.979991, 12.974799], [92.984955, 12.967068], [92.990408, 12.97248], [92.994151, 12.980089], [92.995128, 12.989407], [93.001394, 12.988756], [93.009939, 12.990017], [93.013682, 12.985663]]], [[[92.719737, 13.097032], [92.733002, 13.091539], [92.72698, 13.079739], [92.723643, 13.068508], [92.71811, 13.061062], [92.709727, 13.072374], [92.699229, 13.082668], [92.69752, 13.095689], [92.708181, 13.104071], [92.717296, 13.099392], [92.719737, 13.097032]]], [[[98.526541, 13.191636], [98.517589, 13.173733], [98.507498, 13.167873], [98.49936, 13.167873], [98.492117, 13.178331], [98.490652, 13.19477], [98.484467, 13.215115], [98.490652, 13.226304], [98.503429, 13.233669], [98.51588, 13.230699], [98.524587, 13.221951], [98.528656, 13.205715], [98.526541, 13.191636]]], [[[93.231456, 13.984849], [93.230479, 13.994289], [93.232351, 14.001573], [93.23642, 14.012112], [93.242931, 14.004381], [93.243744, 13.985297], [93.245697, 13.975735], [93.238292, 13.969224], [93.233897, 13.971462], [93.230724, 13.979153], [93.231456, 13.984849]]], [[[97.815603, 14.189276], [97.821788, 14.189765], [97.82073, 14.179674], [97.813406, 14.161119], [97.811127, 14.154893], [97.805349, 14.150092], [97.795502, 14.143012], [97.789073, 14.134955], [97.78476, 14.138821], [97.779633, 14.147406], [97.779145, 14.155341], [97.785411, 14.158149], [97.787771, 14.164984], [97.792491, 14.181993], [97.797699, 14.182766], [97.801443, 14.186021], [97.806814, 14.183661], [97.809906, 14.185452], [97.815603, 14.189276]]], [[[97.780447, 14.398953], [97.778575, 14.390286], [97.772878, 14.39289], [97.767263, 14.401353], [97.768321, 14.408677], [97.773692, 14.415513], [97.783865, 14.416449], [97.785981, 14.414578], [97.782237, 14.406765], [97.780447, 14.398953]]], [[[95.052501, 15.750678], [95.065847, 15.736355], [95.059011, 15.719509], [95.042084, 15.712673], [95.026296, 15.714342], [95.022146, 15.727729], [95.02475, 15.729478], [95.03183, 15.736111], [95.040212, 15.742621], [95.044281, 15.745103], [95.052501, 15.750678]]]]}}]}